order_id,order_date,customer_id,product,quantity,unit_price
ORD-000001,2024-01-01,C00224,Webcam,2,76.00
ORD-000001,2024-01-01,C00224,Keyboard,3,80.00
ORD-000002,2024-01-01,C00829,Keyboard,1,80.00
ORD-000003,2024-01-01,C00703,Webcam,5,90.25
ORD-000003,2024-01-01,C00703,Headphones,4,150.00
ORD-000004,2024-01-01,C01160,Mouse,2,25.00
ORD-000005,2024-01-01,C00829,External SSD,1,140.00
ORD-000006,2024-01-01,C01261,External SSD,1,140.00
ORD-000006,2024-01-01,C01261,Keyboard,4,80.00
ORD-000006,2024-01-01,C01261,Monitor,1,300.00
ORD-000007,2024-01-01,C00474,USB-C Hub,1,42.75
ORD-000008,2024-01-01,C01225,Mouse,1,20.00
ORD-000009,2024-01-01,C00196,Webcam,1,95.00
ORD-000009,2024-01-01,C00196,Monitor,1,300.00
ORD-000010,2024-01-01,C01160,Ultrawide Monitor,1,620.00
ORD-000010,2024-01-01,C01160,Mouse,2,25.00
ORD-000011,2024-01-01,C00605,Bluetooth Speaker,1,104.50
ORD-000012,2024-01-01,C00395,Mouse,1,25.00
ORD-000012,2024-01-01,C00395,Bluetooth Speaker,1,110.00
ORD-000012,2024-01-01,C00395,USB-C Hub,2,42.75
ORD-000013,2024-01-01,C01342,Microphone,1,130.00
ORD-000013,2024-01-01,C01342,Tablet,1,480.00
ORD-000013,2024-01-01,C01342,Webcam,1,95.00
ORD-000014,2024-01-01,C01194,USB-C Hub,1,45.00
ORD-000015,2024-01-01,C00405,Mouse,1,25.00
ORD-000016,2024-01-01,C01487,Webcam,2,95.00
ORD-000016,2024-01-01,C01487,Mouse,2,25.00
ORD-000017,2024-01-01,C01289,Bluetooth Speaker,2,110.00
ORD-000018,2024-01-01,C00721,Laptop,4,1200.00
ORD-000018,2024-01-01,C00721,Keyboard,1,80.00
ORD-000019,2024-01-01,C00699,Hard Drive,3,68.00
ORD-000020,2024-01-01,C01207,Mouse,2,25.00
ORD-000021,2024-01-01,C00384,Keyboard,3,80.00
ORD-000021,2024-01-01,C00384,Mouse,1,23.75
ORD-000022,2024-01-02,C01160,Webcam,1,95.00
ORD-000022,2024-01-02,C01160,External SSD,1,140.00
ORD-000023,2024-01-02,C00800,USB-C Hub,2,45.00
ORD-000024,2024-01-02,C00112,Mouse,3,23.75
ORD-000025,2024-01-02,C00554,Headphones,1,150.00
ORD-000025,2024-01-02,C00554,Mesh Wi-Fi Kit,1,320.00
ORD-000026,2024-01-02,C00096,Webcam,2,95.00
ORD-000027,2024-01-02,C00348,Mouse,3,25.00
ORD-000027,2024-01-02,C00348,Mesh Wi-Fi Kit,3,288.00
ORD-000028,2024-01-02,C01160,Microphone,1,130.00
ORD-000029,2024-01-02,C01485,Webcam,1,85.50
ORD-000030,2024-01-02,C00322,Microphone,1,117.00
ORD-000031,2024-01-02,C00870,Bluetooth Speaker,4,110.00
ORD-000032,2024-01-02,C00607,Headphones,1,150.00
ORD-000033,2024-01-02,C00137,Router,1,175.00
ORD-000034,2024-01-02,C01136,Keyboard,1,80.00
ORD-000035,2024-01-02,C00600,Keyboard,1,80.00
ORD-000035,2024-01-02,C00600,Desktop PC,4,950.00
ORD-000036,2024-01-02,C00089,Headphones,2,150.00
ORD-000037,2024-01-02,C00015,Mouse,2,25.00
ORD-000037,2024-01-02,C00015,External SSD,2,140.00
ORD-000038,2024-01-02,C00348,Microphone,1,130.00
ORD-000038,2024-01-02,C00348,USB-C Hub,2,45.00
ORD-000039,2024-01-02,C00703,Microphone,2,130.00
ORD-000039,2024-01-02,C00703,Bluetooth Speaker,1,110.00
ORD-000040,2024-01-02,C01211,USB-C Hub,2,45.00
ORD-000040,2024-01-02,C01211,Router,1,175.00
ORD-000040,2024-01-02,C01211,Mesh Wi-Fi Kit,1,320.00
ORD-000041,2024-01-02,C01160,External SSD,2,140.00
ORD-000042,2024-01-02,C00499,Keyboard,1,80.00
ORD-000043,2024-01-02,C00249,Headphones,1,150.00
ORD-000044,2024-01-02,C01249,Router,1,175.00
ORD-000045,2024-01-02,C01342,Bluetooth Speaker,1,110.00
ORD-000045,2024-01-02,C01342,USB-C Hub,1,42.75
ORD-000046,2024-01-03,C00348,Ultrawide Monitor,1,620.00
ORD-000047,2024-01-03,C01292,Mouse,1,25.00
ORD-000048,2024-01-03,C00860,Router,3,140.00
ORD-000049,2024-01-03,C01160,Headphones,2,150.00
ORD-000050,2024-01-03,C00348,Desktop PC,2,950.00
ORD-000051,2024-01-03,C00006,Mouse,1,23.75
ORD-000052,2024-01-03,C00101,Headphones,4,150.00
ORD-000052,2024-01-03,C00101,Hard Drive,1,85.00
ORD-000053,2024-01-03,C01449,External SSD,1,140.00
ORD-000054,2024-01-03,C00322,External SSD,1,140.00
ORD-000055,2024-01-03,C00600,Webcam,1,76.00
ORD-000056,2024-01-03,C00703,Mouse,2,25.00
ORD-000057,2024-01-03,C00863,Webcam,3,85.50
ORD-000057,2024-01-03,C00863,Headphones,1,135.00
ORD-000058,2024-01-03,C01462,External SSD,1,112.00
ORD-000058,2024-01-03,C01462,Bluetooth Speaker,2,104.50
ORD-000059,2024-01-03,C01104,Keyboard,2,80.00
ORD-000059,2024-01-03,C01104,Mouse,3,23.75
ORD-000060,2024-01-03,C01160,Ultrawide Monitor,3,620.00
ORD-000061,2024-01-03,C00885,Mesh Wi-Fi Kit,1,304.00
ORD-000061,2024-01-03,C00885,Mouse,-1,25.00
ORD-000062,2024-01-03,C00424,Bluetooth Speaker,1,110.00
ORD-000063,2024-01-03,C00808,Hard Drive,1,85.00
ORD-000064,2024-01-03,C01485,Bluetooth Speaker,2,110.00
ORD-000064,2024-01-03,C01485,Microphone,1,130.00
ORD-000065,2024-01-03,C00348,Mouse,1,23.75
ORD-000065,2024-01-03,C00348,Monitor,1,300.00
ORD-000066,2024-01-03,C01160,Router,1,175.00
ORD-000067,2024-01-03,C00419,USB-C Hub,3,45.00
ORD-000068,2024-01-03,C00792,Webcam,1,95.00
ORD-000069,2024-01-03,C00532,Keyboard,2,72.00
ORD-000070,2024-01-03,C01359,Hard Drive,1,85.00
ORD-000071,2024-01-04,C01160,Webcam,2,90.25
ORD-000072,2024-01-04,C00792,Tablet,1,384.00
ORD-000073,2024-01-04,C00445,Router,1,166.25
ORD-000074,2024-01-04,C01419,Hard Drive,1,85.00
ORD-000075,2024-01-04,C00110,Router,1,175.00
ORD-000075,2024-01-04,C00110,Headphones,1,150.00
ORD-000075,2024-01-04,C00110,Keyboard,2,80.00
ORD-000076,not-a-date,C01329,Mouse,1,25.00
ORD-000077,2024-01-04,C00876,Keyboard,1,72.00
ORD-000077,2024-01-04,C00876,Mouse,2,25.00
ORD-000078,2024-01-04,C00829,External SSD,1,126.00
ORD-000079,2024-01-04,C00236,Headphones,2,150.00
ORD-000079,2024-01-04,C00236,Webcam,1,95.00
ORD-000080,2024-01-04,C00171,Router,1,175.00
ORD-000081,2024-01-04,C01339,USB-C Hub,2,45.00
ORD-000082,2024-01-04,C01021,Mouse,5,25.00
ORD-000082,2024-01-04,C01021,Webcam,2,95.00
ORD-000083,2024-01-04,C01035,Mouse,1,25.00
ORD-000084,2024-01-04,C01487,Mesh Wi-Fi Kit,1,320.00
ORD-000085,2024-01-04,C01324,Mouse,2,22.50
ORD-000085,2024-01-04,C01324,Bluetooth Speaker,1,110.00
ORD-000086,2024-01-04,C00137,USB-C Hub,1,45.00
ORD-000086,2024-01-04,C00137,Mouse,1,25.00
ORD-000087,2024-01-05,C00687,Hard Drive,1,85.00
ORD-000088,2024-01-05,C00703,Headphones,2,150.00
ORD-000089,2024-01-05,,Mouse,1,25.00
ORD-000090,2024-01-05,C00703,Keyboard,1,80.00
ORD-000090,2024-01-05,C00703,Bluetooth Speaker,1,104.50
ORD-000091,2024-01-05,C00600,Microphone,4,130.00
ORD-000092,2024-01-05,C01492,Mouse,3,25.00
ORD-000092,2024-01-05,C01492,Bluetooth Speaker,1,110.00
ORD-000093,2024-01-05,C00585,Hard Drive,2,85.00
ORD-000093,2024-01-05,C00585,USB-C Hub,2,42.75
ORD-000094,2024-01-05,C00676,Hard Drive,1,85.00
ORD-000094,2024-01-05,C00676,Keyboard,2,80.00
ORD-000095,2024-01-05,C00379,Desktop PC,3,855.00
ORD-000096,2024-01-05,C00808,Monitor,1,285.00
ORD-000096,2024-01-05,C00808,  Hard Drive ,1,68.00
ORD-000097,2024-01-05,C00881,Microphone,1,130.00
ORD-000098,2024-01-05,C00703,Mouse,1,23.75
ORD-000098,2024-01-05,C00703,Headphones,4,150.00
ORD-000098,2024-01-05,C00703,USB-C Hub,1,45.00
ORD-000099,2024-01-05,C01289,Webcam,3,95.00
ORD-000100,2024-01-05,C01371,Headphones,1,150.00
ORD-000100,2024-01-05,C01371,Webcam,1,95.00
ORD-000101,2024-01-05,C00912,Monitor,1,300.00
ORD-000102,2024-01-05,C00296,Mouse,2,25.00
ORD-000103,2024-01-05,C01225,Bluetooth Speaker,2,110.00
ORD-000103,2024-01-05,C01225,Router,1,175.00
ORD-000104,2024-01-05,C00591,External SSD,2,140.00
ORD-000105,2024-01-05,C01258,Tablet,1,480.00
ORD-000106,2024-01-05,C01462,Microphone,2,123.50
ORD-000106,2024-01-05,C01462,USB-C Hub,1,45.00
ORD-000107,2024-01-05,C00034,Hard Drive,1,85.00
ORD-000108,2024-01-05,C01365,Tablet,4,432.00
ORD-000109,2024-01-05,C00976,Mesh Wi-Fi Kit,2,304.00
ORD-000110,2024-01-05,C00419,External SSD,1,126.00
ORD-000111,2024-01-05,C00808,USB-C Hub,1,45.00
ORD-000111,2024-01-05,C00808,Webcam,1,90.25
ORD-000112,2024-01-05,C00105,Microphone,1,123.50
ORD-000112,2024-01-05,C00105,Laptop,1,1200.00
ORD-000112,2024-01-05,C00105,Mouse,2,25.00
ORD-000113,2024-01-06,C00200,Keyboard,1,80.00
ORD-000114,2024-01-06,C01274,Mouse,2,25.00
ORD-000115,2024-01-06,C00703,Bluetooth Speaker,4,88.00
ORD-000115,2024-01-06,C00703,USB-C Hub,2,45.00
ORD-000115,2024-01-06,C00703,Desktop PC,1,950.00
ORD-000116,2024-01-06,C01160,Mouse,2,25.00
ORD-000116,2024-01-06,C01160,Bluetooth Speaker,2,110.00
ORD-000116,2024-01-06,C01160,Microphone,1,104.00
ORD-000117,2024-01-06,C00383,Keyboard,3,80.00
ORD-000118,2024-01-06,C00703,Mouse,1,25.00
ORD-000118,2024-01-06,C00703,Hard Drive,1,76.50
ORD-000119,2024-01-06,C00364,Bluetooth Speaker,3,110.00
ORD-000120,2024-01-06,C00829,Hard Drive,1,85.00
ORD-000121,2024-01-06,C00203,Webcam,1,95.00
ORD-000122,2024-01-06,C00295,USB-C Hub,2,45.00
ORD-000123,2024-01-06,C00991,Monitor,1,300.00
ORD-000124,2024-01-06,C00786,Headphones,1,135.00
ORD-000124,2024-01-06,C00786,Webcam,3,85.50
ORD-000125,2024-01-06,C00703,Keyboard,1,72.00
ORD-000126,2024-01-06,C01285,USB-C Hub,1,45.00
ORD-000127,2024-01-06,C00703,Mouse,1,25.00
ORD-000127,2024-01-06,C00703,Router,2,175.00
ORD-000127,2024-01-06,C00703,Mesh Wi-Fi Kit,3,256.00
ORD-000128,2024-01-06,C01364,USB-C Hub,3,45.00
ORD-000129,2024-01-06,C00369,Laptop,1,1200.00
ORD-000130,2024-01-06,C00144,External SSD,1,133.00
ORD-000130,2024-01-06,C00144,Mouse,1,23.75
ORD-000131,2024-01-06,C00829,Keyboard,2,80.00
ORD-000132,2024-01-06,C01134,USB-C Hub,1,42.75
ORD-000133,2024-01-06,C00137,Keyboard,1,80.00
ORD-000134,2024-01-07,C00829,External SSD,-1,140.00
ORD-000134,2024-01-07,C00829,Bluetooth Speaker,1,104.50
ORD-000135,2024-01-07,C00391,Headphones,4,142.50
ORD-000135,2024-01-07,C00391,Bluetooth Speaker,2,99.00
ORD-000136,2024-01-07,C01436,Laptop,1,1200.00
ORD-000136,2024-01-07,C01436,Bluetooth Speaker,1,110.00
ORD-000136,2024-01-07,C01436,Keyboard,1,80.00
ORD-000137,2024-01-07,C00907,Mesh Wi-Fi Kit,3,320.00
ORD-000137,2024-01-07,C00907,Webcam,5,95.00
ORD-000138,2024-01-07,C01058,Monitor,1,300.00
ORD-000139,2024-01-07,C00703,Bluetooth Speaker,1,110.00
ORD-000139,2024-01-07,C00703,Webcam,2,95.00
ORD-000140,2024-01-07,C00834,Webcam,2,90.25
ORD-000140,2024-01-07,C00834,Mouse,1,23.75
ORD-000141,2024-01-07,C01285,Webcam,1,90.25
ORD-000142,2024-01-07,C01160,Ultrawide Monitor,3,620.00
ORD-000143,2024-01-07,,Monitor,1,300.00
ORD-000144,2024-01-07,C01106,Keyboard,1,80.00
ORD-000145,2024-01-07,C00989,Headphones,3,150.00
ORD-000145,2024-01-07,C00989,Mesh Wi-Fi Kit,1,320.00
ORD-000146,2024-01-07,C01160,Bluetooth Speaker,1,110.00
ORD-000147,2024-01-07,C01289,Laptop,1,1200.00
ORD-000148,2024-01-07,C01162,Router,1,175.00
ORD-000148,2024-01-07,C01162,Webcam,2,95.00
ORD-000149,2024-01-07,C00152,Hard Drive,1,85.00
ORD-000150,2024-01-07,C01032,Hard Drive,1,85.00
ORD-000151,2024-01-07,C00388,Microphone,2,130.00
ORD-000152,2024-01-07,C00780,Monitor,1,300.00
ORD-000153,2024-01-07,C00829,Mouse,1,23.75
ORD-000153,2024-01-07,C00829,Bluetooth Speaker,1,110.00
ORD-000153,2024-01-07,C00829,Keyboard,1,80.00
ORD-000154,2024-01-07,C00656,Mouse,1,20.00
ORD-000155,2024-01-07,C00829,Bluetooth Speaker,1,110.00
ORD-000155,2024-01-07,C00829,Mouse,1,25.00
ORD-000156,2024-01-07,C01149,Keyboard,1,80.00
ORD-000156,2024-01-07,C01149,Monitor,2,300.00
ORD-000157,2024-01-07,C00766,Webcam,1,95.00
ORD-000157,2024-01-07,C00766,Monitor,1,300.00
ORD-000157,2024-01-07,C00766,Mouse,4,23.75
ORD-000158,2024-01-07,C00609,Webcam,5,95.00
ORD-000159,2024-01-08,C00703,Router,2,175.00
ORD-000159,2024-01-08,C00703,Bluetooth Speaker,1,110.00
ORD-000160,2024-01-08,C01454,USB-C Hub,1,45.00
ORD-000161,2024-01-08,C00832,Bluetooth Speaker,1,110.00
ORD-000161,2024-01-08,C00832,Mouse,2,25.00
ORD-000162,2024-01-08,C00881,External SSD,2,140.00
ORD-000162,2024-01-08,C00881,Mouse,1,20.00
ORD-000163,not-a-date,C00903,Microphone,4,117.00
ORD-000164,2024-01-08,C00331,Microphone,4,130.00
ORD-000165,2024-01-08,C00564,Bluetooth Speaker,2,110.00
ORD-000165,2024-01-08,C00564,Keyboard,2,80.00
ORD-000166,2024-01-08,C00829,Mouse,2,20.00
ORD-000167,2024-01-08,C01160,Headphones,1,150.00
ORD-000167,2024-01-08,C01160,Router,1,175.00
ORD-000168,2024-01-08,C01110,Microphone,1,104.00
ORD-000169,2024-01-08,C00189,Laptop,1,1200.00
ORD-000169,2024-01-08,C00189,External SSD,1,140.00
ORD-000170,2024-01-08,C00577,Webcam,1,85.50
ORD-000171,2024-01-08,C00577,Webcam,2,95.00
ORD-000172,2024-01-08,C00201,Mouse,2,25.00
ORD-000172,2024-01-08,C00201,USB-C Hub,1,40.50
ORD-000173,2024-01-08,C01414,USB-C Hub,1,42.75
ORD-000174,2024-01-08,C00703,Microphone,3,130.00
ORD-000175,not-a-date,C00474,Ultrawide Monitor,1,620.00
ORD-000175,2024-01-08,C00474,Headphones,1,150.00
ORD-000175,2024-01-08,C00474,Mouse,5,25.00
ORD-000176,2024-01-08,C00565,Ultrawide Monitor,1,620.00
ORD-000177,2024-01-08,C01124,Ultrawide Monitor,1,620.00
ORD-000178,2024-01-08,C00829,Mouse,2,25.00
ORD-000178,2024-01-08,C00829,USB-C Hub,1,42.75
ORD-000178,2024-01-08,C00829,External SSD,2,140.00
ORD-000179,2024-01-08,C01012,Webcam,1,95.00
ORD-000179,2024-01-08,C01012,Hard Drive,1,85.00
ORD-000180,2024-01-09,C00938,Bluetooth Speaker,1,110.00
ORD-000181,2024-01-09,C00445,Microphone,1,130.00
ORD-000182,2024-01-09,C00516,Desktop PC,1,760.00
ORD-000183,2024-01-09,C00244,Bluetooth Speaker,4,110.00
ORD-000183,2024-01-09,C00244,Webcam,1,95.00
ORD-000184,2024-01-09,C01248,  Mesh Wi-Fi Kit ,1,288.00
ORD-000184,2024-01-09,C01248,Mouse,3,23.75
ORD-000185,2024-01-09,C00348,Headphones,1,142.50
ORD-000186,2024-01-09,C01225,Webcam,4,95.00
ORD-000187,2024-01-09,C00258,Ultrawide Monitor,2,558.00
ORD-000188,2024-01-09,C00419,Webcam,3,95.00
ORD-000189,2024-01-09,C00829,Microphone,1,130.00
ORD-000190,2024-01-09,C00212,Headphones,1,150.00
ORD-000191,2024-01-09,C00462,Desktop PC,1,950.00
ORD-000191,2024-01-09,C00462,USB-C Hub,1,45.00
ORD-000192,2024-01-09,C01160,Microphone,1,130.00
ORD-000193,2024-01-09,C00829,Microphone,2,123.50
ORD-000194,2024-01-09,C00461,Ultrawide Monitor,1,620.00
ORD-000194,2024-01-09,C00461,USB-C Hub,3,45.00
ORD-000195,2024-01-09,C00102,Bluetooth Speaker,2,99.00
ORD-000196,2024-01-10,C00200,Bluetooth Speaker,4,110.00
ORD-000197,2024-01-10,C01357,Mouse,1,25.00
ORD-000197,2024-01-10,C01357,Microphone,1,130.00
ORD-000197,2024-01-10,C01357,Bluetooth Speaker,3,88.00
ORD-000198,2024-01-10,C00514,Keyboard,1,80.00
ORD-000199,2024-01-10,C00882,Hard Drive,1,80.75
ORD-000199,2024-01-10,C00882,Ultrawide Monitor,1,620.00
ORD-000200,2024-01-10,C00102,Mouse,4,25.00
ORD-000201,2024-01-10,C00506,Mesh Wi-Fi Kit,1,320.00
ORD-000202,2024-01-10,C01370,Keyboard,1,80.00
ORD-000203,2024-01-10,C01160,Headphones,5,142.50
ORD-000204,2024-01-10,C00296,Router,1,175.00
ORD-000205,2024-01-10,C00143,Headphones,1,135.00
ORD-000205,2024-01-10,C00143,USB-C Hub,2,45.00
ORD-000206,2024-01-10,C01289,Bluetooth Speaker,1,110.00
ORD-000207,2024-01-10,C01324,Desktop PC,1,902.50
ORD-000208,2024-01-10,C00693,Keyboard,1,80.00
ORD-000208,2024-01-10,C00693,Bluetooth Speaker,1,110.00
ORD-000209,2024-01-10,C01265,Hard Drive,2,85.00
ORD-000209,2024-01-10,C01265,Mouse,1,23.75
ORD-000209,2024-01-10,C01265,Router,2,175.00
ORD-000210,2024-01-10,C00829,Headphones,1,142.50
ORD-000211,2024-01-10,C00419,External SSD,3,140.00
ORD-000211,2024-01-10,C00419,Router,2,166.25
ORD-000212,2024-01-10,C00564,USB-C Hub,1,45.00
ORD-000213,2024-01-10,C01369,Router,3,175.00
ORD-000214,2024-01-10,C00499,USB-C Hub,1,45.00
ORD-000214,2024-01-10,C00499,Router,1,157.50
ORD-000215,2024-01-10,C00881,Tablet,1,480.00
ORD-000216,2024-01-10,C00829,Microphone,1,104.00
ORD-000217,2024-01-11,C00577,External SSD,2,140.00
ORD-000218,2024-01-11,C00703,Hard Drive,1,85.00
ORD-000218,2024-01-11,C00703,USB-C Hub,1,45.00
ORD-000219,2024-01-11,C01214,Ultrawide Monitor,1,620.00
ORD-000220,2024-01-11,C01345,Mouse,5,25.00
ORD-000221,2024-01-11,C01217,Headphones,2,142.50
ORD-000222,2024-01-11,C00752,Headphones,1,150.00
ORD-000222,2024-01-11,C00752,Keyboard,1,80.00
ORD-000223,2024-01-11,C01181,Desktop PC,1,950.00
ORD-000223,2024-01-11,C01181,Tablet,3,480.00
ORD-000224,2024-01-11,C00413,Microphone,1,130.00
ORD-000225,2024-01-11,C00998,Desktop PC,1,950.00
ORD-000225,2024-01-11,C00998,Bluetooth Speaker,1,110.00
ORD-000225,2024-01-11,C00998,Keyboard,1,76.00
ORD-000226,2024-01-11,C01289,Hard Drive,1,85.00
ORD-000227,2024-01-11,C01031,USB-C Hub,1,45.00
ORD-000227,2024-01-11,C01031,Webcam,2,95.00
ORD-000228,2024-01-11,C00694,Headphones,1,120.00
ORD-000229,2024-01-11,C00419,Bluetooth Speaker,1,110.00
ORD-000230,2024-01-11,C00388,Webcam,1,95.00
ORD-000230,not-a-date,C00388,Headphones,1,150.00
ORD-000231,2024-01-11,C00713,Mouse,1,25.00
ORD-000232,2024-01-11,C00236,Laptop,4,1200.00
ORD-000233,2024-01-11,C00870,Mesh Wi-Fi Kit,1,256.00
ORD-000234,2024-01-11,C00212,Mesh Wi-Fi Kit,2,320.00
ORD-000234,2024-01-11,C00212,External SSD,1,112.00
ORD-000235,2024-01-11,C00311,Ultrawide Monitor,1,620.00
ORD-000235,2024-01-11,C00311,Webcam,0,95.00
ORD-000236,2024-01-11,C00696,Mouse,1,22.50
ORD-000237,2024-01-11,C01427,Laptop,3,1140.00
ORD-000238,2024-01-11,C00127,Bluetooth Speaker,1,110.00
ORD-000238,2024-01-11,C00127,Ultrawide Monitor,3,620.00
ORD-000239,2024-01-11,C00752,Microphone,1,130.00
ORD-000239,2024-01-11,C00752,Mesh Wi-Fi Kit,2,320.00
ORD-000240,2024-01-11,C00752,Mouse,3,22.50
ORD-000240,2024-01-11,C00752,Ultrawide Monitor,2,620.00
ORD-000241,2024-01-11,C00752,Webcam,1,95.00
ORD-000241,2024-01-11,C00752,USB-C Hub,1,42.75
ORD-000242,2024-01-11,C00064,Webcam,1,90.25
ORD-000243,2024-01-11,C01124,Mouse,1,25.00
ORD-000243,2024-01-11,C01124,External SSD,1,140.00
ORD-000244,2024-01-11,C00137,Hard Drive,4,85.00
ORD-000245,2024-01-12,C00829,Keyboard,4,80.00
ORD-000245,2024-01-12,C00829,USB-C Hub,1,40.50
ORD-000246,2024-01-12,C00870,USB-C Hub,2,45.00
ORD-000246,2024-01-12,C00870,Ultrawide Monitor,1,620.00
ORD-000247,2024-01-12,C00234,Monitor,2,285.00
ORD-000247,2024-01-12,C00234,Keyboard,1,80.00
ORD-000247,2024-01-12,C00234,Mouse,1,23.75
ORD-000248,2024-01-12,C00064,Keyboard,2,76.00
ORD-000248,2024-01-12,C00064,USB-C Hub,2,45.00
ORD-000248,2024-01-12,C00064,Mouse,3,22.50
ORD-000249,2024-01-12,C00703,Hard Drive,1,85.00
ORD-000250,2024-01-12,C00388,Keyboard,1,80.00
ORD-000250,2024-01-12,C00388,Mouse,1,25.00
ORD-000251,2024-01-12,C00419,Keyboard,1,80.00
ORD-000251,2024-01-12,C00419,Hard Drive,1,85.00
ORD-000251,2024-01-12,C00419,USB-C Hub,4,45.00
ORD-000252,2024-01-12,C00703,Keyboard,1,80.00
ORD-000252,2024-01-12,C00703,Headphones,2,150.00
ORD-000252,2024-01-12,C00703,Mouse,5,25.00
ORD-000253,2024-01-12,C00351,Mouse,3,25.00
ORD-000254,2024-01-12,C01197,Webcam,1,90.25
ORD-000255,2024-01-12,C00829,Webcam,1,95.00
ORD-000256,2024-01-12,C01292,Router,1,166.25
ORD-000257,2024-01-12,C00752,Hard Drive,4,85.00
ORD-000258,2024-01-12,C00829,USB-C Hub,1,45.00
ORD-000258,2024-01-12,C00829,Microphone,1,130.00
ORD-000259,2024-01-12,C00881,Keyboard,1,76.00
ORD-000260,2024-01-12,C00829,Bluetooth Speaker,1,110.00
ORD-000260,2024-01-12,C00829,Microphone,1,130.00
ORD-000261,2024-01-12,C00233,Mouse,1,20.00
ORD-000262,2024-01-12,C00523,Mesh Wi-Fi Kit,2,320.00
ORD-000262,2024-01-12,C00523,Keyboard,1,80.00
ORD-000262,2024-01-12,C00523,Hard Drive,2,85.00
ORD-000263,2024-01-12,C00046,Microphone,3,130.00
ORD-000264,2024-01-12,C00623,Keyboard,1,80.00
ORD-000265,2024-01-12,C00777,Webcam,2,95.00
ORD-000265,2024-01-12,C00777,External SSD,1,126.00
ORD-000266,2024-01-12,C00870,USB-C Hub,1,45.00
ORD-000266,2024-01-12,C00870,Mesh Wi-Fi Kit,5,320.00
ORD-000266,2024-01-12,C00870,Mouse,5,25.00
ORD-000267,2024-01-12,C00910,Mesh Wi-Fi Kit,2,320.00
ORD-000267,2024-01-12,C00910,Headphones,1,150.00
ORD-000267,2024-01-12,C00910,Microphone,1,130.00
ORD-000268,2024-01-12,C00419,Bluetooth Speaker,3,110.00
ORD-000269,2024-01-12,C01436,Headphones,1,135.00
ORD-000269,2024-01-12,C01436,Keyboard,1,80.00
ORD-000270,2024-01-12,C00829,Laptop,1,1200.00
ORD-000270,2024-01-12,C00829,External SSD,1,140.00
ORD-000271,2024-01-12,C01152,Keyboard,2,80.00
ORD-000272,2024-01-12,C01462,Headphones,1,150.00
ORD-000272,2024-01-12,C01462,Router,1,175.00
ORD-000273,2024-01-12,C00703,Mouse,1,25.00
ORD-000274,2024-01-12,C00229,Microphone,1,130.00
ORD-000274,2024-01-12,C00229,Desktop PC,1,950.00
ORD-000275,2024-01-12,C00331,Hard Drive,2,85.00
ORD-000275,2024-01-12,C00331,External SSD,3,133.00
ORD-000276,2024-01-12,C01104,External SSD,1,140.00
ORD-000276,2024-01-12,C01104,USB-C Hub,1,45.00
ORD-000277,2024-01-12,C00346,Mouse,1,20.00
ORD-000278,2024-01-13,C00419,Mouse,2,25.00
ORD-000279,2024-01-13,C00064,Desktop PC,4,950.00
ORD-000280,2024-01-13,C01337,Microphone,3,123.50
ORD-000281,2024-01-13,C00449,Keyboard,2,80.00
ORD-000282,2024-01-13,C00703,Hard Drive,5,85.00
ORD-000283,2024-01-13,C01160,External SSD,4,140.00
ORD-000283,2024-01-13,C01160,Monitor,1,300.00
ORD-000284,2024-01-13,C00846,Keyboard,1,80.00
ORD-000285,2024-01-13,C00966,USB-C Hub,2,45.00
ORD-000286,2024-01-13,C00234,External SSD,2,140.00
ORD-000287,2024-01-13,C00472,Mouse,1,22.50
ORD-000288,2024-01-13,C00419,Webcam,5,90.25
ORD-000289,2024-01-13,C00812,Mouse,1,20.00
ORD-000290,2024-01-13,C00348,Mesh Wi-Fi Kit,3,320.00
ORD-000290,2024-01-13,C00348,Webcam,1,95.00
ORD-000290,2024-01-13,C00348,Mouse,1,25.00
ORD-000291,2024-01-13,C00236,Monitor,1,285.00
ORD-000291,2024-01-13,C00236,Webcam,4,95.00
ORD-000292,2024-01-13,C00248,Tablet,1,480.00
ORD-000292,2024-01-13,C00248,Webcam,1,95.00
ORD-000293,2024-01-13,C00829,External SSD,1,140.00
ORD-000294,2024-01-13,C00114,USB-C Hub,2,45.00
ORD-000295,2024-01-13,C00141,Microphone,1,130.00
ORD-000296,2024-01-13,C00907,Tablet,1,480.00
ORD-000296,2024-01-13,C00907,Ultrawide Monitor,2,620.00
ORD-000297,2024-01-13,C01142,Mouse,3,25.00
ORD-000297,2024-01-13,C01142,Keyboard,1,80.00
ORD-000297,2024-01-13,C01142,Monitor,5,300.00
ORD-000298,2024-01-13,C00364,Hard Drive,1,85.00
ORD-000298,2024-01-13,C00364,Webcam,1,95.00
ORD-000299,2024-01-13,C00184,Hard Drive,1,85.00
ORD-000299,2024-01-13,C00184,Mouse,2,25.00
ORD-000300,2024-01-14,C00266,Mouse,1,25.00
ORD-000300,2024-01-14,C00266,External SSD,1,133.00
ORD-000301,2024-01-14,C00379,Mouse,1,25.00
ORD-000301,2024-01-14,C00379,Monitor,3,300.00
ORD-000302,2024-01-14,C00829,Mouse,2,25.00
ORD-000303,2024-01-14,C00210,Headphones,1,150.00
ORD-000303,2024-01-14,C00210,External SSD,1,126.00
ORD-000304,2024-01-14,C00703,Hard Drive,1,76.50
ORD-000304,2024-01-14,C00703,Mouse,1,20.00
ORD-000305,2024-01-14,C00457,External SSD,1,112.00
ORD-000306,2024-01-14,C00579,Keyboard,1,76.00
ORD-000307,2024-01-14,C01436,Monitor,2,270.00
ORD-000307,2024-01-14,C01436,USB-C Hub,1,45.00
ORD-000307,2024-01-14,C01436,Mesh Wi-Fi Kit,1,304.00
ORD-000308,2024-01-14,C00957,Webcam,3,95.00
ORD-000308,2024-01-14,C00957,Ultrawide Monitor,1,620.00
ORD-000309,2024-01-14,C01423,USB-C Hub,5,45.00
ORD-000309,2024-01-14,C01423,Hard Drive,1,76.50
ORD-000310,2024-01-14,C00642,Bluetooth Speaker,1,110.00
ORD-000311,2024-01-14,C01435,External SSD,1,140.00
ORD-000312,2024-01-14,C00079,Bluetooth Speaker,1,104.50
ORD-000312,2024-01-14,C00079,Ultrawide Monitor,3,620.00
ORD-000313,2024-01-14,C00600,Headphones,1,150.00
ORD-000313,2024-01-14,C00600,Tablet,2,480.00
ORD-000314,2024-01-14,C00027,Webcam,2,95.00
ORD-000314,2024-01-14,C00027,Mouse,3,25.00
ORD-000314,2024-01-14,C00027,Router,1,175.00
ORD-000315,2024-01-14,C01486,Microphone,1,130.00
ORD-000316,2024-01-14,C01160,Tablet,3,480.00
ORD-000316,2024-01-14,C01160,Headphones,1,150.00
ORD-000316,2024-01-14,C01160,Microphone,4,117.00
ORD-000317,2024-01-14,C00196,Keyboard,3,80.00
ORD-000317,2024-01-14,C00196,Laptop,1,1200.00
ORD-000318,2024-01-14,C01118,Ultrawide Monitor,2,620.00
ORD-000319,2024-01-14,C00871,Monitor,1,285.00
ORD-000319,2024-01-14,C00871,USB-C Hub,1,45.00
ORD-000320,2024-01-14,C00591,Router,2,175.00
ORD-000321,2024-01-14,C00236,USB-C Hub,2,45.00
ORD-000321,2024-01-14,C00236,Router,1,175.00
ORD-000322,2024-01-14,C01368,Microphone,1,117.00
ORD-000322,2024-01-14,C01368,Hard Drive,1,85.00
ORD-000323,2024-01-14,C01488,Mouse,1,25.00
ORD-000324,2024-01-14,C00348,Desktop PC,1,902.50
ORD-000325,2024-01-14,C00344,Mouse,1,25.00
ORD-000326,2024-01-14,C00007,Monitor,1,300.00
ORD-000326,2024-01-14,C00007,Keyboard,1,80.00
ORD-000327,2024-01-14,C00419,Hard Drive,1,85.00
ORD-000328,2024-01-14,C00806,External SSD,1,140.00
ORD-000329,2024-01-14,C01395,Keyboard,5,80.00
ORD-000330,2024-01-15,C00680,Keyboard,2,80.00
ORD-000330,2024-01-15,C00680,Bluetooth Speaker,1,110.00
ORD-000331,2024-01-15,C00419,Microphone,1,104.00
ORD-000331,2024-01-15,C00419,Hard Drive,1,85.00
ORD-000332,2024-01-15,C01331,Webcam,3,90.25
ORD-000332,2024-01-15,C01331,External SSD,1,140.00
ORD-000333,2024-01-15,C01401,USB-C Hub,2,45.00
ORD-000333,2024-01-15,C01401,Headphones,3,150.00
ORD-000334,2024-01-15,C01247,Keyboard,2,80.00
ORD-000335,2024-01-15,C00808,Monitor,4,270.00
ORD-000335,2024-01-15,C00808,Mouse,1,25.00
ORD-000336,2024-01-15,C00703,USB-C Hub,1,45.00
ORD-000337,2024-01-15,C00920,Bluetooth Speaker,1,110.00
ORD-000337,2024-01-15,C00920,Mouse,1,20.00
ORD-000338,2024-01-15,C00836,Hard Drive,1,85.00
ORD-000339,2024-01-15,C01211,Headphones,5,150.00
ORD-000340,2024-01-15,C01075,Hard Drive,1,80.75
ORD-000341,2024-01-15,C00419,Bluetooth Speaker,3,110.00
ORD-000342,2024-01-15,C00453,Mouse,1,25.00
ORD-000342,2024-01-15,C00453,Bluetooth Speaker,2,110.00
ORD-000343,2024-01-15,C00565,Monitor,1,300.00
ORD-000343,2024-01-15,C00565,USB-C Hub,1,45.00
ORD-000344,2024-01-15,C00842,Monitor,1,300.00
ORD-000344,2024-01-15,C00842,Microphone,1,104.00
ORD-000344,2024-01-15,C00842,Bluetooth Speaker,1,104.50
ORD-000345,2024-01-15,C01160,Router,2,175.00
ORD-000345,2024-01-15,C01160,Mouse,2,25.00
ORD-000345,2024-01-15,C01160,Hard Drive,1,85.00
ORD-000346,2024-01-15,C00419,Webcam,2,90.25
ORD-000347,2024-01-15,C01160,Mouse,1,25.00
ORD-000347,2024-01-15,C01160,USB-C Hub,2,45.00
ORD-000348,2024-01-16,C00849,Monitor,3,300.00
ORD-000348,2024-01-16,C00849,External SSD,1,140.00
ORD-000349,2024-01-16,C00752,Mouse,1,25.00
ORD-000350,2024-01-16,C01342,USB-C Hub,1,40.50
ORD-000351,2024-01-16,C01186,Webcam,1,95.00
ORD-000352,2024-01-16,C00851,Ultrawide Monitor,1,620.00
ORD-000352,2024-01-16,C00851,Router,3,157.50
ORD-000353,2024-01-16,C00808,Keyboard,2,80.00
ORD-000354,2024-01-16,C00577,Keyboard,1,80.00
ORD-000354,2024-01-16,C00577,USB-C Hub,5,45.00
ORD-000355,2024-01-16,C01316,Keyboard,3,72.00
ORD-000355,2024-01-16,C01316,Router,1,175.00
ORD-000356,2024-01-16,C01136,Mouse,1,25.00
ORD-000357,2024-01-16,C00591,Bluetooth Speaker,4,110.00
ORD-000357,2024-01-16,C00591,USB-C Hub,1,45.00
ORD-000358,2024-01-16,C00703,Bluetooth Speaker,3,110.00
ORD-000359,2024-01-16,C00200,Bluetooth Speaker,4,110.00
ORD-000359,2024-01-16,C00200,Tablet,1,456.00
ORD-000359,2024-01-16,C00200,USB-C Hub,5,45.00
ORD-000360,2024-01-16,C00952,Webcam,2,95.00
ORD-000361,2024-01-16,C00829,USB-C Hub,2,45.00
ORD-000361,2024-01-16,C00829,Headphones,3,150.00
ORD-000362,2024-01-16,C00584,Hard Drive,2,85.00
ORD-000362,2024-01-16,C00584,External SSD,1,140.00
ORD-000363,2024-01-16,C01160,Desktop PC,4,950.00
ORD-000363,2024-01-16,C01160,Router,4,166.25
ORD-000364,2024-01-16,C01191,Bluetooth Speaker,1,104.50
ORD-000364,2024-01-16,C01191,Keyboard,1,72.00
ORD-000364,2024-01-16,C01191,Webcam,1,85.50
ORD-000365,2024-01-16,C01206,Webcam,3,90.25
ORD-000365,2024-01-16,C01206,Microphone,1,130.00
ORD-000365,2024-01-16,C01206,Keyboard,1,80.00
ORD-000366,2024-01-16,C01160,Router,4,140.00
ORD-000367,2024-01-16,C00829,External SSD,5,133.00
ORD-000368,2024-01-16,C00656,Mesh Wi-Fi Kit,1,304.00
ORD-000369,2024-01-16,C01082,USB-C Hub,1,45.00
ORD-000370,2024-01-16,C00421,Webcam,1,95.00
ORD-000371,2024-01-16,C00829,Bluetooth Speaker,3,110.00
ORD-000371,2024-01-16,C00829,Mouse,5,22.50
ORD-000372,2024-01-16,C01426,Hard Drive,4,80.75
ORD-000372,2024-01-16,C01426,Webcam,1,90.25
ORD-000373,2024-01-16,C00657,Mouse,2,23.75
ORD-000374,2024-01-17,C00432,Mouse,1,25.00
ORD-000374,2024-01-17,C00432,USB-C Hub,2,42.75
ORD-000375,2024-01-17,C01134,Bluetooth Speaker,1,110.00
ORD-000376,2024-01-17,C00829,Router,1,166.25
ORD-000376,2024-01-17,C00829,Mouse,3,25.00
ORD-000377,2024-01-17,C01077,External SSD,4,112.00
ORD-000377,2024-01-17,C01077,Mouse,1,25.00
ORD-000378,2024-01-17,C00542,Router,1,175.00
ORD-000378,2024-01-17,C00542,Hard Drive,1,85.00
ORD-000379,2024-01-17,C00241,Keyboard,2,80.00
ORD-000380,2024-01-17,C00671,Headphones,2,120.00
ORD-000381,2024-01-17,C00892,Microphone,1,130.00
ORD-000381,2024-01-17,C00892,Bluetooth Speaker,1,110.00
ORD-000382,2024-01-17,C00463,Webcam,1,95.00
ORD-000383,2024-01-17,C00213,Mouse,1,23.75
ORD-000384,2024-01-17,C00015,USB-C Hub,1,45.00
ORD-000385,2024-01-17,C00829,Bluetooth Speaker,1,104.50
ORD-000385,2024-01-17,C00829,Desktop PC,1,855.00
ORD-000385,2024-01-17,C00829,Webcam,1,95.00
ORD-000386,2024-01-17,C01335,Hard Drive,1,85.00
ORD-000386,2024-01-17,C01335,Mouse,5,25.00
ORD-000386,2024-01-17,C01335,External SSD,1,140.00
ORD-000387,2024-01-17,C00417,Tablet,1,432.00
ORD-000388,2024-01-17,C00978,USB-C Hub,1,45.00
ORD-000389,2024-01-17,C00829,Router,4,175.00
ORD-000389,2024-01-17,C00829,Mouse,3,25.00
ORD-000390,2024-01-17,C01419,Headphones,1,150.00
ORD-000390,2024-01-17,C01419,Microphone,-1,104.00
ORD-000391,2024-13-45,C01160,Keyboard,2,80.00
ORD-000392,2024-01-17,C00829,Mouse,3,25.00
ORD-000392,2024-01-17,C00829,Router,1,175.00
ORD-000393,2024-01-17,C01339,Webcam,2,90.25
ORD-000394,2024-01-17,C01225,Router,3,175.00
ORD-000394,2024-01-17,C01225,USB-C Hub,1,42.75
ORD-000395,2024-01-18,C00636,Microphone,2,130.00
ORD-000396,2024-01-18,C01206,Headphones,1,150.00
ORD-000397,2024-01-18,C00752,External SSD,1,140.00
ORD-000398,2024-01-18,C00752,Headphones,1,135.00
ORD-000398,2024-01-18,C00752,Mouse,1,25.00
ORD-000399,2024-01-18,C01114,Tablet,3,456.00
ORD-000399,2024-01-18,C01114,External SSD,2,126.00
ORD-000400,2024-01-18,C00368,Router,1,175.00
ORD-000401,2024-01-18,C01343,Microphone,2,130.00
ORD-000401,2024-01-18,C01343,Hard Drive,1,68.00
ORD-000402,2024-01-18,C00419,USB-C Hub,1,45.00
ORD-000402,2024-01-18,C00419,Monitor,3,300.00
ORD-000403,2024-01-18,C00935,Laptop,3,1200.00
ORD-000403,2024-01-18,C00935,Webcam,1,76.00
ORD-000404,2024-01-18,C01441,Mouse,1,23.75
ORD-000405,2024-01-18,C01358,External SSD,1,140.00
ORD-000406,2024-01-18,C00703,Headphones,1,150.00
ORD-000406,2024-01-18,C00703,Bluetooth Speaker,1,104.50
ORD-000406,2024-01-18,C00703,Laptop,2,1200.00
ORD-000407,2024-01-18,C00829,Laptop,2,1200.00
ORD-000408,2024-01-18,C00419,Laptop,1,960.00
ORD-000408,2024-01-18,C00419,Router,1,175.00
ORD-000409,2024-01-18,C01208,Headphones,1,150.00
ORD-000410,2024-01-18,C00997,Hard Drive,4,85.00
ORD-000410,2024-01-18,C00997,Headphones,3,142.50
ORD-000411,2024-01-18,C01488,Microphone,1,130.00
ORD-000412,2024-01-18,C00881,Webcam,2,95.00
ORD-000413,2024-01-18,C01012,Keyboard,1,80.00
ORD-000414,2024-01-18,C00599,Hard Drive,1,85.00
ORD-000415,2024-01-18,C01285,Hard Drive,1,85.00
ORD-000416,2024-01-18,C00184,Router,2,175.00
ORD-000417,2024-01-18,C00488,USB-C Hub,1,45.00
ORD-000417,2024-01-18,C00488,Mouse,1,25.00
ORD-000417,2024-01-18,C00488,Mesh Wi-Fi Kit,1,304.00
ORD-000418,2024-01-18,C01416,Headphones,2,142.50
ORD-000419,2024-01-19,C00820,Bluetooth Speaker,1,99.00
ORD-000420,2024-01-19,C00703,Mouse,1,20.00
ORD-000420,2024-01-19,C00703,Keyboard,2,80.00
ORD-000421,2024-01-19,,Tablet,1,480.00
ORD-000422,2024-01-19,C01183,Webcam,1,95.00
ORD-000423,2024-01-19,C00703,  Mouse ,1,25.00
ORD-000424,2024-01-19,C01289,Hard Drive,1,85.00
ORD-000424,2024-01-19,C01289,Laptop,2,1080.00
ORD-000424,2024-01-19,C01289,Microphone,5,130.00
ORD-000425,2024-01-19,C00247,Keyboard,5,80.00
ORD-000426,2024-01-19,C00829,External SSD,4,126.00
ORD-000427,2024-01-19,C01378,Bluetooth Speaker,1,110.00
ORD-000427,2024-01-19,C01378,Mouse,1,25.00
ORD-000427,2024-01-19,C01378,Router,4,175.00
ORD-000428,2024-01-19,C00752,Webcam,1,90.25
ORD-000429,2024-01-19,C00101,USB-C Hub,1,45.00
ORD-000429,2024-01-19,C00101,Webcam,1,95.00
ORD-000430,2024-01-19,C00703,Microphone,1,130.00
ORD-000430,2024-01-19,C00703,Keyboard,2,80.00
ORD-000431,2024-01-19,C00246,Hard Drive,4,80.75
ORD-000432,2024-01-19,C01289,Bluetooth Speaker,2,110.00
ORD-000433,2024-01-19,C00607,Monitor,1,285.00
ORD-000434,2024-01-19,C00829,Microphone,4,130.00
ORD-000434,2024-01-19,C00829,Webcam,1,95.00
ORD-000435,2024-01-19,C01387,Webcam,1,95.00
ORD-000436,2024-01-19,C00694,Mouse,3,23.75
ORD-000436,2024-01-19,C00694,Bluetooth Speaker,2,110.00
ORD-000437,2024-01-19,C00300,Mouse,2,25.00
ORD-000437,2024-01-19,C00300,Microphone,1,130.00
ORD-000438,2024-01-19,C00859,Microphone,2,130.00
ORD-000439,2024-01-19,C01099,Router,2,175.00
ORD-000439,2024-01-19,C01099,Monitor,1,300.00
ORD-000440,2024-01-19,C00458,Mouse,2,25.00
ORD-000441,2024-01-19,C00922,External SSD,1,140.00
ORD-000442,2024-01-20,C00379,Router,1,175.00
ORD-000443,2024-01-20,C00290,Webcam,1,90.25
ORD-000444,2024-01-20,C01206,USB-C Hub,2,42.75
ORD-000445,2024-01-20,C01225,USB-C Hub,1,45.00
ORD-000446,2024-01-20,C01160,Monitor,2,285.00
ORD-000447,2024-01-20,C01289,Mouse,1,20.00
ORD-000447,2024-01-20,C01289,Bluetooth Speaker,4,110.00
ORD-000448,2024-01-20,C00200,USB-C Hub,2,45.00
ORD-000448,2024-01-20,C00200,Hard Drive,2,85.00
ORD-000448,2024-01-20,C00200,Headphones,4,135.00
ORD-000449,2024-01-20,C01436,Bluetooth Speaker,2,110.00
ORD-000449,2024-01-20,C01436,USB-C Hub,1,45.00
ORD-000450,2024-01-20,C00870,Mouse,3,25.00
ORD-000451,2024-01-20,C01432,Router,1,175.00
ORD-000451,2024-01-20,C01432,Hard Drive,1,85.00
ORD-000452,2024-01-20,C00829,Router,1,175.00
ORD-000453,2024-01-20,C01462,External SSD,1,126.00
ORD-000453,2024-01-20,C01462,Mesh Wi-Fi Kit,1,320.00
ORD-000453,2024-01-20,C01462,USB-C Hub,1,45.00
ORD-000454,2024-01-20,C00055,Tablet,3,480.00
ORD-000455,2024-01-20,C00856,Desktop PC,1,950.00
ORD-000455,2024-01-20,C00856,Hard Drive,4,85.00
ORD-000456,2024-01-20,C01494,Microphone,1,130.00
ORD-000456,2024-01-20,C01494,USB-C Hub,5,45.00
ORD-000457,2024-01-20,C01455,Mouse,1,25.00
ORD-000458,2024-01-20,C00419,Tablet,2,480.00
ORD-000458,2024-01-20,C00419,Monitor,1,300.00
ORD-000459,2024-01-20,C00920,Mouse,2,25.00
ORD-000459,2024-01-20,C00920,Microphone,4,130.00
ORD-000460,2024-01-20,C01461,Router,1,175.00
ORD-000460,2024-01-20,C01461,Ultrawide Monitor,1,620.00
ORD-000461,2024-01-20,C01124,Hard Drive,3,76.50
ORD-000461,2024-01-20,C01124,USB-C Hub,1,N/A
ORD-000462,2024-01-20,C00826,Mesh Wi-Fi Kit,1,320.00
ORD-000462,2024-01-20,C00826,Laptop,3,1200.00
ORD-000463,2024-01-20,C00090,Microphone,1,130.00
ORD-000464,2024-01-20,C00849,Mesh Wi-Fi Kit,5,304.00
ORD-000465,2024-01-20,C00357,USB-C Hub,1,45.00
ORD-000465,2024-01-20,C00357,Microphone,3,130.00
ORD-000466,2024-01-20,C01160,Bluetooth Speaker,1,104.50
ORD-000467,2024-01-20,C00566,Bluetooth Speaker,2,110.00
ORD-000467,2024-01-20,C00566,Microphone,4,130.00
ORD-000468,2024-01-20,C00499,Hard Drive,1,85.00
ORD-000468,2024-01-20,C00499,Bluetooth Speaker,2,110.00
ORD-000469,2024-01-20,C00154,Mesh Wi-Fi Kit,1,320.00
ORD-000470,2024-01-20,C00435,USB-C Hub,1,45.00
ORD-000470,2024-01-20,C00435,  External SSD ,1,140.00
ORD-000471,2024-01-20,C01176,Keyboard,1,80.00
ORD-000472,2024-01-20,C00829,Router,1,175.00
ORD-000473,2024-01-21,C01070,Bluetooth Speaker,2,99.00
ORD-000474,2024-01-21,C01379,Webcam,1,95.00
ORD-000474,2024-01-21,C01379,Router,3,166.25
ORD-000475,2024-01-21,C01346,Microphone,2,130.00
ORD-000476,2024-01-21,C01021,Hard Drive,1,85.00
ORD-000477,2024-01-21,C01437,Headphones,1,150.00
ORD-000477,2024-01-21,C01437,Laptop,1,1200.00
ORD-000478,2024-01-21,C00821,Keyboard,1,72.00
ORD-000478,2024-01-21,C00821,Headphones,1,150.00
ORD-000479,2024-01-21,C00824,Desktop PC,1,855.00
ORD-000479,2024-01-21,C00824,Mouse,2,23.75
ORD-000480,2024-01-21,C00339,USB-C Hub,1,40.50
ORD-000480,2024-01-21,C00339,Monitor,1,285.00
ORD-000481,2024-01-21,C00276,Bluetooth Speaker,1,104.50
ORD-000481,2024-01-21,C00276,Mouse,2,25.00
ORD-000482,2024-01-21,C00859,External SSD,4,140.00
ORD-000483,2024-01-21,C01160,USB-C Hub,3,36.00
ORD-000484,2024-01-21,C00369,Mouse,4,22.50
ORD-000485,2024-01-21,C01160,Hard Drive,1,85.00
ORD-000486,2024-01-21,C00656,USB-C Hub,1,45.00
ORD-000487,2024-13-45,C01160,USB-C Hub,1,45.00
ORD-000488,2024-01-21,C00488,Webcam,1,90.25
ORD-000488,2024-01-21,C00488,Mouse,1,23.75
ORD-000489,2024-01-21,C01350,USB-C Hub,1,45.00
ORD-000490,2024-01-21,C01160,Webcam,3,85.50
ORD-000491,2024-01-21,C00757,External SSD,3,133.00
ORD-000492,2024-01-21,C01215,Bluetooth Speaker,1,110.00
ORD-000493,2024-01-21,C01164,Tablet,1,480.00
ORD-000493,2024-01-21,C01164,Bluetooth Speaker,2,110.00
ORD-000494,2024-01-21,C00792,Headphones,4,150.00
ORD-000495,2024-01-21,C00458,Laptop,2,1200.00
ORD-000495,2024-01-21,C00458,Monitor,1,270.00
ORD-000496,2024-01-21,C00611,Headphones,4,150.00
ORD-000497,2024-01-21,C00735,Hard Drive,3,85.00
ORD-000497,2024-01-21,C00735,Monitor,1,300.00
ORD-000498,2024-01-22,C01285,Hard Drive,1,85.00
ORD-000499,2024-01-22,C00587,Tablet,1,480.00
ORD-000500,2024-01-22,C00591,Desktop PC,1,950.00
ORD-000500,2024-01-22,C00591,Keyboard,1,80.00
ORD-000501,2024-01-22,C00829,Bluetooth Speaker,2,99.00
ORD-000501,2024-01-22,C00829,Mouse,1,25.00
ORD-000502,2024-01-22,C00419,Mouse,1,25.00
ORD-000503,2024-01-22,C00320,Ultrawide Monitor,1,620.00
ORD-000504,2024-01-22,C00829,USB-C Hub,3,40.50
ORD-000505,2024-01-22,C00829,Microphone,1,117.00
ORD-000506,2024-01-22,C00195,Laptop,1,1200.00
ORD-000506,2024-01-22,C00195,External SSD,2,133.00
ORD-000507,2024-01-22,C00829,Hard Drive,1,68.00
ORD-000507,2024-01-22,C00829,USB-C Hub,3,45.00
ORD-000508,2024-01-22,C00703,Tablet,2,480.00
ORD-000508,2024-01-22,C00703,Monitor,1,285.00
ORD-000509,2024-01-22,C00174,Mouse,2,25.00
ORD-000510,2024-01-22,C00200,Bluetooth Speaker,1,110.00
ORD-000511,2024-01-22,C00856,Desktop PC,2,950.00
ORD-000512,2024-01-22,C00427,USB-C Hub,1,45.00
ORD-000512,2024-01-22,C00427,External SSD,2,140.00
ORD-000513,2024-01-22,C00703,USB-C Hub,1,45.00
ORD-000513,2024-01-22,C00703,Webcam,1,90.25
ORD-000514,2024-01-22,C01324,USB-C Hub,2,45.00
ORD-000515,2024-01-22,C00399,Router,1,175.00
ORD-000516,2024-01-22,C01160,Laptop,3,1200.00
ORD-000517,2024-01-22,C00703,Microphone,2,130.00
ORD-000517,2024-01-22,C00703,USB-C Hub,1,45.00
ORD-000518,2024-01-23,C00576,Mouse,5,25.00
ORD-000518,2024-01-23,C00576,Monitor,2,300.00
ORD-000519,2024-01-23,C01160,External SSD,2,112.00
ORD-000520,2024-01-23,C01049,Hard Drive,2,85.00
ORD-000521,2024-01-23,C00625,Hard Drive,1,85.00
ORD-000522,2024-01-23,C01077,Bluetooth Speaker,1,110.00
ORD-000522,2024-01-23,C01077,Hard Drive,4,80.75
ORD-000522,2024-01-23,C01077,External SSD,1,140.00
ORD-000523,2024-01-23,C00607,Hard Drive,1,85.00
ORD-000523,2024-01-23,C00607,Headphones,1,135.00
ORD-000524,2024-01-23,C00200,External SSD,1,140.00
ORD-000525,2024-01-23,C00564,Webcam,2,90.25
ORD-000525,2024-01-23,C00564,Keyboard,3,80.00
ORD-000525,2024-01-23,C00564,Mouse,3,25.00
ORD-000526,2024-01-23,C00064,Hard Drive,2,76.50
ORD-000527,2024-01-23,C00957,Microphone,2,130.00
ORD-000527,2024-01-23,C00957,Mouse,3,25.00
ORD-000528,2024-01-23,C00716,Keyboard,1,76.00
ORD-000529,2024-01-23,C01274,Webcam,1,90.25
ORD-000530,2024-01-23,C01167,USB-C Hub,3,45.00
ORD-000531,2024-01-23,C00183,Bluetooth Speaker,3,88.00
ORD-000532,2024-01-23,C01219,USB-C Hub,3,40.50
ORD-000533,2024-01-23,C01160,Hard Drive,5,85.00
ORD-000533,2024-01-23,C01160,Monitor,1,300.00
ORD-000534,2024-01-23,C00761,Hard Drive,1,85.00
ORD-000534,2024-01-23,C00761,External SSD,3,140.00
ORD-000535,2024-01-23,C00348,Headphones,2,142.50
ORD-000535,2024-01-23,C00348,USB-C Hub,1,45.00
ORD-000536,2024-01-23,C00829,Microphone,3,130.00
ORD-000537,2024-01-23,C00298,Keyboard,2,80.00
ORD-000537,2024-01-23,C00298,USB-C Hub,2,45.00
ORD-000538,2024-01-23,C00829,Microphone,2,130.00
ORD-000538,2024-01-23,C00829,Headphones,-1,150.00
ORD-000538,2024-01-23,C00829,Hard Drive,1,85.00
ORD-000539,2024-01-23,C00908,Mouse,3,25.00
ORD-000540,2024-01-23,C00391,Mesh Wi-Fi Kit,1,288.00
ORD-000541,2024-01-23,C00821,Router,1,175.00
ORD-000542,2024-01-23,C00472,Ultrawide Monitor,1,589.00
ORD-000543,2024-01-24,C00829,Keyboard,1,76.00
ORD-000543,2024-01-24,C00829,USB-C Hub,1,42.75
ORD-000544,2024-01-24,C00829,Tablet,2,480.00
ORD-000545,2024-01-24,C00703,Router,1,175.00
ORD-000546,2024-01-24,C00623,Router,1,140.00
ORD-000547,2024-01-24,C01406,Mesh Wi-Fi Kit,1,304.00
ORD-000548,2024-01-24,C00829,Mouse,1,25.00
ORD-000548,2024-01-24,C00829,Bluetooth Speaker,2,110.00
ORD-000549,2024-01-24,C00636,Keyboard,2,80.00
ORD-000550,2024-01-24,C00214,Webcam,3,95.00
ORD-000550,2024-01-24,C00214,Bluetooth Speaker,3,110.00
ORD-000551,2024-01-24,C00458,USB-C Hub,1,45.00
ORD-000552,2024-01-24,C01160,Headphones,1,150.00
ORD-000552,2024-01-24,C01160,Mesh Wi-Fi Kit,1,304.00
ORD-000553,2024-01-24,C00348,Mouse,1,25.00
ORD-000554,2024-01-24,C00829,Router,1,175.00
ORD-000554,2024-01-24,C00829,Monitor,1,300.00
ORD-000555,2024-01-24,C00873,Keyboard,3,80.00
ORD-000555,2024-01-24,C00873,Bluetooth Speaker,2,110.00
ORD-000556,2024-01-24,C01130,Headphones,1,150.00
ORD-000557,2024-01-24,C00703,External SSD,1,140.00
ORD-000558,2024-01-24,C00354,Bluetooth Speaker,1,110.00
ORD-000558,2024-01-24,C00354,USB-C Hub,2,45.00
ORD-000559,2024-01-24,C00263,Bluetooth Speaker,1,110.00
ORD-000559,2024-01-24,C00263,Hard Drive,4,85.00
ORD-000560,2024-01-24,C00966,Microphone,3,130.00
ORD-000560,2024-01-24,C00966,Mouse,4,25.00
ORD-000561,2024-01-24,C01292,External SSD,2,140.00
ORD-000561,2024-01-24,C01292,Mouse,3,25.00
ORD-000561,2024-01-24,C01292,Headphones,1,150.00
ORD-000562,2024-01-24,C00137,Keyboard,4,80.00
ORD-000562,2024-01-24,C00137,Mouse,1,25.00
ORD-000563,2024-01-24,C00347,Mouse,1,25.00
ORD-000564,2024-01-24,C00200,Microphone,2,130.00
ORD-000565,2024-01-24,C00870,Keyboard,5,72.00
ORD-000565,2024-01-24,C00870,External SSD,1,133.00
ORD-000566,2024-01-25,C01408,Keyboard,2,80.00
ORD-000566,2024-01-25,C01408,Router,2,175.00
ORD-000567,2024-01-25,C00178,USB-C Hub,1,45.00
ORD-000567,2024-01-25,C00178,Hard Drive,1,85.00
ORD-000568,2024-01-25,C01455,Keyboard,1,76.00
ORD-000569,2024-01-25,C00419,Webcam,1,95.00
ORD-000569,2024-01-25,C00419,Hard Drive,3,85.00
ORD-000570,2024-01-25,C00627,Webcam,1,90.25
ORD-000570,2024-01-25,C00627,USB-C Hub,1,45.00
ORD-000571,2024-01-25,C01082,Mouse,1,22.50
ORD-000571,2024-01-25,C01082,Tablet,1,480.00
ORD-000572,2024-01-25,C00829,Hard Drive,1,85.00
ORD-000573,2024-01-25,C00829,Laptop,1,1200.00
ORD-000574,2024-01-25,C01315,Keyboard,1,64.00
ORD-000575,2024-01-25,C00339,Mesh Wi-Fi Kit,1,320.00
ORD-000576,2024-01-25,C00703,Keyboard,3,80.00
ORD-000577,2024-01-25,C01110,Webcam,1,95.00
ORD-000578,2024-01-25,C00957,Hard Drive,2,85.00
ORD-000579,2024-01-25,C01289,Hard Drive,1,85.00
ORD-000579,2024-01-25,C01289,External SSD,3,140.00
ORD-000580,2024-01-25,C00110,Mouse,1,25.00
ORD-000580,2024-01-25,C00110,Microphone,1,117.00
ORD-000580,2024-13-45,C00110,Mesh Wi-Fi Kit,3,320.00
ORD-000581,2024-01-25,C01186,Headphones,1,150.00
ORD-000582,2024-01-25,C00859,USB-C Hub,3,45.00
ORD-000583,2024-01-25,C00829,Router,1,166.25
ORD-000584,2024-01-25,C01427,Mouse,1,25.00
ORD-000585,2024-01-25,C00985,Hard Drive,1,85.00
ORD-000586,2024-01-25,C00617,Router,2,166.25
ORD-000587,2024-01-26,C01124,Ultrawide Monitor,3,620.00
ORD-000588,2024-01-26,C00591,Bluetooth Speaker,1,110.00
ORD-000589,2024-01-26,C00042,Webcam,2,85.50
ORD-000590,2024-01-26,C00065,External SSD,3,126.00
ORD-000590,2024-01-26,C00065,Bluetooth Speaker,1,110.00
ORD-000591,2024-01-26,C00609,Router,1,175.00
ORD-000592,2024-01-26,C01387,Mouse,1,25.00
ORD-000592,2024-01-26,C01387,Router,4,175.00
ORD-000593,2024-01-26,C00456,Bluetooth Speaker,1,99.00
ORD-000594,2024-01-26,C00396,External SSD,1,140.00
ORD-000594,2024-01-26,C00396,Mouse,1,23.75
ORD-000594,2024-01-26,C00396,USB-C Hub,1,42.75
ORD-000595,2024-01-26,C01289,Ultrawide Monitor,1,620.00
ORD-000596,2024-01-26,C00698,Hard Drive,1,85.00
ORD-000596,2024-01-26,C00698,USB-C Hub,1,42.75
ORD-000597,2024-01-26,C00534,Keyboard,1,80.00
ORD-000598,2024-01-26,C00196,Monitor,3,300.00
ORD-000598,2024-01-26,C00196,Headphones,1,142.50
ORD-000599,2024-01-26,C01300,Mouse,2,25.00
ORD-000600,2024-01-26,C00542,Keyboard,4,80.00
ORD-000601,2024-01-26,C00703,Keyboard,1,80.00
ORD-000601,2024-01-26,C00703,External SSD,1,140.00
ORD-000601,2024-01-26,C00703,Router,5,175.00
ORD-000602,2024-01-26,C00654,Mouse,1,25.00
ORD-000603,2024-01-26,C00419,Monitor,1,300.00
ORD-000603,2024-01-26,C00419,Headphones,2,150.00
ORD-000604,2024-01-26,C00703,USB-C Hub,4,36.00
ORD-000604,2024-01-26,C00703,Mouse,4,25.00
ORD-000605,2024-01-26,C01160,USB-C Hub,1,45.00
ORD-000606,2024-01-26,C01378,USB-C Hub,1,45.00
ORD-000607,2024-01-26,C01160,USB-C Hub,2,45.00
ORD-000608,2024-01-26,C01025,Mouse,2,25.00
ORD-000608,2024-01-26,C01025,Headphones,3,150.00
ORD-000609,2024-01-26,C00429,Mesh Wi-Fi Kit,4,320.00
ORD-000610,2024-01-26,C00853,USB-C Hub,1,45.00
ORD-000610,2024-01-26,C00853,External SSD,1,140.00
ORD-000610,2024-01-26,C00853,Microphone,1,104.00
ORD-000611,2024-01-26,C01130,Mouse,1,20.00
ORD-000612,2024-01-26,C00829,Tablet,2,480.00
ORD-000613,2024-01-26,C00214,Headphones,1,150.00
ORD-000613,2024-01-26,C00214,Monitor,1,285.00
ORD-000614,2024-01-26,C00003,USB-C Hub,1,45.00
ORD-000615,2024-01-26,C00064,Bluetooth Speaker,1,110.00
ORD-000616,2024-01-27,C00413,Desktop PC,1,950.00
ORD-000616,2024-01-27,C00413,USB-C Hub,1,45.00
ORD-000617,2024-01-27,C00829,Webcam,1,95.00
ORD-000618,2024-01-27,C00849,Router,1,175.00
ORD-000618,2024-01-27,C00849,Keyboard,1,72.00
ORD-000619,2024-01-27,C00537,Desktop PC,2,950.00
ORD-000619,2024-01-27,C00537,USB-C Hub,1,42.75
ORD-000620,2024-01-27,C00881,Ultrawide Monitor,2,558.00
ORD-000621,2024-01-27,C01359,Mouse,1,25.00
ORD-000621,2024-01-27,C01359,Webcam,1,95.00
ORD-000622,2024-01-27,C00007,Ultrawide Monitor,2,589.00
ORD-000622,2024-01-27,C00007,USB-C Hub,2,45.00
ORD-000623,2024-01-27,C01148,Mouse,1,25.00
ORD-000623,2024-01-27,C01148,Desktop PC,2,902.50
ORD-000624,2024-01-27,C01160,Headphones,2,150.00
ORD-000624,2024-01-27,C01160,Router,5,175.00
ORD-000624,2024-01-27,C01160,Bluetooth Speaker,1,110.00
ORD-000625,2024-01-27,C01163,Bluetooth Speaker,1,110.00
ORD-000626,2024-01-27,C00339,Laptop,2,1140.00
ORD-000626,2024-01-27,C00339,Microphone,1,130.00
ORD-000627,2024-01-27,C01160,Mouse,1,22.50
ORD-000628,2024-01-27,C00445,Monitor,3,285.00
ORD-000628,2024-01-27,C00445,Keyboard,5,76.00
ORD-000628,2024-01-27,C00445,Webcam,2,95.00
ORD-000629,2024-01-27,C00234,Router,1,175.00
ORD-000629,2024-01-27,C00234,Mouse,5,25.00
ORD-000629,2024-01-27,C00234,Hard Drive,1,85.00
ORD-000630,2024-01-27,C01447,Webcam,2,90.25
ORD-000631,2024-01-27,C00538,Hard Drive,2,85.00
ORD-000632,2024-01-27,C01248,Hard Drive,4,80.75
ORD-000633,2024-01-27,C00419,Bluetooth Speaker,5,99.00
ORD-000634,2024-01-27,C00703,Keyboard,3,80.00
ORD-000635,2024-01-27,C01160,Mesh Wi-Fi Kit,1,320.00
ORD-000636,2024-01-27,C00829,Microphone,1,130.00
ORD-000637,2024-01-27,C00348,Bluetooth Speaker,1,110.00
ORD-000638,2024-01-27,C00103,USB-C Hub,1,45.00
ORD-000638,2024-01-27,C00103,Webcam,2,95.00
ORD-000639,2024-01-27,C00469,Mesh Wi-Fi Kit,1,320.00
ORD-000640,2024-01-27,C00683,Laptop,1,1080.00
ORD-000641,2024-01-27,C01068,Laptop,3,1200.00
ORD-000641,2024-01-27,C01068,Bluetooth Speaker,5,110.00
ORD-000641,2024-01-27,C01068,Monitor,1,300.00
ORD-000642,2024-01-27,C00055,USB-C Hub,1,45.00
ORD-000643,2024-01-27,C00033,Mouse,3,23.75
ORD-000643,2024-01-27,C00033,USB-C Hub,1,40.50
ORD-000643,2024-01-27,C00033,External SSD,2,140.00
ORD-000644,2024-01-27,C00090,Laptop,1,1140.00
ORD-000644,2024-01-27,C00090,Router,5,175.00
ORD-000645,2024-01-28,C01110,Hard Drive,1,85.00
ORD-000645,2024-01-28,C01110,Desktop PC,2,950.00
ORD-000646,2024-01-28,C00577,Monitor,1,300.00
ORD-000646,2024-01-28,C00577,External SSD,2,133.00
ORD-000646,2024-01-28,C00577,USB-C Hub,1,45.00
ORD-000647,2024-01-28,C00836,Headphones,3,150.00
ORD-000648,2024-01-28,C01067,External SSD,4,140.00
ORD-000649,2024-01-28,C00832,Microphone,3,130.00
ORD-000650,2024-01-28,C01409,USB-C Hub,1,45.00
ORD-000650,2024-01-28,C01409,Headphones,1,135.00
ORD-000651,2024-01-28,C00564,Mesh Wi-Fi Kit,1,288.00
ORD-000652,2024-01-28,C00450,Webcam,2,85.50
ORD-000652,2024-01-28,C00450,Mesh Wi-Fi Kit,2,320.00
ORD-000653,2024-01-28,C01469,Hard Drive,5,85.00
ORD-000654,2024-01-28,C00912,USB-C Hub,1,45.00
ORD-000655,2024-01-28,C01342,Router,2,175.00
ORD-000656,2024-01-28,C01435,Hard Drive,2,85.00
ORD-000656,2024-01-28,C01435,Mesh Wi-Fi Kit,1,320.00
ORD-000657,2024-01-28,C00505,Bluetooth Speaker,1,99.00
ORD-000657,2024-01-28,C00505,Headphones,1,120.00
ORD-000658,2024-01-28,C00607,Mouse,3,23.75
ORD-000658,2024-01-28,C00607,Bluetooth Speaker,1,110.00
ORD-000659,2024-01-28,C00105,Ultrawide Monitor,3,620.00
ORD-000660,2024-01-28,C01409,Laptop,1,1200.00
ORD-000660,2024-01-28,C01409,Headphones,4,150.00
ORD-000661,2024-01-28,C00881,Bluetooth Speaker,1,88.00
ORD-000662,2024-01-28,C01160,Keyboard,1,72.00
ORD-000663,2024-01-28,C01124,Headphones,3,150.00
ORD-000664,2024-01-28,C01168,Mouse,1,25.00
ORD-000664,2024-01-28,C01168,Keyboard,4,80.00
ORD-000665,2024-01-28,C00565,Hard Drive,2,85.00
ORD-000666,2024-01-28,C00322,Bluetooth Speaker,2,110.00
ORD-000667,2024-01-28,C00419,Laptop,1,1200.00
ORD-000668,2024-01-28,C01160,Keyboard,1,80.00
ORD-000669,2024-01-28,C00703,Microphone,1,130.00
ORD-000669,2024-01-28,C00703,Bluetooth Speaker,1,104.50
ORD-000670,2024-01-28,C00870,Mouse,1,25.00
ORD-000670,2024-01-28,C00870,External SSD,1,140.00
ORD-000670,2024-01-28,C00870,USB-C Hub,2,45.00
ORD-000671,2024-01-28,C00703,Bluetooth Speaker,3,110.00
ORD-000672,2024-01-29,C00139,Desktop PC,1,950.00
ORD-000672,2024-01-29,C00139,Keyboard,2,80.00
ORD-000672,2024-01-29,C00139,Microphone,1,130.00
ORD-000673,2024-01-29,C00703,Mesh Wi-Fi Kit,1,320.00
ORD-000674,2024-01-29,C00740,Router,2,175.00
ORD-000675,2024-01-29,C00703,Mouse,1,25.00
ORD-000675,2024-01-29,C00703,Keyboard,2,64.00
ORD-000676,2024-01-29,C00422,Microphone,1,130.00
ORD-000677,2024-01-29,C01066,USB-C Hub,1,45.00
ORD-000678,2024-01-29,C00990,Mesh Wi-Fi Kit,4,304.00
ORD-000678,2024-01-29,C00990,Keyboard,5,80.00
ORD-000679,2024-01-29,C01487,Mesh Wi-Fi Kit,4,320.00
ORD-000679,2024-01-29,C01487,Headphones,1,142.50
ORD-000680,2024-01-29,C00539,Hard Drive,1,85.00
ORD-000681,2024-01-29,C00793,Mesh Wi-Fi Kit,1,320.00
ORD-000682,2024-01-29,C00463,Bluetooth Speaker,4,110.00
ORD-000682,2024-01-29,C00463,USB-C Hub,2,42.75
ORD-000683,2024-01-29,C00703,Microphone,2,117.00
ORD-000683,2024-01-29,C00703,Webcam,1,90.25
ORD-000683,2024-01-29,C00703,Mesh Wi-Fi Kit,1,320.00
ORD-000684,2024-01-29,C00829,Mouse,1,22.50
ORD-000685,2024-01-29,C01186,Desktop PC,1,950.00
ORD-000686,2024-01-29,C00703,Bluetooth Speaker,1,110.00
ORD-000687,2024-01-29,C00607,Tablet,2,480.00
ORD-000688,2024-01-29,C01007,Microphone,1,130.00
ORD-000688,2024-01-29,C01007,USB-C Hub,1,45.00
ORD-000689,2024-01-29,C00432,Keyboard,1,80.00
ORD-000689,2024-01-29,C00432,Desktop PC,1,950.00
ORD-000689,2024-01-29,C00432,Router,2,140.00
ORD-000690,2024-01-30,C00716,Mouse,1,25.00
ORD-000691,2024-01-30,C00320,Hard Drive,2,85.00
ORD-000691,2024-01-30,C00320,External SSD,1,126.00
ORD-000692,2024-01-30,C00703,Mesh Wi-Fi Kit,3,288.00
ORD-000693,2024-01-30,C00517,Desktop PC,3,902.50
ORD-000693,2024-01-30,C00517,Keyboard,1,80.00
ORD-000693,2024-01-30,C00517,Headphones,1,150.00
ORD-000694,2024-01-30,C01257,Keyboard,2,80.00
ORD-000695,2024-01-30,C01279,Keyboard,1,72.00
ORD-000696,2024-01-30,C00633,Mesh Wi-Fi Kit,1,304.00
ORD-000697,2024-01-30,C00177,Mouse,1,25.00
ORD-000698,2024-01-30,C00236,USB-C Hub,3,45.00
ORD-000699,2024-01-30,C00444,Router,1,175.00
ORD-000699,2024-01-30,C00444,Mesh Wi-Fi Kit,1,320.00
ORD-000700,2024-01-30,C00159,Headphones,1,142.50
ORD-000701,2024-01-30,C01379,Tablet,4,480.00
ORD-000701,2024-01-30,C01379,Webcam,2,90.25
ORD-000702,2024-01-30,C00975,  Router ,2,157.50
ORD-000703,2024-01-30,C00703,Desktop PC,1,950.00
ORD-000704,2024-01-30,C01160,Keyboard,2,64.00
ORD-000704,2024-01-30,C01160,Mouse,1,25.00
ORD-000704,2024-01-30,C01160,Tablet,1,480.00
ORD-000705,2024-01-30,C00355,Mouse,1,25.00
ORD-000706,2024-01-30,C01092,USB-C Hub,1,36.00
ORD-000707,2024-01-30,C00881,Microphone,1,130.00
ORD-000708,2024-01-30,C00002,Bluetooth Speaker,1,110.00
ORD-000708,2024-01-30,C00002,Webcam,1,95.00
ORD-000709,2024-01-31,C00783,Webcam,1,85.50
ORD-000709,2024-01-31,C00783,Mesh Wi-Fi Kit,1,288.00
ORD-000710,2024-01-31,C01226,Webcam,1,76.00
ORD-000711,2024-01-31,C01206,Monitor,1,240.00
ORD-000712,2024-01-31,C01289,Laptop,1,1200.00
ORD-000712,2024-01-31,C01289,Mouse,1,25.00
ORD-000713,2024-01-31,C01160,Microphone,1,130.00
ORD-000714,2024-01-31,C00348,Headphones,3,150.00
ORD-000715,2024-01-31,C01160,Hard Drive,1,68.00
ORD-000716,2024-01-31,C01413,Bluetooth Speaker,3,110.00
ORD-000717,2024-01-31,C01208,Mesh Wi-Fi Kit,1,320.00
ORD-000717,2024-01-31,C01208,Tablet,4,480.00
ORD-000717,2024-01-31,C01208,Bluetooth Speaker,1,110.00
ORD-000718,2024-01-31,C01462,Mouse,2,23.75
ORD-000718,2024-01-31,C01462,USB-C Hub,1,45.00
ORD-000719,2024-01-31,C00082,Mouse,1,25.00
ORD-000720,2024-01-31,C00903,Webcam,5,95.00
ORD-000721,2024-01-31,C00419,Keyboard,1,76.00
ORD-000722,2024-01-31,C00703,Microphone,4,130.00
ORD-000722,2024-01-31,C00703,USB-C Hub,2,36.00
ORD-000723,2024-01-31,C01151,Mesh Wi-Fi Kit,2,256.00
ORD-000723,2024-01-31,C01151,Monitor,1,300.00
ORD-000724,2024-01-31,C00593,Bluetooth Speaker,1,110.00
ORD-000724,2024-01-31,C00593,Keyboard,1,80.00
ORD-000725,2024-01-31,C00881,Monitor,2,300.00
ORD-000726,2024-01-31,C01374,Microphone,3,130.00
ORD-000726,2024-01-31,C01374,Mouse,1,25.00
ORD-000727,2024-01-31,C00829,Mouse,1,25.00
ORD-000727,2024-01-31,C00829,Laptop,3,1200.00
ORD-000728,2024-01-31,C01496,Laptop,1,1200.00
ORD-000729,2024-01-31,C01294,Webcam,1,95.00
ORD-000729,2024-01-31,C01294,External SSD,1,126.00
ORD-000730,2024-01-31,C00564,USB-C Hub,1,45.00
ORD-000730,2024-01-31,C00564,Mouse,1,25.00
ORD-000731,2024-01-31,C00488,Bluetooth Speaker,2,99.00
ORD-000732,2024-02-01,C00895,Keyboard,1,80.00
ORD-000732,2024-02-01,C00895,Mouse,1,20.00
ORD-000733,2024-02-01,C01248,USB-C Hub,1,45.00
ORD-000734,2024-02-01,C00646,USB-C Hub,1,40.50
ORD-000734,2024-02-01,C00646,Hard Drive,1,68.00
ORD-000735,2024-02-01,C00484,Headphones,1,150.00
ORD-000736,2024-02-01,C01303,External SSD,1,140.00
ORD-000737,2024-02-01,C00525,Webcam,1,90.25
ORD-000738,2024-02-01,C00322,Bluetooth Speaker,2,110.00
ORD-000738,2024-02-01,C00322,Router,2,175.00
ORD-000739,2024-02-01,C00703,Mesh Wi-Fi Kit,2,304.00
ORD-000740,2024-02-01,C00738,Ultrawide Monitor,1,620.00
ORD-000740,2024-02-01,C00738,Mouse,2,25.00
ORD-000741,2024-02-01,C00419,Router,1,166.25
ORD-000741,2024-02-01,C00419,Keyboard,1,72.00
ORD-000742,2024-02-01,C00662,Router,3,175.00
ORD-000743,2024-02-01,C00375,Webcam,1,95.00
ORD-000743,2024-02-01,C00375,Monitor,2,285.00
ORD-000744,2024-02-01,C00388,Monitor,2,285.00
ORD-000745,2024-02-01,C01297,Mouse,1,25.00
ORD-000745,2024-02-01,C01297,Router,2,175.00
ORD-000746,2024-02-01,C00999,Mouse,1,22.50
ORD-000746,2024-02-01,C00999,External SSD,3,133.00
ORD-000746,2024-02-01,C00999,Keyboard,2,80.00
ORD-000747,2024-02-01,C00628,Hard Drive,5,85.00
ORD-000747,2024-02-01,C00628,Headphones,2,135.00
ORD-000748,2024-02-01,C01462,Mouse,1,25.00
ORD-000749,2024-02-01,C00829,Monitor,2,285.00
ORD-000749,2024-02-01,C00829,Mouse,1,20.00
ORD-000750,2024-02-01,C01207,Ultrawide Monitor,1,589.00
ORD-000751,2024-02-02,C01160,Keyboard,1,80.00
ORD-000752,2024-02-02,C00488,Mouse,1,23.75
ORD-000753,2024-02-02,C00852,USB-C Hub,2,45.00
ORD-000754,2024-02-02,C01225,External SSD,1,140.00
ORD-000755,2024-02-02,C00778,Monitor,1,300.00
ORD-000756,2024-02-02,C00829,External SSD,1,126.00
ORD-000757,2024-02-02,C00339,Hard Drive,1,85.00
ORD-000758,2024-02-02,C01462,Mouse,4,22.50
ORD-000759,2024-02-02,C00757,USB-C Hub,1,45.00
ORD-000760,2024-02-02,C00419,Microphone,1,123.50
ORD-000760,2024-02-02,C00419,Mesh Wi-Fi Kit,1,320.00
ORD-000761,2024-02-02,C00445,Microphone,1,130.00
ORD-000762,2024-02-02,C00776,Bluetooth Speaker,1,99.00
ORD-000762,2024-02-02,C00776,Keyboard,2,80.00
ORD-000762,2024-02-02,C00776,USB-C Hub,1,42.75
ORD-000763,2024-02-02,C01337,Tablet,1,480.00
ORD-000764,2024-02-02,C00076,Hard Drive,5,80.75
ORD-000764,2024-02-02,C00076,Laptop,2,1200.00
ORD-000765,2024-02-02,C01497,USB-C Hub,1,42.75
ORD-000765,2024-02-02,C01497,Hard Drive,1,85.00
ORD-000766,2024-02-02,C00647,Keyboard,2,76.00
ORD-000767,2024-02-02,C00591,Ultrawide Monitor,2,620.00
ORD-000768,2024-02-02,C00215,Mouse,1,25.00
ORD-000768,2024-02-02,C00215,Desktop PC,2,950.00
ORD-000768,2024-02-02,C00215,Hard Drive,3,85.00
ORD-000769,2024-02-02,C00881,Headphones,1,150.00
ORD-000769,2024-02-02,C00881,External SSD,2,140.00
ORD-000770,2024-02-02,C00011,Mouse,1,25.00
ORD-000770,2024-02-02,C00011,USB-C Hub,1,45.00
ORD-000771,2024-02-02,C00055,USB-C Hub,5,45.00
ORD-000772,2024-02-02,C01160,Webcam,1,95.00
ORD-000773,2024-02-02,C00757,Bluetooth Speaker,1,104.50
ORD-000773,2024-02-02,C00757,Mouse,5,23.75
ORD-000774,2024-02-02,C00515,External SSD,2,140.00
ORD-000774,2024-02-02,C00515,  USB-C Hub ,1,45.00
ORD-000775,2024-02-02,C00880,Monitor,1,240.00
ORD-000776,2024-02-02,C00777,Monitor,1,300.00
ORD-000776,2024-02-02,C00777,Microphone,4,130.00
ORD-000777,2024-02-02,C01341,Mouse,4,25.00
ORD-000778,2024-02-02,C01160,Hard Drive,1,85.00
ORD-000779,2024-02-03,C00846,Headphones,2,150.00
ORD-000780,2024-02-03,C01414,USB-C Hub,1,42.75
ORD-000781,2024-02-03,C01160,Ultrawide Monitor,1,558.00
ORD-000782,2024-02-03,C00348,External SSD,1,126.00
ORD-000783,2024-02-03,C00149,Bluetooth Speaker,1,110.00
ORD-000784,2024-02-03,C00593,Bluetooth Speaker,1,110.00
ORD-000785,2024-02-03,C00752,USB-C Hub,1,45.00
ORD-000786,2024-02-03,C00821,Bluetooth Speaker,1,110.00
ORD-000787,2024-02-03,C00920,Keyboard,1,76.00
ORD-000788,2024-02-03,C01342,Hard Drive,1,80.75
ORD-000789,2024-02-03,C00826,USB-C Hub,2,40.50
ORD-000789,2024-02-03,C00826,Webcam,3,76.00
ORD-000790,2024-02-03,C01160,Bluetooth Speaker,1,110.00
ORD-000790,2024-02-03,C01160,Hard Drive,1,85.00
ORD-000791,2024-02-03,C01410,USB-C Hub,1,45.00
ORD-000791,2024-02-03,C01410,Keyboard,2,80.00
ORD-000792,2024-02-03,C00757,USB-C Hub,3,45.00
ORD-000793,2024-02-03,C01299,Mouse,5,22.50
ORD-000793,2024-02-03,C01299,Desktop PC,2,950.00
ORD-000794,2024-02-03,C00703,Mesh Wi-Fi Kit,5,288.00
ORD-000795,2024-02-03,C00295,Hard Drive,1,85.00
ORD-000796,2024-02-03,C00790,Headphones,1,135.00
ORD-000797,2024-02-03,C00335,USB-C Hub,1,45.00
ORD-000798,2024-02-03,C01124,Bluetooth Speaker,1,110.00
ORD-000799,2024-02-03,C00829,Headphones,1,150.00
ORD-000799,2024-02-03,C00829,USB-C Hub,1,45.00
ORD-000800,2024-02-03,C00703,Microphone,4,130.00
ORD-000801,2024-02-03,C00875,Bluetooth Speaker,4,110.00
ORD-000802,2024-02-03,C01379,Headphones,3,150.00
ORD-000802,2024-02-03,C01379,Router,4,175.00
ORD-000803,2024-02-03,C00933,Mesh Wi-Fi Kit,4,320.00
ORD-000804,2024-02-04,C00008,Microphone,2,130.00
ORD-000805,2024-02-04,C00908,Bluetooth Speaker,3,110.00
ORD-000806,2024-02-04,C01263,USB-C Hub,1,45.00
ORD-000807,2024-02-04,C01285,Webcam,2,95.00
ORD-000808,2024-02-04,C01160,Mouse,1,25.00
ORD-000809,2024-02-04,C00703,USB-C Hub,2,45.00
ORD-000809,2024-02-04,C00703,Tablet,1,480.00
ORD-000810,2024-02-04,C01159,External SSD,3,133.00
ORD-000811,2024-02-04,C00172,Hard Drive,1,85.00
ORD-000812,2024-02-04,C00829,Bluetooth Speaker,2,99.00
ORD-000813,2024-02-04,C00703,Bluetooth Speaker,2,110.00
ORD-000813,2024-02-04,C00703,Tablet,1,480.00
ORD-000813,2024-02-04,C00703,Monitor,1,300.00
ORD-000814,2024-02-04,C00829,Bluetooth Speaker,1,99.00
ORD-000815,2024-02-04,C01160,Mouse,1,25.00
ORD-000816,2024-02-04,C00137,External SSD,1,126.00
ORD-000816,2024-02-04,C00137,Mesh Wi-Fi Kit,1,320.00
ORD-000817,2024-02-04,C00826,Mouse,3,25.00
ORD-000817,2024-02-04,C00826,Keyboard,2,80.00
ORD-000818,2024-02-04,C00703,Webcam,2,90.25
ORD-000819,2024-02-04,C00703,Ultrawide Monitor,1,620.00
ORD-000820,2024-02-04,C00339,External SSD,5,133.00
ORD-000820,2024-02-04,C00339,Microphone,1,104.00
ORD-000821,2024-02-04,C00295,Hard Drive,1,85.00
ORD-000822,2024-02-04,C00822,Headphones,3,150.00
ORD-000822,2024-02-04,C00822,External SSD,3,140.00
ORD-000823,2024-02-04,C00829,Mesh Wi-Fi Kit,3,288.00
ORD-000824,2024-02-04,C01342,Keyboard,3,80.00
ORD-000825,2024-02-04,C01176,Hard Drive,1,85.00
ORD-000825,2024-02-04,C01176,Bluetooth Speaker,1,104.50
ORD-000825,2024-02-04,C01176,Ultrawide Monitor,2,558.00
ORD-000826,2024-02-05,C00563,Headphones,1,150.00
ORD-000826,2024-02-05,C00563,Microphone,1,130.00
ORD-000827,2024-02-05,C01153,Hard Drive,1,85.00
ORD-000827,2024-02-05,C01153,Monitor,4,285.00
ORD-000827,2024-02-05,C01153,Mesh Wi-Fi Kit,3,288.00
ORD-000828,2024-02-05,C00388,Tablet,1,480.00
ORD-000829,2024-02-05,C00217,Headphones,1,142.50
ORD-000830,2024-02-05,C00569,Bluetooth Speaker,4,110.00
ORD-000830,2024-02-05,C00569,Mouse,1,23.75
ORD-000831,2024-02-05,C00829,Ultrawide Monitor,4,620.00
ORD-000832,2024-02-05,C00776,External SSD,2,140.00
ORD-000833,2024-02-05,C00522,Keyboard,2,64.00
ORD-000834,2024-02-05,C01186,External SSD,2,140.00
ORD-000835,2024-02-05,C00617,Desktop PC,1,902.50
ORD-000835,2024-02-05,C00617,Tablet,4,480.00
ORD-000836,2024-02-05,C00456,Hard Drive,1,80.75
ORD-000837,2024-02-05,C00829,Mouse,5,23.75
ORD-000838,2024-02-05,C00300,Microphone,2,130.00
ORD-000839,2024-02-06,C00290,Microphone,1,104.00
ORD-000840,2024-02-06,C01258,Laptop,1,1200.00
ORD-000841,2024-02-06,C00998,USB-C Hub,3,45.00
ORD-000842,2024-02-06,C01365,Webcam,1,76.00
ORD-000843,2024-02-06,C01160,Hard Drive,1,85.00
ORD-000844,2024-02-06,C00580,Keyboard,1,64.00
ORD-000845,2024-02-06,C00055,Webcam,1,95.00
ORD-000846,2024-02-06,C01160,Keyboard,1,80.00
ORD-000846,2024-02-06,C01160,External SSD,3,126.00
ORD-000847,2024-02-06,C00655,Mouse,2,25.00
ORD-000848,2024-02-06,C00180,Microphone,1,123.50
ORD-000848,2024-02-06,C00180,Monitor,3,300.00
ORD-000848,2024-02-06,C00180,Hard Drive,1,68.00
ORD-000849,2024-02-06,C00907,Mesh Wi-Fi Kit,3,320.00
ORD-000849,2024-02-06,C00907,Tablet,1,480.00
ORD-000850,2024-02-06,C00829,Microphone,2,130.00
ORD-000851,2024-02-06,C00499,Webcam,2,76.00
ORD-000851,2024-02-06,C00499,Desktop PC,1,950.00
ORD-000852,2024-02-06,C00829,Mouse,1,25.00
ORD-000852,2024-02-06,C00829,Router,1,157.50
ORD-000852,2024-02-06,C00829,Microphone,1,117.00
ORD-000853,2024-02-06,C00458,Bluetooth Speaker,3,110.00
ORD-000853,2024-02-06,C00458,Keyboard,1,80.00
ORD-000853,2024-02-06,,Headphones,2,150.00
ORD-000854,2024-02-07,C01379,Mouse,1,22.50
ORD-000854,2024-02-07,C01379,Monitor,1,300.00
ORD-000855,2024-02-07,C01488,USB-C Hub,5,40.50
ORD-000856,2024-02-07,C00829,Bluetooth Speaker,2,110.00
ORD-000856,2024-02-07,C00829,Webcam,1,90.25
ORD-000857,2024-02-07,C00419,Ultrawide Monitor,1,589.00
ORD-000857,2024-02-07,C00419,Bluetooth Speaker,1,110.00
ORD-000858,2024-02-07,C00618,Microphone,2,130.00
ORD-000858,2024-02-07,C00618,Hard Drive,3,85.00
ORD-000859,2024-02-07,C00138,USB-C Hub,5,45.00
ORD-000860,2024-02-07,C00210,Bluetooth Speaker,1,110.00
ORD-000861,2024-02-07,C00545,Hard Drive,1,N/A
ORD-000862,2024-02-07,C00693,Hard Drive,1,85.00
ORD-000862,2024-02-07,C00693,Tablet,3,432.00
ORD-000862,2024-02-07,C00693,Bluetooth Speaker,3,110.00
ORD-000863,2024-02-07,C01091,External SSD,1,126.00
ORD-000863,2024-02-07,C01091,USB-C Hub,1,45.00
ORD-000864,2024-02-07,C01167,Webcam,1,90.25
ORD-000865,2024-02-07,C00419,Microphone,1,130.00
ORD-000866,2024-02-07,C00829,External SSD,2,133.00
ORD-000866,2024-02-07,C00829,Keyboard,1,80.00
ORD-000866,2024-02-07,C00829,Hard Drive,1,80.75
ORD-000867,2024-02-07,C00554,Keyboard,1,80.00
ORD-000868,2024-02-07,C00919,Mouse,1,25.00
ORD-000868,2024-02-07,C00919,Monitor,2,285.00
ORD-000869,2024-02-07,C01270,Keyboard,1,80.00
ORD-000869,2024-02-07,C01270,Bluetooth Speaker,2,110.00
ORD-000869,2024-02-07,C01270,USB-C Hub,1,45.00
ORD-000870,2024-02-07,C00236,Microphone,1,130.00
ORD-000871,2024-02-07,C00499,Microphone,1,130.00
ORD-000871,2024-02-07,C00499,Laptop,1,1200.00
ORD-000872,2024-02-07,C00870,Mouse,5,22.50
ORD-000872,2024-02-07,C00870,Desktop PC,4,950.00
ORD-000872,2024-02-07,C00870,Tablet,1,480.00
ORD-000873,2024-02-08,C00966,USB-C Hub,1,45.00
ORD-000874,2024-02-08,C01487,Laptop,1,1080.00
ORD-000875,2024-02-08,C00694,Desktop PC,1,950.00
ORD-000876,2024-02-08,C00800,Hard Drive,1,76.50
ORD-000877,2024-02-08,C01425,Router,1,175.00
ORD-000877,2024-02-08,C01425,Microphone,1,117.00
ORD-000878,2024-02-08,C01289,Keyboard,1,64.00
ORD-000878,2024-02-08,C01289,Webcam,5,90.25
ORD-000879,2024-02-08,C00205,USB-C Hub,1,42.75
ORD-000880,2024-02-08,C00130,Mouse,1,25.00
ORD-000881,2024-02-08,C01206,Hard Drive,2,76.50
ORD-000882,2024-02-08,C00876,Headphones,1,150.00
ORD-000883,2024-02-08,C00829,Mouse,1,25.00
ORD-000884,2024-02-08,C00296,Mouse,1,25.00
ORD-000885,2024-02-08,C00260,Mesh Wi-Fi Kit,2,320.00
ORD-000885,2024-02-08,C00260,Headphones,4,135.00
ORD-000886,2024-02-08,C00077,Monitor,1,285.00
ORD-000887,2024-02-08,C01324,Headphones,1,150.00
ORD-000888,2024-02-08,C00703,USB-C Hub,4,42.75
ORD-000888,2024-02-08,C00703,Webcam,2,90.25
ORD-000889,2024-02-09,C00752,USB-C Hub,-1,45.00
ORD-000889,2024-02-09,C00752,Router,2,166.25
ORD-000889,2024-02-09,C00752,External SSD,5,140.00
ORD-000890,2024-02-09,C00829,USB-C Hub,1,45.00
ORD-000891,2024-02-09,C01324,Hard Drive,1,80.75
ORD-000892,2024-02-09,C01220,USB-C Hub,2,45.00
ORD-000892,2024-02-09,C01220,Mouse,1,25.00
ORD-000893,2024-02-09,C01372,Microphone,1,130.00
ORD-000893,2024-02-09,C01372,Router,1,175.00
ORD-000894,2024-02-09,C00228,Tablet,2,480.00
ORD-000894,2024-02-09,C00228,USB-C Hub,1,45.00
ORD-000895,2024-02-09,C01289,  USB-C Hub ,1,45.00
ORD-000895,2024-02-09,C01289,Laptop,1,1200.00
ORD-000895,2024-02-09,C01289,Headphones,1,150.00
ORD-000896,2024-02-09,C01204,Webcam,3,95.00
ORD-000897,2024-02-09,C00114,Headphones,3,142.50
ORD-000898,2024-02-09,C00703,Mouse,1,25.00
ORD-000899,2024-02-09,C00587,Router,1,175.00
ORD-000900,2024-02-09,C01359,Headphones,3,150.00
ORD-000900,2024-02-09,C01359,Bluetooth Speaker,4,110.00
ORD-000901,2024-02-09,C00419,USB-C Hub,2,45.00
ORD-000901,2024-02-09,C00419,Ultrawide Monitor,5,620.00
ORD-000902,2024-02-09,C00517,Headphones,2,150.00
ORD-000902,2024-02-09,C00517,USB-C Hub,1,45.00
ORD-000903,2024-02-09,C00837,Tablet,2,480.00
ORD-000904,2024-02-09,C01369,USB-C Hub,1,45.00
ORD-000905,2024-02-09,C01124,Microphone,1,130.00
ORD-000905,2024-02-09,C01124,External SSD,4,140.00
ORD-000906,2024-02-09,C01160,Mouse,5,25.00
ORD-000907,2024-02-09,C00219,Mouse,2,25.00
ORD-000908,2024-02-09,C00419,Monitor,1,300.00
ORD-000908,2024-02-09,C00419,External SSD,2,140.00
ORD-000909,2024-02-09,C00458,Laptop,3,1200.00
ORD-000910,2024-02-09,C00703,Headphones,3,150.00
ORD-000911,2024-02-09,C00699,Hard Drive,2,85.00
ORD-000911,2024-02-09,C00699,Webcam,1,95.00
ORD-000911,2024-02-09,C00699,Mouse,2,25.00
ORD-000912,2024-02-09,C01057,USB-C Hub,4,42.75
ORD-000913,2024-02-09,C00348,Mouse,1,25.00
ORD-000914,2024-02-09,C00374,USB-C Hub,1,45.00
ORD-000914,2024-02-09,C00374,Keyboard,1,80.00
ORD-000915,2024-02-10,C00226,Hard Drive,1,76.50
ORD-000916,2024-02-10,C00881,External SSD,2,126.00
ORD-000917,2024-02-10,C00855,Mouse,1,25.00
ORD-000918,2024-02-10,C00962,Keyboard,2,80.00
ORD-000919,2024-02-10,C00829,Hard Drive,2,85.00
ORD-000920,2024-02-10,C00703,Mesh Wi-Fi Kit,1,320.00
ORD-000921,2024-02-10,C00346,Hard Drive,2,85.00
ORD-000921,2024-02-10,C00346,Tablet,1,480.00
ORD-000921,2024-02-10,C00346,USB-C Hub,4,45.00
ORD-000922,2024-02-10,C00600,Router,1,175.00
ORD-000923,2024-02-10,C00829,Keyboard,1,80.00
ORD-000924,2024-02-10,C00776,Ultrawide Monitor,1,620.00
ORD-000924,2024-02-10,C00776,Microphone,1,130.00
ORD-000925,2024-02-10,C00833,Bluetooth Speaker,1,99.00
ORD-000926,2024-02-10,C01384,Tablet,3,480.00
ORD-000927,2024-02-10,C00966,Microphone,2,104.00
ORD-000927,2024-02-10,C00966,Webcam,3,95.00
ORD-000927,2024-02-10,C00966,Hard Drive,4,85.00
ORD-000928,2024-02-10,C01499,Keyboard,3,64.00
ORD-000928,2024-02-10,C01499,Ultrawide Monitor,4,589.00
ORD-000929,2024-02-10,C00761,Keyboard,1,80.00
ORD-000929,2024-02-10,C00761,USB-C Hub,1,42.75
ORD-000930,2024-02-10,C01072,Hard Drive,2,85.00
ORD-000931,2024-02-10,C00829,Mouse,1,25.00
ORD-000932,2024-02-10,C00379,Microphone,1,130.00
ORD-000933,2024-02-10,C00600,USB-C Hub,1,45.00
ORD-000934,2024-02-11,C00739,Mouse,1,23.75
ORD-000935,2024-02-11,C01225,Bluetooth Speaker,4,110.00
ORD-000936,2024-02-11,C00703,Hard Drive,1,85.00
ORD-000937,2024-02-11,C00453,External SSD,1,140.00
ORD-000938,2024-02-11,C00055,USB-C Hub,2,42.75
ORD-000938,2024-02-11,C00055,Router,2,175.00
ORD-000938,2024-02-11,C00055,Mouse,1,20.00
ORD-000939,2024-02-11,C00052,Webcam,3,95.00
ORD-000939,2024-02-11,C00052,USB-C Hub,4,42.75
ORD-000940,2024-02-11,C00723,USB-C Hub,1,45.00
ORD-000940,2024-02-11,C00723,Headphones,1,150.00
ORD-000940,2024-02-11,C00723,Bluetooth Speaker,1,104.50
ORD-000941,2024-02-11,C01021,Mouse,1,25.00
ORD-000942,2024-02-11,C01430,USB-C Hub,1,42.75
ORD-000942,2024-02-11,C01430,Webcam,5,85.50
ORD-000942,2024-02-11,C01430,Monitor,2,300.00
ORD-000943,2024-02-11,C00703,Keyboard,1,76.00
ORD-000944,2024-02-11,C01289,Bluetooth Speaker,2,99.00
ORD-000945,2024-02-11,C00829,USB-C Hub,4,45.00
ORD-000946,2024-02-11,C00440,External SSD,3,140.00
ORD-000947,2024-02-11,C00419,Bluetooth Speaker,4,110.00
ORD-000948,2024-02-11,C00703,Mouse,1,25.00
ORD-000949,2024-02-11,C00476,Router,2,175.00
ORD-000950,2024-02-11,C00419,Mouse,1,25.00
ORD-000950,2024-02-11,C00419,Headphones,1,150.00
ORD-000951,2024-02-11,C01294,Mesh Wi-Fi Kit,1,320.00
ORD-000952,2024-02-11,C00693,Hard Drive,3,85.00
ORD-000953,2024-02-11,C00092,Ultrawide Monitor,1,620.00
ORD-000954,2024-02-11,C01384,Desktop PC,1,902.50
ORD-000955,2024-02-11,C01176,Microphone,5,130.00
ORD-000956,2024-02-11,C00348,Keyboard,3,72.00
ORD-000956,2024-02-11,C00348,External SSD,1,140.00
ORD-000957,2024-02-11,C01193,Headphones,1,150.00
ORD-000958,2024-02-11,C00640,Keyboard,1,76.00
ORD-000958,2024-02-11,C00640,Webcam,1,85.50
ORD-000959,2024-02-12,C00703,  Webcam ,1,95.00
ORD-000960,2024-02-12,C00796,Bluetooth Speaker,1,104.50
ORD-000961,2024-02-12,C00703,Microphone,1,130.00
ORD-000962,2024-02-12,C01160,Microphone,4,130.00
ORD-000963,2024-02-12,C00143,USB-C Hub,2,45.00
ORD-000964,2024-02-12,C00419,Microphone,2,130.00
ORD-000965,2024-02-12,C00881,Microphone,3,117.00
ORD-000966,2024-02-12,C00019,Router,1,175.00
ORD-000967,2024-02-12,C00375,External SSD,1,126.00
ORD-000967,2024-02-12,C00375,Router,1,175.00
ORD-000968,2024-02-12,C00184,Router,1,175.00
ORD-000969,2024-02-12,C00703,USB-C Hub,1,45.00
ORD-000970,2024-02-12,C00735,Microphone,1,130.00
ORD-000970,2024-02-12,C00735,Hard Drive,5,85.00
ORD-000971,2024-02-12,C00410,Router,1,157.50
ORD-000972,2024-02-12,C01160,USB-C Hub,5,45.00
ORD-000973,2024-02-12,C00354,Laptop,2,1200.00
ORD-000973,2024-02-12,C00354,Bluetooth Speaker,2,99.00
ORD-000974,2024-02-12,C01104,Mesh Wi-Fi Kit,1,320.00
ORD-000975,2024-02-13,C00759,Headphones,1,150.00
ORD-000976,2024-02-13,C01370,USB-C Hub,4,45.00
ORD-000976,2024-02-13,C01370,Mesh Wi-Fi Kit,2,320.00
ORD-000976,2024-02-13,C01370,Webcam,1,95.00
ORD-000977,2024-02-13,C00155,Keyboard,1,80.00
ORD-000977,2024-02-13,C00155,USB-C Hub,1,42.75
ORD-000977,2024-02-13,C00155,Monitor,1,300.00
ORD-000978,2024-02-13,C00403,Hard Drive,1,85.00
ORD-000978,2024-02-13,C00403,Mouse,5,22.50
ORD-000979,2024-02-13,C01134,Webcam,1,76.00
ORD-000980,2024-02-13,C00957,External SSD,1,126.00
ORD-000980,2024-02-13,C00957,Headphones,0,135.00
ORD-000980,2024-02-13,C00957,USB-C Hub,4,42.75
ORD-000981,2024-02-13,C00829,Tablet,2,456.00
ORD-000982,2024-02-13,C00453,Router,5,175.00
ORD-000982,2024-02-13,C00453,Hard Drive,1,76.50
ORD-000983,2024-02-13,C01457,Router,2,166.25
ORD-000984,2024-02-13,C00583,Mouse,3,25.00
ORD-000985,2024-02-13,C00003,Bluetooth Speaker,1,110.00
ORD-000986,2024-02-13,C00154,Headphones,1,150.00
ORD-000986,2024-02-13,C00154,Hard Drive,5,80.75
ORD-000987,2024-02-14,C00620,External SSD,1,140.00
ORD-000987,2024-02-14,C00620,Router,2,175.00
ORD-000988,2024-02-14,C01257,Tablet,1,480.00
ORD-000989,2024-02-14,C01351,Bluetooth Speaker,3,110.00
ORD-000990,2024-02-14,C01188,Bluetooth Speaker,4,104.50
ORD-000991,2024-02-14,C00829,USB-C Hub,1,45.00
ORD-000992,2024-02-14,C01441,Router,1,N/A
ORD-000993,2024-02-14,C00829,Hard Drive,4,85.00
ORD-000993,2024-02-14,C00829,USB-C Hub,1,45.00
ORD-000994,2024-02-14,C01312,Monitor,2,300.00
ORD-000995,2024-02-14,C00777,Mouse,1,25.00
ORD-000995,2024-02-14,C00777,Mesh Wi-Fi Kit,1,320.00
ORD-000995,2024-02-14,C00777,Laptop,3,1080.00
ORD-000996,2024-02-14,C01124,Hard Drive,2,85.00
ORD-000997,2024-02-14,C01085,USB-C Hub,1,40.50
ORD-000998,2024-02-14,C01059,Mouse,1,25.00
ORD-000998,2024-02-14,C01059,Webcam,5,95.00
ORD-000998,2024-02-14,C01059,Hard Drive,2,76.50
ORD-000999,2024-02-14,C01426,Mesh Wi-Fi Kit,3,N/A
ORD-000999,2024-02-14,C01426,Keyboard,1,80.00
ORD-001000,2024-02-14,C01136,Mouse,1,25.00
ORD-001000,2024-02-14,C01136,Webcam,1,95.00
ORD-001001,2024-02-14,C01160,Webcam,1,95.00
ORD-001002,2024-02-14,C00669,Bluetooth Speaker,1,110.00
ORD-001003,2024-02-14,C00829,Microphone,1,130.00
ORD-001003,2024-02-14,C00829,Router,1,175.00
ORD-001004,2024-02-15,C00488,Mouse,2,23.75
ORD-001005,2024-02-15,C00568,Keyboard,1,80.00
ORD-001006,2024-02-15,C00535,Mesh Wi-Fi Kit,1,320.00
ORD-001007,2024-02-15,C00014,Mouse,1,20.00
ORD-001008,2024-02-15,C00542,USB-C Hub,4,45.00
ORD-001008,2024-02-15,C00542,Mouse,2,25.00
ORD-001008,2024-02-15,C00542,Bluetooth Speaker,3,110.00
ORD-001009,2024-02-15,C01223,Hard Drive,1,85.00
ORD-001009,2024-02-15,C01223,Microphone,1,130.00
ORD-001010,2024-02-15,C00539,Microphone,2,130.00
ORD-001010,2024-02-15,C00539,Mesh Wi-Fi Kit,5,304.00
ORD-001011,2024-02-15,C01160,Laptop,2,960.00
ORD-001012,2024-02-15,C01160,Microphone,1,117.00
ORD-001012,2024-02-15,C01160,Router,1,175.00
ORD-001013,2024-02-15,C00703,Hard Drive,1,85.00
ORD-001013,2024-02-15,C00703,Webcam,2,90.25
ORD-001014,2024-02-15,C00286,USB-C Hub,3,45.00
ORD-001015,2024-02-15,C01376,Keyboard,1,80.00
ORD-001016,2024-02-15,C00703,Tablet,1,456.00
ORD-001017,2024-02-15,C01172,Mouse,1,25.00
ORD-001018,2024-02-15,C00611,Router,1,175.00
ORD-001018,2024-02-15,C00611,Tablet,1,456.00
ORD-001019,2024-02-15,C00419,Hard Drive,1,85.00
ORD-001019,2024-02-15,C00419,Bluetooth Speaker,2,110.00
ORD-001020,2024-02-15,C01160,Hard Drive,2,85.00
ORD-001021,2024-02-15,C00104,Laptop,1,1140.00
ORD-001022,2024-02-15,C00596,Microphone,2,130.00
ORD-001022,2024-02-15,C00596,Bluetooth Speaker,1,110.00
ORD-001023,2024-02-15,C00064,Tablet,1,480.00
ORD-001024,2024-02-15,C00348,Microphone,1,117.00
ORD-001024,2024-02-15,C00348,USB-C Hub,1,45.00
ORD-001025,2024-02-15,C00829,Hard Drive,1,85.00
ORD-001026,2024-02-15,C00820,Microphone,2,130.00
ORD-001027,2024-02-16,C00834,Webcam,1,90.25
ORD-001028,2024-02-16,C00703,Bluetooth Speaker,5,110.00
ORD-001029,2024-02-16,C00295,Mouse,1,25.00
ORD-001030,2024-02-16,C01066,Mouse,1,25.00
ORD-001031,2024-02-16,C01387,External SSD,1,140.00
ORD-001032,2024-02-16,C01171,Hard Drive,1,85.00
ORD-001033,2024-02-16,C01335,Mesh Wi-Fi Kit,1,288.00
ORD-001034,2024-02-16,C00600,Keyboard,1,80.00
ORD-001034,2024-02-16,C00600,Microphone,2,130.00
ORD-001035,2024-02-16,C01120,Mouse,1,25.00
ORD-001035,2024-02-16,C01120,Webcam,1,95.00
ORD-001036,2024-02-16,C00391,Bluetooth Speaker,5,110.00
ORD-001037,2024-02-16,C00609,Hard Drive,3,85.00
ORD-001038,2024-02-16,C00703,Bluetooth Speaker,1,110.00
ORD-001039,2024-02-16,C00488,Monitor,1,285.00
ORD-001040,2024-02-16,C01443,USB-C Hub,2,45.00
ORD-001041,2024-02-16,C01160,Mouse,1,23.75
ORD-001042,2024-02-16,C00829,Mouse,1,23.75
ORD-001042,2024-02-16,C00829,Bluetooth Speaker,1,110.00
ORD-001043,2024-02-16,C01160,Webcam,1,95.00
ORD-001044,2024-02-16,C00055,Monitor,2,300.00
ORD-001045,2024-02-16,C00834,Headphones,1,150.00
ORD-001046,2024-02-16,C01478,Desktop PC,2,950.00
ORD-001047,2024-02-16,C00419,Webcam,1,95.00
ORD-001047,2024-02-16,C00419,Laptop,4,1080.00
ORD-001047,2024-02-16,C00419,USB-C Hub,1,45.00
ORD-001048,2024-02-16,C00563,Headphones,1,120.00
ORD-001048,2024-02-16,C00563,Mouse,3,23.75
ORD-001049,2024-02-16,C00192,Keyboard,1,72.00
ORD-001050,2024-02-16,C01204,USB-C Hub,1,40.50
ORD-001051,2024-02-17,C01124,Monitor,1,300.00
ORD-001052,2024-02-17,C01077,Webcam,2,95.00
ORD-001053,2024-02-17,C01160,Mesh Wi-Fi Kit,1,320.00
ORD-001053,2024-02-17,C01160,Laptop,2,1200.00
ORD-001054,2024-02-17,C01160,Router,2,175.00
ORD-001055,2024-02-17,C00676,Monitor,1,270.00
ORD-001055,2024-02-17,C00676,Router,2,175.00
ORD-001056,2024-02-17,C00829,Headphones,2,135.00
ORD-001057,2024-02-17,C00379,Keyboard,1,80.00
ORD-001057,2024-02-17,C00379,Mesh Wi-Fi Kit,1,304.00
ORD-001057,2024-02-17,C00379,Mouse,1,25.00
ORD-001058,2024-02-17,C00703,Ultrawide Monitor,2,558.00
ORD-001059,2024-02-17,C01213,Router,1,166.25
ORD-001059,2024-02-17,C01213,Microphone,1,130.00
ORD-001059,2024-02-17,C01213,Mouse,1,25.00
ORD-001060,2024-02-17,C01160,Mouse,3,25.00
ORD-001061,2024-02-17,C00703,External SSD,1,133.00
ORD-001062,2024-02-17,C00881,Router,2,175.00
ORD-001063,2024-02-17,C00232,Mouse,2,25.00
ORD-001063,2024-02-17,C00232,Webcam,3,95.00
ORD-001064,2024-02-17,C00414,Keyboard,3,80.00
ORD-001065,2024-02-17,C00028,Mouse,4,25.00
ORD-001065,2024-02-17,C00028,Bluetooth Speaker,1,110.00
ORD-001065,2024-02-17,C00028,Monitor,2,285.00
ORD-001066,2024-02-17,C00236,Bluetooth Speaker,1,110.00
ORD-001066,2024-02-17,C00236,Microphone,1,104.00
ORD-001067,2024-02-17,C00776,Keyboard,-1,76.00
ORD-001067,2024-02-17,C00776,Webcam,1,95.00
ORD-001067,2024-02-17,C00776,Microphone,1,130.00
ORD-001068,2024-02-17,C01362,USB-C Hub,1,45.00
ORD-001069,2024-02-17,C00514,Desktop PC,1,855.00
ORD-001069,2024-02-17,C00514,Mesh Wi-Fi Kit,1,288.00
ORD-001070,2024-02-17,C00137,External SSD,1,140.00
ORD-001071,2024-02-17,C01067,Microphone,2,123.50
ORD-001071,2024-02-17,C01067,USB-C Hub,3,45.00
ORD-001072,2024-02-17,C00577,Bluetooth Speaker,2,110.00
ORD-001072,2024-02-17,C00577,Mouse,3,23.75
ORD-001073,2024-02-17,C00880,Mouse,1,23.75
ORD-001074,2024-02-17,C01105,Laptop,2,1200.00
ORD-001075,2024-02-17,C00881,External SSD,2,140.00
ORD-001076,2024-02-17,C00849,Bluetooth Speaker,1,110.00
ORD-001077,2024-02-17,C00903,Router,1,175.00
ORD-001078,2024-02-17,C01160,Mesh Wi-Fi Kit,1,320.00
ORD-001079,2024-02-17,C00134,Monitor,1,300.00
ORD-001080,2024-02-17,C00557,Keyboard,1,80.00
ORD-001081,2024-02-18,C00348,Ultrawide Monitor,4,620.00
ORD-001082,2024-02-18,C00453,Bluetooth Speaker,1,110.00
ORD-001083,2024-02-18,C01160,Mesh Wi-Fi Kit,2,320.00
ORD-001083,2024-02-18,C01160,Router,3,175.00
ORD-001084,2024-02-18,C00829,Laptop,1,1200.00
ORD-001085,2024-02-18,C01160,External SSD,1,140.00
ORD-001086,2024-02-18,C00693,Webcam,1,95.00
ORD-001087,2024-02-18,C01160,Microphone,1,123.50
ORD-001088,2024-02-18,C01289,External SSD,1,112.00
ORD-001088,2024-02-18,C01289,USB-C Hub,2,45.00
ORD-001089,2024-02-18,C00514,Webcam,1,85.50
ORD-001089,2024-02-18,C00514,Mouse,2,25.00
ORD-001090,2024-02-18,C01160,Keyboard,3,80.00
ORD-001090,2024-02-18,C01160,Hard Drive,1,85.00
ORD-001091,2024-02-18,C00808,Monitor,2,300.00
ORD-001092,2024-02-18,C00624,Mouse,1,22.50
ORD-001093,2024-02-18,C00829,Bluetooth Speaker,2,110.00
ORD-001093,2024-02-18,C00829,Mouse,3,25.00
ORD-001093,2024-02-18,C00829,Mesh Wi-Fi Kit,4,320.00
ORD-001094,2024-02-18,C00957,USB-C Hub,1,40.50
ORD-001095,2024-02-18,C00154,USB-C Hub,1,45.00
ORD-001095,2024-02-18,C00154,Tablet,1,480.00
ORD-001096,2024-02-18,C00752,Mouse,1,25.00
ORD-001096,2024-02-18,C00752,Bluetooth Speaker,2,110.00
ORD-001097,2024-02-18,C01399,Monitor,1,300.00
ORD-001098,2024-02-18,C00419,External SSD,1,140.00
ORD-001098,2024-02-18,C00419,USB-C Hub,1,45.00
ORD-001099,2024-02-18,C01292,Keyboard,1,80.00
ORD-001100,2024-02-18,C01384,Hard Drive,2,80.75
ORD-001100,2024-02-18,C01384,Monitor,1,300.00
ORD-001101,2024-02-18,C00936,Monitor,4,270.00
ORD-001101,2024-02-18,C00936,Hard Drive,1,85.00
ORD-001102,2024-02-18,C00994,Tablet,1,456.00
ORD-001103,2024-02-18,C00703,Webcam,1,95.00
ORD-001103,2024-02-18,C00703,Router,3,175.00
ORD-001103,2024-02-18,C00703,Mouse,1,22.50
ORD-001104,2024-02-18,C00190,USB-C Hub,1,45.00
ORD-001104,2024-02-18,C00190,Mouse,1,25.00
ORD-001105,2024-02-18,C01118,Webcam,1,95.00
ORD-001106,2024-02-18,C01289,Hard Drive,1,85.00
ORD-001106,2024-02-18,C01289,USB-C Hub,1,45.00
ORD-001107,2024-02-18,C00703,Mouse,1,25.00
ORD-001108,2024-02-19,C00829,Keyboard,2,80.00
ORD-001108,2024-02-19,C00829,Tablet,5,480.00
ORD-001108,2024-02-19,C00829,Mouse,1,22.50
ORD-001109,2024-02-19,C01358,Mesh Wi-Fi Kit,1,256.00
ORD-001109,2024-02-19,C01358,Mouse,4,25.00
ORD-001110,2024-02-19,C00642,Tablet,1,480.00
ORD-001111,2024-02-19,C00703,External SSD,3,140.00
ORD-001112,2024-02-19,C00829,Microphone,1,130.00
ORD-001112,2024-02-19,C00829,Router,2,157.50
ORD-001113,2024-02-19,C00187,External SSD,3,140.00
ORD-001113,2024-02-19,C00187,Mouse,1,25.00
ORD-001114,2024-02-19,C00829,Webcam,1,95.00
ORD-001115,2024-02-19,C01288,External SSD,2,140.00
ORD-001115,2024-02-19,C01288,USB-C Hub,1,45.00
ORD-001116,2024-02-19,C00108,Bluetooth Speaker,1,110.00
ORD-001117,2024-02-19,C00241,Webcam,3,85.50
ORD-001118,2024-02-19,C01414,Mouse,2,25.00
ORD-001119,2024-02-19,C01028,USB-C Hub,3,45.00
ORD-001119,2024-02-19,C01028,Mesh Wi-Fi Kit,1,304.00
ORD-001120,2024-02-19,C01367,External SSD,2,140.00
ORD-001120,2024-02-19,C01367,Ultrawide Monitor,1,620.00
ORD-001121,2024-02-19,C00694,Microphone,1,130.00
ORD-001122,2024-02-19,C00829,Tablet,1,480.00
ORD-001123,2024-02-19,C00598,Webcam,2,95.00
ORD-001123,2024-02-19,C00598,Headphones,1,150.00
ORD-001124,2024-02-19,C00985,Tablet,1,456.00
ORD-001124,2024-02-19,C00985,Headphones,1,135.00
ORD-001125,2024-02-20,C01113,Mesh Wi-Fi Kit,1,304.00
ORD-001125,2024-02-20,C01113,Headphones,3,150.00
ORD-001126,2024-02-20,C00693,  Tablet ,1,480.00
ORD-001126,2024-02-20,C00693,Keyboard,1,80.00
ORD-001127,2024-02-20,C01465,Microphone,2,130.00
ORD-001127,2024-02-20,C01465,Ultrawide Monitor,1,620.00
ORD-001128,2024-02-20,C01370,Router,1,175.00
ORD-001129,2024-02-20,C00378,Headphones,1,135.00
ORD-001129,2024-02-20,C00378,Microphone,2,130.00
ORD-001129,2024-02-20,C00378,Mouse,2,23.75
ORD-001130,2024-02-20,C00236,Mouse,1,25.00
ORD-001130,2024-02-20,C00236,Mesh Wi-Fi Kit,1,320.00
ORD-001131,2024-02-20,C00693,Bluetooth Speaker,2,110.00
ORD-001131,2024-02-20,C00693,Keyboard,1,72.00
ORD-001132,2024-02-20,C01363,Bluetooth Speaker,1,104.50
ORD-001133,2024-02-20,C00025,Mouse,2,25.00
ORD-001133,2024-02-20,C00025,Keyboard,1,80.00
ORD-001134,2024-02-20,C01436,USB-C Hub,1,45.00
ORD-001134,2024-02-20,C01436,Ultrawide Monitor,1,620.00
ORD-001135,2024-02-20,C00837,Ultrawide Monitor,1,558.00
ORD-001136,2024-02-20,C01036,Headphones,1,150.00
ORD-001137,2024-02-20,C01160,Tablet,1,480.00
ORD-001138,2024-02-20,C00272,USB-C Hub,3,45.00
ORD-001139,2024-02-20,C00703,USB-C Hub,1,45.00
ORD-001139,2024-02-20,C00703,Bluetooth Speaker,4,88.00
ORD-001140,2024-02-20,C00494,External SSD,1,126.00
ORD-001141,2024-02-21,C00055,Monitor,2,300.00
ORD-001141,2024-02-21,C00055,Bluetooth Speaker,1,110.00
ORD-001142,2024-02-21,C00863,Keyboard,3,80.00
ORD-001143,2024-02-21,C00703,USB-C Hub,1,45.00
ORD-001143,2024-02-21,C00703,Hard Drive,1,85.00
ORD-001144,2024-02-21,C01186,Microphone,2,104.00
ORD-001144,2024-02-21,C01186,Hard Drive,1,85.00
ORD-001145,2024-02-21,C00829,USB-C Hub,1,42.75
ORD-001145,2024-02-21,C00829,Mouse,3,25.00
ORD-001146,2024-02-21,C00829,Mouse,1,25.00
ORD-001147,2024-02-21,C00337,Bluetooth Speaker,1,110.00
ORD-001147,2024-02-21,C00337,Laptop,1,N/A
ORD-001148,2024-02-21,C00567,External SSD,5,140.00
ORD-001149,2024-02-21,C00656,USB-C Hub,1,40.50
ORD-001149,2024-02-21,C00656,External SSD,4,140.00
ORD-001150,2024-02-21,C01379,Keyboard,1,76.00
ORD-001150,2024-02-21,C01379,Laptop,1,1200.00
ORD-001150,2024-02-21,C01379,Webcam,2,95.00
ORD-001151,2024-02-21,C00419,Mouse,1,25.00
ORD-001151,2024-02-21,C00419,Headphones,3,150.00
ORD-001152,2024-02-21,C00829,Microphone,1,130.00
ORD-001153,2024-02-21,C00703,Desktop PC,1,950.00
ORD-001154,2024-02-21,C00703,Bluetooth Speaker,2,110.00
ORD-001154,2024-02-21,C00703,Tablet,3,480.00
ORD-001155,2024-02-21,C00388,Mouse,1,25.00
ORD-001156,2024-02-22,C00192,Bluetooth Speaker,2,110.00
ORD-001157,2024-02-22,C00516,Keyboard,1,64.00
ORD-001158,2024-13-45,C00250,Ultrawide Monitor,2,620.00
ORD-001158,2024-02-22,C00250,Mouse,3,25.00
ORD-001159,2024-02-22,C01124,Mouse,3,23.75
ORD-001160,2024-02-22,C01203,Microphone,4,123.50
ORD-001161,2024-02-22,C00453,Bluetooth Speaker,3,110.00
ORD-001161,2024-02-22,C00453,Hard Drive,1,85.00
ORD-001162,2024-02-22,C00626,Ultrawide Monitor,3,496.00
ORD-001162,2024-02-22,C00626,Bluetooth Speaker,2,110.00
ORD-001163,2024-02-22,C00235,USB-C Hub,1,42.75
ORD-001164,2024-02-22,C00210,USB-C Hub,3,45.00
ORD-001164,2024-02-22,C00210,Hard Drive,2,85.00
ORD-001165,2024-02-22,C01072,Mouse,1,22.50
ORD-001166,2024-02-22,C01011,Microphone,1,130.00
ORD-001167,2024-02-22,C00829,USB-C Hub,2,40.50
ORD-001168,2024-02-22,C01485,Bluetooth Speaker,1,99.00
ORD-001168,2024-02-22,C01485,USB-C Hub,3,45.00
ORD-001169,2024-02-22,C01384,Ultrawide Monitor,2,620.00
ORD-001170,2024-02-22,C00650,USB-C Hub,1,45.00
ORD-001170,2024-02-22,C00650,Mouse,1,23.75
ORD-001171,2024-02-22,C01160,Mesh Wi-Fi Kit,1,304.00
ORD-001172,2024-02-22,C01452,USB-C Hub,4,40.50
ORD-001173,2024-02-22,C01008,Mouse,2,25.00
ORD-001173,2024-02-22,C01008,Keyboard,1,80.00
ORD-001173,2024-02-22,C01008,Desktop PC,1,950.00
ORD-001174,2024-02-22,C01124,Microphone,1,123.50
ORD-001175,2024-02-22,C01289,Desktop PC,2,950.00
ORD-001175,2024-02-22,C01289,Bluetooth Speaker,3,104.50
ORD-001175,2024-02-22,C01289,Mouse,2,23.75
ORD-001176,2024-02-22,C00829,Desktop PC,2,950.00
ORD-001177,2024-02-23,C00215,Mouse,1,25.00
ORD-001178,2024-02-23,C00380,Mouse,4,25.00
ORD-001179,2024-02-23,C00419,Headphones,1,150.00
ORD-001180,2024-02-23,C00196,Router,1,175.00
ORD-001180,2024-02-23,C00196,Webcam,2,95.00
ORD-001180,2024-02-23,C00196,Headphones,1,150.00
ORD-001181,2024-02-23,C00016,Webcam,1,95.00
ORD-001182,2024-02-23,C00703,Microphone,1,130.00
ORD-001183,2024-02-23,C01229,USB-C Hub,1,45.00
ORD-001183,2024-02-23,C01229,Mouse,1,22.50
ORD-001184,2024-02-23,C00092,Mouse,1,25.00
ORD-001185,2024-02-23,C00694,Microphone,4,117.00
ORD-001185,2024-02-23,C00694,Router,1,140.00
ORD-001186,2024-02-23,C00396,Bluetooth Speaker,1,110.00
ORD-001187,2024-02-23,C01161,Bluetooth Speaker,1,110.00
ORD-001187,2024-02-23,C01161,Webcam,2,95.00
ORD-001188,2024-02-23,C00554,Webcam,1,95.00
ORD-001189,2024-02-23,C01432,Router,1,175.00
ORD-001190,2024-02-23,C01488,Bluetooth Speaker,2,110.00
ORD-001190,2024-02-23,C01488,Microphone,2,130.00
ORD-001191,2024-02-23,C01384,Microphone,1,130.00
ORD-001191,2024-02-23,C01384,Bluetooth Speaker,2,99.00
ORD-001192,2024-02-23,C00703,Tablet,1,456.00
ORD-001192,2024-02-23,C00703,External SSD,2,140.00
ORD-001193,2024-02-23,C00379,Laptop,1,1140.00
ORD-001193,2024-02-23,C00379,Keyboard,5,76.00
ORD-001193,2024-02-23,C00379,Desktop PC,1,950.00
ORD-001194,2024-02-23,C00180,Mouse,2,22.50
ORD-001194,2024-02-23,C00180,Hard Drive,4,85.00
ORD-001195,2024-02-23,C01142,Webcam,4,95.00
ORD-001195,2024-02-23,C01142,USB-C Hub,2,45.00
ORD-001196,2024-02-23,C00067,Webcam,3,95.00
ORD-001196,2024-02-23,C00067,Microphone,1,130.00
ORD-001197,2024-02-23,C00542,Mouse,1,25.00
ORD-001198,2024-02-23,C00703,Microphone,1,130.00
ORD-001199,2024-02-23,C01225,Bluetooth Speaker,2,99.00
ORD-001200,2024-02-23,C00829,Hard Drive,1,80.75
ORD-001201,2024-02-23,C00880,External SSD,1,140.00
ORD-001201,2024-02-23,C00880,Ultrawide Monitor,2,620.00
ORD-001202,2024-02-23,C00727,Mouse,3,22.50
ORD-001203,2024-02-23,C01160,Router,2,166.25
ORD-001203,2024-02-23,C01160,USB-C Hub,5,45.00
ORD-001203,2024-02-23,C01160,Monitor,4,300.00
ORD-001204,2024-02-23,C00829,Hard Drive,2,80.75
ORD-001205,2024-02-24,C00859,Keyboard,1,80.00
ORD-001206,2024-02-24,C00593,Ultrawide Monitor,1,620.00
ORD-001207,2024-02-24,C00443,Mesh Wi-Fi Kit,1,304.00
ORD-001207,2024-02-24,C00443,External SSD,3,140.00
ORD-001207,2024-02-24,C00443,Tablet,4,480.00
ORD-001208,2024-02-24,C01039,Monitor,1,285.00
ORD-001209,2024-02-24,C00137,Mesh Wi-Fi Kit,5,320.00
ORD-001210,2024-02-24,C00975,Webcam,0,90.25
ORD-001211,2024-02-24,C00137,Hard Drive,1,85.00
ORD-001212,2024-02-24,C00423,External SSD,5,140.00
ORD-001213,2024-02-24,C01248,Hard Drive,2,85.00
ORD-001214,2024-02-24,C00286,Webcam,5,95.00
ORD-001214,2024-02-24,C00286,External SSD,1,140.00
ORD-001214,2024-02-24,C00286,Mouse,1,23.75
ORD-001215,2024-02-24,C01289,Tablet,1,432.00
ORD-001215,2024-02-24,C01289,Headphones,2,150.00
ORD-001215,2024-02-24,C01289,Mesh Wi-Fi Kit,2,320.00
ORD-001216,2024-02-24,C00591,Webcam,1,85.50
ORD-001217,2024-02-24,C00433,Keyboard,1,64.00
ORD-001218,2024-02-24,C00376,Desktop PC,1,902.50
ORD-001218,2024-02-24,C00376,USB-C Hub,2,42.75
ORD-001218,2024-02-24,C00376,External SSD,1,140.00
ORD-001219,2024-02-24,C01160,Microphone,3,117.00
ORD-001220,2024-02-24,C01160,Tablet,1,480.00
ORD-001221,2024-02-24,C01056,USB-C Hub,1,40.50
ORD-001221,2024-02-24,C01056,Keyboard,1,80.00
ORD-001222,2024-02-25,C00154,Tablet,1,480.00
ORD-001222,2024-02-25,,Headphones,1,150.00
ORD-001223,2024-02-25,C01292,Desktop PC,1,902.50
ORD-001223,2024-02-25,C01292,Tablet,1,480.00
ORD-001224,2024-02-25,C00829,Keyboard,2,64.00
ORD-001224,2024-02-25,C00829,Router,1,157.50
ORD-001224,2024-02-25,C00829,Hard Drive,1,76.50
ORD-001225,2024-02-25,C01124,Tablet,1,480.00
ORD-001225,2024-02-25,C01124,Mouse,1,25.00
ORD-001226,2024-02-25,C00518,Ultrawide Monitor,1,620.00
ORD-001227,2024-02-25,C00703,Mesh Wi-Fi Kit,-1,320.00
ORD-001228,2024-02-25,C00829,USB-C Hub,1,45.00
ORD-001228,2024-02-25,C00829,Mouse,5,25.00
ORD-001229,2024-02-25,C01488,Tablet,4,480.00
ORD-001230,2024-02-25,C01365,Keyboard,3,80.00
ORD-001231,not-a-date,C00752,Mouse,3,25.00
ORD-001232,2024-02-25,C00703,Microphone,2,130.00
ORD-001233,2024-02-25,C01165,Laptop,2,1200.00
ORD-001234,2024-02-25,C01379,External SSD,5,133.00
ORD-001235,2024-02-25,C00704,External SSD,2,133.00
ORD-001236,2024-02-25,C01256,Bluetooth Speaker,1,110.00
ORD-001237,2024-02-25,C00419,Desktop PC,3,950.00
ORD-001238,2024-02-25,C00565,Laptop,1,1200.00
ORD-001239,2024-02-25,C00829,USB-C Hub,1,45.00
ORD-001239,2024-02-25,C00829,Bluetooth Speaker,1,110.00
ORD-001239,2024-02-25,C00829,Microphone,1,117.00
ORD-001240,2024-02-25,C00703,Mouse,1,22.50
ORD-001241,2024-02-25,C01102,Ultrawide Monitor,4,620.00
ORD-001242,2024-02-25,C00414,Keyboard,2,80.00
ORD-001242,2024-02-25,C00414,Headphones,1,150.00
ORD-001243,2024-02-25,C01289,Keyboard,1,80.00
ORD-001244,2024-02-25,C00724,Ultrawide Monitor,2,620.00
ORD-001245,2024-02-25,C01370,USB-C Hub,2,45.00
ORD-001245,2024-02-25,C01370,External SSD,1,140.00
ORD-001246,2024-02-25,C00872,Bluetooth Speaker,1,110.00
ORD-001247,2024-02-25,C00693,Microphone,3,130.00
ORD-001247,2024-02-25,C00693,External SSD,1,140.00
ORD-001248,2024-02-25,C00846,Ultrawide Monitor,3,620.00
ORD-001249,2024-02-25,C01342,Mouse,1,25.00
ORD-001249,2024-02-25,C01342,Webcam,1,95.00
ORD-001249,2024-02-25,C01342,External SSD,1,140.00
ORD-001250,2024-02-26,C00063,Headphones,4,150.00
ORD-001250,2024-02-26,C00063,Keyboard,1,80.00
ORD-001251,2024-02-26,C00881,Mouse,1,25.00
ORD-001251,2024-02-26,C00881,Hard Drive,2,85.00
ORD-001251,2024-02-26,C00881,Monitor,1,300.00
ORD-001252,2024-02-26,C01136,Microphone,4,130.00
ORD-001253,2024-02-26,C00703,Monitor,1,285.00
ORD-001253,2024-02-26,C00703,Mouse,1,23.75
ORD-001254,2024-02-26,C00829,Webcam,1,95.00
ORD-001254,2024-02-26,C00829,Hard Drive,1,80.75
ORD-001255,2024-02-26,C00348,USB-C Hub,1,45.00
ORD-001256,2024-02-26,C00339,Mouse,1,25.00
ORD-001257,2024-02-26,C01221,Mouse,1,25.00
ORD-001257,2024-02-26,C01221,Tablet,2,432.00
ORD-001258,2024-02-26,C00735,Bluetooth Speaker,1,99.00
ORD-001259,2024-02-26,C01225,Microphone,2,130.00
ORD-001260,2024-02-26,C00419,Headphones,2,150.00
ORD-001261,2024-02-26,C00137,Keyboard,1,80.00
ORD-001261,2024-02-26,C00137,Bluetooth Speaker,5,110.00
ORD-001262,2024-02-26,C00881,Microphone,1,130.00
ORD-001263,2024-02-26,C00660,Router,3,175.00
ORD-001263,2024-02-26,C00660,Keyboard,1,80.00
ORD-001264,2024-02-26,C01452,Mouse,2,22.50
ORD-001265,2024-02-26,C01379,Mouse,4,23.75
ORD-001265,2024-02-26,C01379,External SSD,1,140.00
ORD-001266,2024-02-26,C00577,Mesh Wi-Fi Kit,1,256.00
ORD-001267,2024-02-26,C01417,Hard Drive,2,85.00
ORD-001268,2024-02-26,C01065,Hard Drive,1,80.75
ORD-001268,2024-02-26,C01065,Webcam,2,95.00
ORD-001269,2024-02-27,C01125,Mouse,5,22.50
ORD-001269,2024-02-27,C01125,Tablet,1,432.00
ORD-001269,2024-02-27,C01125,USB-C Hub,1,40.50
ORD-001270,2024-02-27,C01359,Webcam,2,95.00
ORD-001271,2024-02-27,C00419,Microphone,2,104.00
ORD-001272,2024-02-27,C00294,Monitor,1,300.00
ORD-001272,2024-02-27,C00294,Mouse,1,25.00
ORD-001273,2024-02-27,C00554,Mouse,2,25.00
ORD-001273,2024-02-27,C00554,Ultrawide Monitor,1,589.00
ORD-001274,2024-02-27,C01047,Bluetooth Speaker,1,110.00
ORD-001274,2024-02-27,C01047,USB-C Hub,1,45.00
ORD-001275,2024-02-27,C01414,USB-C Hub,2,36.00
ORD-001276,2024-02-27,C00395,Mouse,3,25.00
ORD-001276,2024-02-27,C00395,Tablet,3,480.00
ORD-001276,2024-02-27,C00395,Webcam,4,95.00
ORD-001277,2024-02-27,C00079,Tablet,2,480.00
ORD-001277,2024-02-27,C00079,Hard Drive,1,85.00
ORD-001277,2024-02-27,C00079,USB-C Hub,5,45.00
ORD-001278,2024-02-27,C01488,Monitor,2,300.00
ORD-001279,2024-02-27,C01460,Monitor,1,300.00
ORD-001280,2024-02-27,C01488,Monitor,2,300.00
ORD-001280,2024-02-27,C01488,Mouse,1,25.00
ORD-001281,2024-02-27,C00593,Hard Drive,2,68.00
ORD-001281,2024-02-27,C00593,Headphones,1,120.00
ORD-001281,2024-02-27,C00593,USB-C Hub,1,45.00
ORD-001282,2024-02-27,C01270,Keyboard,1,64.00
ORD-001282,2024-02-27,C01270,Mesh Wi-Fi Kit,2,320.00
ORD-001283,2024-02-27,C00007,Keyboard,4,76.00
ORD-001283,2024-02-27,C00007,Hard Drive,1,80.75
ORD-001284,2024-02-27,C00620,Mouse,-1,25.00
ORD-001284,2024-02-27,C00620,Microphone,2,130.00
ORD-001285,2024-02-27,C00792,Webcam,1,95.00
ORD-001285,2024-02-27,C00792,External SSD,1,140.00
ORD-001286,2024-02-27,C00103,Keyboard,1,76.00
ORD-001286,2024-02-27,C00103,Hard Drive,2,80.75
ORD-001287,2024-02-27,C00290,Mesh Wi-Fi Kit,1,320.00
ORD-001287,2024-02-27,C00290,Desktop PC,2,950.00
ORD-001288,2024-02-27,C00829,Tablet,1,432.00
ORD-001288,2024-02-27,C00829,Webcam,1,95.00
ORD-001289,2024-02-27,C00419,Webcam,2,90.25
ORD-001290,2024-02-27,C01289,Mouse,1,22.50
ORD-001290,2024-02-27,C01289,Laptop,1,1200.00
ORD-001291,2024-02-27,C00998,Keyboard,2,80.00
ORD-001292,2024-02-28,C00462,USB-C Hub,1,45.00
ORD-001292,2024-02-28,C00462,Webcam,3,95.00
ORD-001293,2024-02-28,C00198,Monitor,1,285.00
ORD-001293,2024-02-28,C00198,Mouse,2,25.00
ORD-001293,2024-02-28,C00198,Headphones,2,150.00
ORD-001294,2024-02-28,C01161,Hard Drive,3,85.00
ORD-001295,2024-02-28,C01444,Mesh Wi-Fi Kit,1,320.00
ORD-001295,2024-02-28,C01444,External SSD,-1,140.00
ORD-001296,2024-02-28,C00871,Bluetooth Speaker,1,110.00
ORD-001297,2024-02-28,C00419,  Mouse ,2,25.00
ORD-001297,2024-02-28,C00419,Keyboard,1,80.00
ORD-001297,2024-02-28,C00419,Mesh Wi-Fi Kit,2,304.00
ORD-001298,2024-02-28,C00973,Mesh Wi-Fi Kit,5,320.00
ORD-001299,2024-02-28,C00339,Mouse,2,23.75
ORD-001300,2024-02-28,C00752,Keyboard,3,80.00
ORD-001301,2024-02-28,C00513,Mouse,5,25.00
ORD-001302,2024-02-28,C00565,Bluetooth Speaker,2,110.00
ORD-001302,2024-02-28,C00565,Headphones,4,150.00
ORD-001302,2024-02-28,C00565,USB-C Hub,1,45.00
ORD-001303,2024-02-28,C00703,Mouse,1,25.00
ORD-001303,2024-02-28,C00703,Tablet,1,432.00
ORD-001304,2024-02-28,C01426,Microphone,1,130.00
ORD-001304,2024-02-28,C01426,Router,1,175.00
ORD-001305,2024-02-29,C00636,Hard Drive,1,80.75
ORD-001305,2024-02-29,C00636,Mouse,1,25.00
ORD-001306,2024-02-29,C00829,Mouse,1,25.00
ORD-001307,2024-02-29,C01160,Microphone,1,130.00
ORD-001308,2024-02-29,C00100,USB-C Hub,2,42.75
ORD-001308,2024-02-29,C00100,Webcam,1,90.25
ORD-001308,2024-02-29,C00100,Hard Drive,1,80.75
ORD-001309,2024-02-29,C01267,Tablet,2,480.00
ORD-001310,2024-02-29,C00758,Desktop PC,1,950.00
ORD-001310,2024-02-29,C00758,Keyboard,5,80.00
ORD-001311,2024-02-29,C00928,USB-C Hub,2,40.50
ORD-001312,2024-02-29,C01160,Microphone,2,130.00
ORD-001313,2024-02-29,C01289,Monitor,1,300.00
ORD-001313,2024-02-29,C01289,Hard Drive,2,85.00
ORD-001313,2024-02-29,C01289,USB-C Hub,1,45.00
ORD-001314,2024-02-29,C00816,Webcam,2,95.00
ORD-001314,2024-02-29,C00816,Tablet,1,480.00
ORD-001315,2024-02-29,C01342,Headphones,1,120.00
ORD-001315,2024-02-29,C01342,External SSD,2,140.00
ORD-001316,2024-02-29,C01342,Desktop PC,1,902.50
ORD-001316,2024-02-29,C01342,Router,2,140.00
ORD-001317,2024-02-29,,Desktop PC,3,855.00
ORD-001317,2024-02-29,C01176,External SSD,2,133.00
ORD-001317,2024-02-29,C01176,Webcam,1,90.25
ORD-001318,2024-02-29,C00703,Hard Drive,2,85.00
ORD-001319,2024-02-29,C00424,Webcam,1,85.50
ORD-001319,2024-02-29,C00424,Mesh Wi-Fi Kit,1,304.00
ORD-001320,2024-02-29,C00196,Microphone,1,130.00
ORD-001320,2024-02-29,C00196,Tablet,1,480.00
ORD-001321,2024-02-29,C00741,Mouse,2,25.00
ORD-001321,2024-02-29,C00741,Keyboard,1,80.00
ORD-001321,2024-02-29,C00741,Laptop,2,1080.00
ORD-001322,2024-02-29,C00233,Hard Drive,4,85.00
ORD-001323,2024-02-29,C00139,Tablet,2,456.00
ORD-001323,2024-02-29,C00139,Mouse,1,25.00
ORD-001324,2024-02-29,C01160,Mouse,1,25.00
ORD-001325,2024-02-29,C01205,USB-C Hub,1,45.00
ORD-001326,2024-02-29,C00881,Hard Drive,2,80.75
ORD-001327,2024-03-01,C00694,Bluetooth Speaker,1,110.00
ORD-001327,2024-03-01,C00694,Mouse,1,25.00
ORD-001328,2024-03-01,C01370,Ultrawide Monitor,4,620.00
ORD-001328,2024-03-01,C01370,Router,1,166.25
ORD-001328,2024-03-01,C01370,Microphone,1,130.00
ORD-001329,2024-03-01,C01342,Desktop PC,1,950.00
ORD-001330,2024-03-01,C00672,Webcam,1,95.00
ORD-001330,2024-03-01,C00672,Hard Drive,3,85.00
ORD-001330,2024-03-01,C00672,Headphones,1,142.50
ORD-001331,2024-03-01,C01339,Monitor,3,285.00
ORD-001331,2024-03-01,C01339,Headphones,1,150.00
ORD-001332,2024-03-01,C00703,Monitor,1,300.00
ORD-001333,2024-03-01,C00324,Tablet,2,480.00
ORD-001334,2024-03-01,C01289,Hard Drive,2,76.50
ORD-001335,2024-03-01,C01461,Tablet,1,456.00
ORD-001336,2024-03-01,C00607,Tablet,1,480.00
ORD-001337,2024-03-01,C01436,External SSD,1,140.00
ORD-001338,2024-03-01,C01335,Mouse,1,23.75
ORD-001339,2024-03-01,C00109,Webcam,1,95.00
ORD-001339,2024-03-01,,Bluetooth Speaker,1,110.00
ORD-001339,2024-03-01,C00109,Ultrawide Monitor,2,558.00
ORD-001340,2024-03-01,C00829,Headphones,1,142.50
ORD-001341,2024-03-01,C01225,Router,1,140.00
ORD-001342,2024-03-01,C00676,USB-C Hub,1,42.75
ORD-001343,2024-03-01,C00870,Mesh Wi-Fi Kit,1,320.00
ORD-001343,2024-03-01,C00870,Laptop,1,1200.00
ORD-001343,2024-03-01,C00870,Ultrawide Monitor,1,620.00
ORD-001344,2024-03-01,C01342,Microphone,1,130.00
ORD-001345,2024-03-01,C00039,USB-C Hub,1,40.50
ORD-001346,2024-03-01,C01013,Router,2,157.50
ORD-001346,2024-03-01,C01013,Mouse,2,25.00
ORD-001347,2024-03-01,C00419,Bluetooth Speaker,2,99.00
ORD-001347,2024-03-01,C00419,External SSD,1,140.00
ORD-001348,2024-03-01,C01289,Hard Drive,3,85.00
ORD-001348,2024-03-01,C01289,Webcam,1,90.25
ORD-001349,2024-03-01,C00058,External SSD,1,140.00
ORD-001349,2024-03-01,C00058,Webcam,1,95.00
ORD-001350,2024-03-01,C00396,Mouse,1,25.00
ORD-001350,2024-03-01,C00396,External SSD,1,140.00
ORD-001351,2024-03-01,C00998,External SSD,2,140.00
ORD-001351,2024-03-01,C00998,Hard Drive,1,85.00
ORD-001351,2024-03-01,C00998,Bluetooth Speaker,2,104.50
ORD-001352,2024-03-01,C00419,Tablet,4,480.00
ORD-001352,2024-03-01,C00419,Microphone,2,123.50
ORD-001352,2024-03-01,C00419,Mesh Wi-Fi Kit,2,256.00
ORD-001353,2024-03-01,C00754,Webcam,1,95.00
ORD-001353,2024-03-01,C00754,Mouse,4,23.75
ORD-001354,2024-03-01,C01443,Headphones,1,150.00
ORD-001355,2024-03-01,C00829,Router,3,175.00
ORD-001356,2024-03-02,C01304,Keyboard,1,64.00
ORD-001356,2024-03-02,C01304,Mouse,5,25.00
ORD-001357,2024-03-02,C01160,Keyboard,1,76.00
ORD-001357,2024-03-02,C01160,USB-C Hub,1,45.00
ORD-001358,2024-03-02,C00870,Hard Drive,1,85.00
ORD-001359,2024-03-02,C01426,Bluetooth Speaker,1,110.00
ORD-001359,2024-03-02,C01426,Router,2,175.00
ORD-001359,2024-03-02,C01426,Keyboard,1,76.00
ORD-001360,2024-03-02,C00693,Headphones,1,150.00
ORD-001360,2024-03-02,C00693,Mouse,1,25.00
ORD-001360,2024-03-02,C00693,Webcam,1,95.00
ORD-001361,2024-03-02,C00064,Mouse,2,22.50
ORD-001362,2024-03-02,C00220,Headphones,2,150.00
ORD-001363,2024-03-02,C01490,USB-C Hub,1,45.00
ORD-001364,2024-03-02,C00339,Desktop PC,1,950.00
ORD-001364,2024-03-02,C00339,Microphone,3,104.00
ORD-001365,2024-03-02,C00829,Hard Drive,2,85.00
ORD-001365,2024-03-02,C00829,Ultrawide Monitor,1,558.00
ORD-001365,2024-03-02,C00829,Headphones,1,150.00
ORD-001366,2024-03-02,C01160,Desktop PC,2,950.00
ORD-001367,2024-03-02,C00159,Ultrawide Monitor,1,620.00
ORD-001368,2024-03-02,C00216,Keyboard,1,80.00
ORD-001368,2024-03-02,C00216,Headphones,1,150.00
ORD-001369,2024-03-02,C00829,Webcam,2,95.00
ORD-001369,2024-03-02,C00829,Headphones,2,150.00
ORD-001369,2024-03-02,C00829,Router,1,157.50
ORD-001370,2024-03-02,C01322,Headphones,1,150.00
ORD-001371,2024-03-02,C00137,Headphones,1,150.00
ORD-001371,2024-03-02,C00137,Hard Drive,1,85.00
ORD-001371,2024-03-02,C00137,Mouse,3,22.50
ORD-001372,2024-03-02,C00755,Headphones,2,150.00
ORD-001373,2024-03-02,C00829,Tablet,2,384.00
ORD-001374,2024-03-02,C01409,USB-C Hub,4,45.00
ORD-001375,2024-03-02,C00504,Keyboard,1,80.00
ORD-001375,2024-03-02,C00504,Monitor,5,285.00
ORD-001376,2024-03-02,C00870,External SSD,3,140.00
ORD-001377,2024-03-02,C01151,Desktop PC,1,950.00
ORD-001378,2024-03-02,C01387,USB-C Hub,1,45.00
ORD-001378,2024-03-02,C01387,External SSD,1,140.00
ORD-001379,2024-03-02,C00579,  Mouse ,3,22.50
ORD-001380,2024-13-45,C01483,Mouse,5,25.00
ORD-001380,2024-03-02,C01483,Webcam,1,95.00
ORD-001380,2024-03-02,C01483,Microphone,4,130.00
ORD-001381,2024-03-02,C00887,Mouse,2,25.00
ORD-001382,2024-03-02,C00787,Tablet,1,384.00
ORD-001382,2024-03-02,C00787,Mouse,1,25.00
ORD-001383,2024-03-02,C01379,Mouse,2,22.50
ORD-001384,2024-03-02,C00829,Webcam,2,85.50
ORD-001385,2024-03-02,C01370,USB-C Hub,2,42.75
ORD-001385,2024-03-02,C01370,Headphones,4,150.00
ORD-001385,2024-03-02,C01370,Bluetooth Speaker,3,110.00
ORD-001386,2024-03-02,C00703,Bluetooth Speaker,1,104.50
ORD-001387,2024-03-02,C00703,Mesh Wi-Fi Kit,1,320.00
ORD-001387,2024-03-02,C00703,Laptop,1,1200.00
ORD-001388,2024-03-02,C00829,Webcam,1,76.00
ORD-001388,2024-03-02,C00829,Mouse,1,23.75
ORD-001389,2024-03-02,C01186,Mouse,1,25.00
ORD-001389,2024-03-02,C01186,Bluetooth Speaker,1,104.50
ORD-001390,2024-03-02,C00750,Keyboard,1,80.00
ORD-001390,2024-03-02,C00750,Ultrawide Monitor,2,620.00
ORD-001390,2024-03-02,C00750,Mesh Wi-Fi Kit,5,320.00
ORD-001391,2024-03-02,C00073,Headphones,1,135.00
ORD-001391,2024-03-02,C00073,Mouse,1,25.00
ORD-001392,2024-03-02,C00210,Mouse,5,25.00
ORD-001392,2024-03-02,C00210,Router,1,166.25
ORD-001393,2024-03-02,C00159,Tablet,4,456.00
ORD-001393,2024-03-02,C00159,Mouse,3,23.75
ORD-001394,2024-03-02,C00829,Mouse,1,25.00
ORD-001394,2024-03-02,C00829,External SSD,1,112.00
ORD-001395,2024-03-03,C00870,Mouse,5,25.00
ORD-001396,2024-03-03,C00693,Headphones,1,142.50
ORD-001396,2024-03-03,C00693,Hard Drive,2,85.00
ORD-001397,2024-03-03,C00339,Mouse,5,25.00
ORD-001398,2024-03-03,C01370,Keyboard,5,80.00
ORD-001398,2024-03-03,C01370,Mesh Wi-Fi Kit,1,320.00
ORD-001399,2024-03-03,C00966,Keyboard,2,64.00
ORD-001399,2024-03-03,C00966,Mouse,2,22.50
ORD-001399,2024-03-03,C00966,Headphones,1,135.00
ORD-001400,2024-03-03,C00243,Headphones,2,150.00
ORD-001400,2024-03-03,C00243,USB-C Hub,1,42.75
ORD-001401,2024-03-03,C01370,Monitor,1,300.00
ORD-001402,2024-03-03,C00152,External SSD,4,126.00
ORD-001402,2024-03-03,C00152,USB-C Hub,1,45.00
ORD-001403,2024-03-03,C00419,Webcam,2,95.00
ORD-001403,2024-03-03,C00419,Bluetooth Speaker,1,110.00
ORD-001404,2024-03-03,C00657,Bluetooth Speaker,1,110.00
ORD-001404,2024-03-03,C00657,Headphones,1,150.00
ORD-001405,2024-03-03,C00137,External SSD,1,N/A
ORD-001406,2024-03-03,C00243,Keyboard,1,80.00
ORD-001407,2024-03-03,C01488,Keyboard,1,80.00
ORD-001408,2024-03-03,C00829,Hard Drive,2,76.50
ORD-001409,2024-03-03,C00413,Mouse,1,23.75
ORD-001410,2024-03-03,C00936,USB-C Hub,1,45.00
ORD-001411,2024-03-03,C00966,Mouse,3,25.00
ORD-001412,2024-03-03,C00752,USB-C Hub,1,45.00
ORD-001412,2024-03-03,C00752,Headphones,1,150.00
ORD-001413,2024-03-03,C00185,Mouse,3,23.75
ORD-001413,2024-03-03,C00185,Tablet,2,480.00
ORD-001414,2024-03-03,C00008,USB-C Hub,1,45.00
ORD-001414,2024-03-03,C00008,External SSD,1,133.00
ORD-001415,2024-03-03,C00361,Headphones,1,150.00
ORD-001416,2024-03-03,C00660,Router,1,175.00
ORD-001416,2024-03-03,C00660,Webcam,2,95.00
ORD-001417,2024-03-03,C01289,Router,1,175.00
ORD-001417,2024-03-03,C01289,USB-C Hub,1,36.00
ORD-001418,2024-03-03,C00453,Headphones,3,142.50
ORD-001418,2024-03-03,C00453,Router,1,175.00
ORD-001419,2024-03-03,C01147,Tablet,4,384.00
ORD-001420,2024-03-04,C01419,Mouse,1,22.50
ORD-001421,2024-03-04,C00703,Hard Drive,1,85.00
ORD-001422,2024-03-04,C00808,Microphone,2,130.00
ORD-001423,2024-03-04,C00703,Tablet,1,432.00
ORD-001424,2024-03-04,C00757,Mesh Wi-Fi Kit,1,304.00
ORD-001425,2024-03-04,C00840,External SSD,2,112.00
ORD-001426,2024-03-04,C01260,Mouse,2,25.00
ORD-001427,2024-03-04,C00419,Monitor,3,300.00
ORD-001428,2024-03-04,C00295,Mouse,2,22.50
ORD-001428,2024-03-04,C00295,Bluetooth Speaker,1,104.50
ORD-001429,2024-03-04,C00625,External SSD,1,140.00
ORD-001429,2024-03-04,C00625,Bluetooth Speaker,1,99.00
ORD-001430,2024-03-04,C01136,Router,1,157.50
ORD-001431,2024-03-04,C01289,Webcam,1,85.50
ORD-001432,2024-03-04,C00514,Mesh Wi-Fi Kit,1,304.00
ORD-001432,2024-03-04,C00514,Ultrawide Monitor,2,620.00
ORD-001433,2024-03-04,C00829,Microphone,1,123.50
ORD-001433,2024-03-04,C00829,Mesh Wi-Fi Kit,2,304.00
ORD-001434,2024-03-04,C00172,Microphone,1,130.00
ORD-001434,2024-03-04,C00172,Keyboard,3,80.00
ORD-001435,2024-03-04,C00345,External SSD,1,140.00
ORD-001435,2024-03-04,C00345,Webcam,1,95.00
ORD-001436,2024-03-05,C00419,Headphones,3,150.00
ORD-001436,2024-03-05,C00419,Tablet,2,480.00
ORD-001437,2024-03-05,C00183,Webcam,2,95.00
ORD-001437,2024-03-05,C00183,USB-C Hub,1,45.00
ORD-001437,not-a-date,C00183,Headphones,2,150.00
ORD-001438,2024-03-05,C01289,Hard Drive,1,80.75
ORD-001439,2024-03-05,C00294,Monitor,1,285.00
ORD-001440,2024-03-05,C00703,Mouse,1,25.00
ORD-001440,2024-03-05,C00703,Hard Drive,1,85.00
ORD-001441,2024-03-05,C01462,Hard Drive,1,68.00
ORD-001442,2024-03-05,C01096,Monitor,1,240.00
ORD-001443,2024-03-05,C01298,Monitor,1,300.00
ORD-001443,2024-03-05,C01298,Webcam,1,90.25
ORD-001444,2024-03-05,C01436,USB-C Hub,1,45.00
ORD-001445,2024-03-05,C00829,Headphones,1,150.00
ORD-001446,2024-03-05,C00703,Mouse,1,23.75
ORD-001447,2024-03-05,C00459,USB-C Hub,3,40.50
ORD-001448,2024-03-05,C01129,Webcam,3,95.00
ORD-001449,2024-03-05,C00703,Headphones,1,142.50
ORD-001450,2024-03-05,C00311,Monitor,4,270.00
ORD-001450,2024-03-05,C00311,Mesh Wi-Fi Kit,3,320.00
ORD-001450,2024-03-05,C00311,Webcam,1,95.00
ORD-001451,2024-03-05,C00613,Laptop,3,960.00
ORD-001451,2024-03-05,C00613,USB-C Hub,1,45.00
ORD-001452,2024-03-05,C00348,Router,1,140.00
ORD-001453,2024-03-05,C00402,Webcam,1,95.00
ORD-001454,2024-03-05,C00703,Hard Drive,1,80.75
ORD-001455,2024-03-05,C00703,Keyboard,4,80.00
ORD-001455,2024-03-05,C00703,Hard Drive,3,85.00
ORD-001456,2024-03-06,C00054,Headphones,1,142.50
ORD-001456,2024-03-06,C00054,Laptop,1,1200.00
ORD-001457,2024-03-06,C01151,USB-C Hub,2,40.50
ORD-001457,2024-03-06,C01151,Microphone,1,130.00
ORD-001458,2024-03-06,C00419,Mouse,2,23.75
ORD-001459,2024-03-06,C00881,Laptop,1,1140.00
ORD-001460,2024-03-06,C01374,Keyboard,2,80.00
ORD-001461,2024-03-06,C00137,Keyboard,2,80.00
ORD-001461,2024-03-06,C00137,Mouse,1,23.75
ORD-001462,2024-03-06,C01160,Webcam,1,95.00
ORD-001462,2024-03-06,C01160,Tablet,3,384.00
ORD-001463,2024-03-06,C00147,Mouse,1,25.00
ORD-001464,2024-03-06,C00250,Mouse,1,25.00
ORD-001465,2024-03-06,C00799,USB-C Hub,5,45.00
ORD-001466,2024-03-06,C00137,Keyboard,1,80.00
ORD-001467,2024-03-06,C01151,USB-C Hub,1,45.00
ORD-001467,2024-03-06,C01151,Mouse,1,23.75
ORD-001467,2024-03-06,C01151,External SSD,1,140.00
ORD-001468,2024-03-06,C00117,Keyboard,1,80.00
ORD-001468,2024-03-06,C00117,Mouse,1,25.00
ORD-001468,2024-03-06,C00117,USB-C Hub,2,45.00
ORD-001469,2024-03-06,C00562,Mouse,1,25.00
ORD-001469,2024-03-06,C00562,Router,1,166.25
ORD-001469,2024-03-06,C00562,External SSD,1,140.00
ORD-001470,2024-03-06,C01182,USB-C Hub,1,36.00
ORD-001471,2024-03-06,C01160,Microphone,1,130.00
ORD-001472,2024-03-06,C00829,USB-C Hub,2,45.00
ORD-001472,2024-03-06,C00829,Laptop,1,1200.00
ORD-001473,2024-03-06,C00419,Mouse,1,25.00
ORD-001473,2024-03-06,C00419,Tablet,1,384.00
ORD-001474,2024-03-06,C00394,Mouse,4,25.00
ORD-001474,2024-03-06,C00394,Mesh Wi-Fi Kit,3,288.00
ORD-001475,2024-03-06,C00073,Microphone,2,130.00
ORD-001475,2024-03-06,C00073,Mouse,2,22.50
ORD-001476,2024-03-06,C00703,Keyboard,2,76.00
ORD-001476,2024-03-06,C00703,Webcam,1,90.25
ORD-001477,2024-03-06,C00666,Monitor,3,270.00
ORD-001477,2024-03-06,C00666,Mesh Wi-Fi Kit,1,288.00
ORD-001478,2024-03-07,C00757,Mouse,3,25.00
ORD-001478,2024-03-07,C00757,Hard Drive,3,85.00
ORD-001479,2024-03-07,C00752,Router,1,175.00
ORD-001479,2024-03-07,C00752,Webcam,2,95.00
ORD-001480,2024-03-07,C00870,Desktop PC,2,855.00
ORD-001481,2024-03-07,C00230,Keyboard,2,76.00
ORD-001482,2024-03-07,C00881,Hard Drive,1,85.00
ORD-001482,2024-03-07,C00881,Mouse,1,20.00
ORD-001483,2024-03-07,C00829,Keyboard,5,80.00
ORD-001483,2024-03-07,C00829,Webcam,1,95.00
ORD-001484,2024-03-07,C01333,Headphones,1,150.00
ORD-001484,2024-03-07,C01333,Mouse,3,25.00
ORD-001485,2024-03-07,C01071,Keyboard,1,76.00
ORD-001485,2024-03-07,C01071,Mouse,1,25.00
ORD-001486,2024-03-07,C00357,Mouse,1,22.50
ORD-001487,2024-03-07,C00829,USB-C Hub,1,45.00
ORD-001488,2024-03-07,C00099,Mesh Wi-Fi Kit,1,320.00
ORD-001489,2024-03-07,C01461,External SSD,1,126.00
ORD-001489,2024-03-07,C01461,USB-C Hub,2,45.00
ORD-001490,2024-03-07,C00703,Mesh Wi-Fi Kit,1,304.00
ORD-001490,2024-03-07,C00703,Headphones,1,150.00
ORD-001490,2024-03-07,C00703,Keyboard,4,76.00
ORD-001491,2024-03-07,C00183,Hard Drive,1,85.00
ORD-001491,2024-03-07,C00183,Monitor,1,285.00
ORD-001492,2024-03-07,C00276,USB-C Hub,2,45.00
ORD-001493,2024-03-07,C00064,Microphone,2,130.00
ORD-001493,2024-03-07,C00064,Hard Drive,1,80.75
ORD-001494,2024-03-07,C00258,Headphones,4,150.00
ORD-001495,2024-03-07,C01193,Mesh Wi-Fi Kit,1,320.00
ORD-001495,2024-03-07,C01193,Bluetooth Speaker,1,104.50
ORD-001496,2024-03-07,C01362,Keyboard,3,76.00
ORD-001497,2024-03-07,C01266,Webcam,4,95.00
ORD-001498,2024-03-07,C00419,Ultrawide Monitor,5,620.00
ORD-001498,2024-03-07,C00419,Microphone,2,130.00
ORD-001499,2024-03-07,C01160,Mouse,2,25.00
ORD-001500,2024-03-07,C01070,Keyboard,1,72.00
ORD-001501,2024-03-07,C00829,Router,1,175.00
ORD-001501,2024-03-07,C00829,Keyboard,1,76.00
ORD-001501,2024-03-07,C00829,Mouse,1,25.00
ORD-001502,2024-03-07,C00993,Mouse,2,25.00
ORD-001502,2024-03-07,C00993,Monitor,3,285.00
ORD-001503,2024-03-07,C01430,Hard Drive,1,85.00
ORD-001504,2024-03-08,C00829,External SSD,3,126.00
ORD-001504,2024-03-08,C00829,Mouse,1,22.50
ORD-001505,2024-03-08,C01470,Bluetooth Speaker,2,104.50
ORD-001505,2024-03-08,C01470,Webcam,5,95.00
ORD-001506,2024-03-08,C00432,Mouse,1,25.00
ORD-001506,2024-03-08,C00432,USB-C Hub,1,45.00
ORD-001507,2024-03-08,C00075,Mouse,1,25.00
ORD-001507,2024-03-08,C00075,Laptop,4,1200.00
ORD-001508,2024-03-08,C00829,USB-C Hub,2,45.00
ORD-001509,2024-03-08,C01436,Keyboard,1,80.00
ORD-001510,2024-03-08,C00246,Headphones,1,142.50
ORD-001510,2024-03-08,C00246,Keyboard,2,80.00
ORD-001511,2024-03-08,C00857,Bluetooth Speaker,1,110.00
ORD-001511,2024-03-08,C00857,Hard Drive,1,80.75
ORD-001512,2024-03-08,C01151,USB-C Hub,2,42.75
ORD-001513,2024-03-08,C00159,External SSD,1,112.00
ORD-001514,2024-03-08,C00159,USB-C Hub,3,45.00
ORD-001515,2024-03-08,C00829,Webcam,1,95.00
ORD-001516,2024-03-08,C00725,Bluetooth Speaker,1,110.00
ORD-001517,2024-03-08,C01289,Webcam,1,85.50
ORD-001518,2024-03-08,C00703,Headphones,1,150.00
ORD-001518,2024-03-08,C00703,Router,1,175.00
ORD-001519,2024-03-08,C00829,Webcam,1,95.00
ORD-001520,2024-03-08,C00723,Mouse,1,25.00
ORD-001520,2024-03-08,C00723,External SSD,4,126.00
ORD-001521,2024-03-08,C00703,Hard Drive,1,85.00
ORD-001522,2024-03-08,C00234,External SSD,1,140.00
ORD-001523,2024-03-08,C00339,Microphone,1,117.00
ORD-001524,2024-03-08,C01160,Headphones,1,150.00
ORD-001525,2024-03-08,C00752,Tablet,2,432.00
ORD-001525,2024-03-08,C00752,USB-C Hub,1,45.00
ORD-001526,2024-03-08,C01225,Mouse,1,25.00
ORD-001527,2024-03-08,C00881,USB-C Hub,2,45.00
ORD-001527,2024-03-08,C00881,Mesh Wi-Fi Kit,1,320.00
ORD-001528,2024-03-08,C00829,Keyboard,1,80.00
ORD-001528,2024-03-08,C00829,USB-C Hub,1,45.00
ORD-001529,2024-03-08,C00574,External SSD,1,140.00
ORD-001529,2024-03-08,C00574,Monitor,3,300.00
ORD-001530,2024-03-09,C00752,Monitor,2,285.00
ORD-001530,2024-03-09,C00752,Mesh Wi-Fi Kit,1,288.00
ORD-001531,2024-03-09,C00307,External SSD,1,126.00
ORD-001532,2024-03-09,C01104,Keyboard,1,80.00
ORD-001533,2024-03-09,C00339,USB-C Hub,2,45.00
ORD-001533,2024-03-09,C00339,Keyboard,1,72.00
ORD-001534,2024-03-09,C01160,External SSD,2,140.00
ORD-001534,2024-03-09,C01160,Headphones,1,150.00
ORD-001535,2024-03-09,C00699,USB-C Hub,1,40.50
ORD-001536,2024-03-09,C00499,Mouse,2,20.00
ORD-001536,2024-03-09,C00499,Laptop,1,1200.00
ORD-001536,2024-03-09,C00499,Hard Drive,3,80.75
ORD-001537,2024-03-09,C00200,Headphones,1,150.00
ORD-001537,2024-03-09,C00200,Desktop PC,1,855.00
ORD-001538,2024-03-09,C01061,External SSD,4,140.00
ORD-001539,2024-03-09,C00803,Bluetooth Speaker,1,99.00
ORD-001539,2024-03-09,C00803,USB-C Hub,1,40.50
ORD-001540,2024-03-09,C00923,Hard Drive,4,85.00
ORD-001540,2024-03-09,C00923,USB-C Hub,1,45.00
ORD-001540,2024-03-09,C00923,External SSD,1,133.00
ORD-001541,2024-03-09,C00612,Mesh Wi-Fi Kit,5,320.00
ORD-001542,2024-03-09,C00600,Keyboard,1,80.00
ORD-001543,2024-03-09,C00001,Microphone,1,130.00
ORD-001544,2024-03-09,C00703,External SSD,3,133.00
ORD-001545,2024-03-09,C00403,Hard Drive,1,76.50
ORD-001546,2024-03-09,C00752,Mesh Wi-Fi Kit,3,320.00
ORD-001546,2024-03-09,C00752,Webcam,1,90.25
ORD-001547,2024-03-09,C00577,Microphone,1,123.50
ORD-001548,2024-03-09,C00413,Monitor,1,300.00
ORD-001548,2024-03-09,C00413,USB-C Hub,1,42.75
ORD-001549,2024-03-09,C01160,USB-C Hub,3,45.00
ORD-001549,2024-03-09,C01160,Hard Drive,5,85.00
ORD-001550,2024-03-09,C00064,Keyboard,1,80.00
ORD-001551,2024-03-09,C00374,Laptop,1,1140.00
ORD-001552,2024-03-09,C00092,Bluetooth Speaker,1,110.00
ORD-001552,2024-03-09,C00092,Mouse,1,22.50
ORD-001552,2024-03-09,C00092,Webcam,2,76.00
ORD-001553,2024-03-09,C01472,Bluetooth Speaker,2,104.50
ORD-001554,2024-03-09,C00064,Keyboard,4,80.00
ORD-001555,2024-03-09,C01077,Webcam,3,95.00
ORD-001556,2024-03-09,C01349,Webcam,2,76.00
ORD-001557,2024-03-09,C01271,Keyboard,1,80.00
ORD-001558,2024-03-09,C01206,Mouse,4,23.75
ORD-001558,2024-03-09,C01206,USB-C Hub,2,45.00
ORD-001559,2024-03-09,C00375,Bluetooth Speaker,2,104.50
ORD-001559,2024-03-09,C00375,Keyboard,2,80.00
ORD-001559,2024-03-09,C00375,Microphone,1,123.50
ORD-001560,2024-03-09,C00392,Headphones,1,135.00
ORD-001560,2024-03-09,C00392,USB-C Hub,1,42.75
ORD-001561,2024-03-09,C00080,External SSD,3,126.00
ORD-001561,2024-03-09,C00080,Keyboard,1,80.00
ORD-001561,2024-03-09,C00080,Router,4,N/A
ORD-001562,2024-03-09,C00411,Keyboard,2,80.00
ORD-001563,2024-03-09,C00055,Bluetooth Speaker,1,99.00
ORD-001563,2024-03-09,C00055,Webcam,1,95.00
ORD-001564,2024-03-09,C00829,Mesh Wi-Fi Kit,1,320.00
ORD-001565,2024-03-09,C01160,USB-C Hub,1,45.00
ORD-001565,2024-03-09,C01160,  Laptop ,1,1200.00
ORD-001565,2024-03-09,C01160,Mouse,2,25.00
ORD-001566,2024-03-10,C00424,External SSD,1,140.00
ORD-001567,2024-03-10,C00032,Headphones,1,150.00
ORD-001568,2024-03-10,C00818,Hard Drive,1,68.00
ORD-001569,2024-03-10,C00652,Keyboard,1,72.00
ORD-001569,2024-03-10,C00652,Mouse,1,25.00
ORD-001570,2024-03-10,C00829,Keyboard,1,76.00
ORD-001571,2024-03-10,C01409,Laptop,1,1200.00
ORD-001572,2024-03-10,C00881,Webcam,1,95.00
ORD-001573,2024-03-10,C00276,Keyboard,2,76.00
ORD-001574,2024-03-10,C00339,Desktop PC,1,950.00
ORD-001575,2024-03-10,C00694,External SSD,1,140.00
ORD-001575,2024-03-10,C00694,Tablet,1,480.00
ORD-001575,2024-03-10,C00694,Keyboard,1,80.00
ORD-001576,2024-03-10,C00957,Mesh Wi-Fi Kit,1,320.00
ORD-001577,2024-03-10,C00721,Webcam,1,95.00
ORD-001578,2024-03-10,C00577,Bluetooth Speaker,2,110.00
ORD-001579,2024-03-10,C01387,Hard Drive,1,85.00
ORD-001580,2024-03-10,C00881,Keyboard,1,80.00
ORD-001581,2024-03-10,C00419,USB-C Hub,4,45.00
ORD-001581,2024-03-10,C00419,Desktop PC,2,760.00
ORD-001582,2024-03-10,C00355,Mouse,1,23.75
ORD-001583,2024-03-10,C01160,Hard Drive,1,85.00
ORD-001584,2024-03-10,C00752,Hard Drive,4,85.00
ORD-001585,2024-03-10,C00693,Mouse,3,25.00
ORD-001586,2024-03-10,C00151,Mouse,4,23.75
ORD-001587,2024-03-10,C01160,Webcam,4,95.00
ORD-001588,2024-03-10,C00236,External SSD,1,140.00
ORD-001588,2024-03-10,C00236,Microphone,2,130.00
ORD-001588,2024-03-10,C00236,Mouse,3,25.00
ORD-001589,2024-03-10,C01289,Keyboard,1,80.00
ORD-001590,2024-03-10,C00989,Microphone,2,123.50
ORD-001590,2024-03-10,C00989,USB-C Hub,3,36.00
ORD-001591,2024-03-10,C01077,Hard Drive,1,85.00
ORD-001592,2024-03-10,C00703,Monitor,3,300.00
ORD-001593,2024-03-10,C00908,External SSD,5,140.00
ORD-001593,2024-03-10,C00908,Webcam,1,85.50
ORD-001593,2024-03-10,C00908,Headphones,1,142.50
ORD-001594,2024-03-11,C01370,Keyboard,1,80.00
ORD-001594,2024-03-11,C01370,External SSD,2,133.00
ORD-001595,2024-03-11,C00741,Desktop PC,1,950.00
ORD-001595,2024-03-11,C00741,Mouse,4,25.00
ORD-001596,2024-03-11,C01176,Headphones,3,135.00
ORD-001597,2024-03-11,C00167,Keyboard,1,80.00
ORD-001598,2024-03-11,C00849,Router,1,175.00
ORD-001598,2024-03-11,C00849,Webcam,1,95.00
ORD-001599,2024-03-11,C01445,Microphone,1,130.00
ORD-001600,2024-03-11,C01285,Mouse,1,25.00
ORD-001600,2024-03-11,C01285,Router,3,166.25
ORD-001600,2024-03-11,C01285,External SSD,1,133.00
ORD-001601,2024-03-11,C01226,Mouse,1,25.00
ORD-001602,2024-03-11,C00236,Ultrawide Monitor,2,620.00
ORD-001602,2024-03-11,C00236,Headphones,1,150.00
ORD-001603,2024-03-11,C00881,Mesh Wi-Fi Kit,4,320.00
ORD-001603,2024-03-11,C00881,Mouse,1,25.00
ORD-001603,2024-03-11,C00881,Router,3,175.00
ORD-001604,2024-03-11,C00277,Headphones,1,120.00
ORD-001605,2024-03-11,C01105,Router,1,175.00
ORD-001606,2024-03-11,C00703,Bluetooth Speaker,1,110.00
ORD-001607,2024-03-11,C00018,Laptop,2,1080.00
ORD-001608,2024-03-11,C00280,External SSD,4,133.00
ORD-001609,2024-03-11,C00335,Ultrawide Monitor,1,589.00
ORD-001610,2024-03-11,C01007,External SSD,3,140.00
ORD-001611,2024-03-11,C00356,Ultrawide Monitor,1,589.00
ORD-001611,2024-03-11,C00356,Bluetooth Speaker,1,110.00
ORD-001612,2024-03-11,C00520,Desktop PC,1,950.00
ORD-001612,2024-03-11,C00520,Mouse,1,23.75
ORD-001613,2024-03-11,C01362,Webcam,1,95.00
ORD-001613,2024-03-11,C01362,Hard Drive,2,85.00
ORD-001614,2024-03-11,C00286,Monitor,2,300.00
ORD-001615,2024-03-11,C00326,External SSD,1,140.00
ORD-001616,2024-03-11,C00591,Bluetooth Speaker,3,110.00
ORD-001616,2024-03-11,C00591,Headphones,3,150.00
ORD-001616,2024-03-11,C00591,Hard Drive,1,85.00
ORD-001617,2024-03-11,C00077,USB-C Hub,2,36.00
ORD-001618,2024-03-11,C01160,Router,1,175.00
ORD-001618,2024-03-11,C01160,Microphone,1,130.00
ORD-001619,2024-03-11,C00419,Keyboard,4,80.00
ORD-001620,2024-03-12,C00600,Tablet,4,456.00
ORD-001620,2024-03-12,C00600,Mesh Wi-Fi Kit,2,320.00
ORD-001621,2024-03-12,C00621,Microphone,1,130.00
ORD-001622,2024-03-12,C01285,Microphone,1,130.00
ORD-001623,2024-03-12,C00514,Hard Drive,1,76.50
ORD-001624,2024-03-12,C00593,Monitor,1,285.00
ORD-001624,2024-03-12,C00593,USB-C Hub,5,45.00
ORD-001625,2024-03-12,C01384,Bluetooth Speaker,2,110.00
ORD-001625,2024-03-12,C01384,Router,1,175.00
ORD-001626,2024-03-12,C01188,Mouse,1,23.75
ORD-001626,2024-03-12,C01188,Headphones,1,142.50
ORD-001627,2024-03-12,C00875,Hard Drive,1,85.00
ORD-001627,2024-03-12,C00875,Bluetooth Speaker,1,110.00
ORD-001627,2024-03-12,C00875,Webcam,1,95.00
ORD-001628,2024-03-12,C00610,Keyboard,1,80.00
ORD-001629,2024-03-12,C01324,Hard Drive,3,85.00
ORD-001630,2024-03-12,C01070,Hard Drive,1,85.00
ORD-001630,2024-03-12,C01070,Microphone,3,117.00
ORD-001630,2024-03-12,C01070,Keyboard,2,80.00
ORD-001631,2024-03-12,C00596,Headphones,1,135.00
ORD-001631,2024-03-12,C00596,USB-C Hub,2,42.75
ORD-001632,2024-03-12,C00494,Tablet,3,480.00
ORD-001633,2024-03-12,C00236,USB-C Hub,1,45.00
ORD-001634,2024-03-12,C00881,Hard Drive,2,85.00
ORD-001635,2024-03-12,C00693,USB-C Hub,4,42.75
ORD-001636,2024-03-12,C00079,Bluetooth Speaker,3,110.00
ORD-001637,2024-03-12,C00484,USB-C Hub,1,42.75
ORD-001637,2024-03-12,C00484,Keyboard,3,76.00
ORD-001638,2024-03-12,C00829,Webcam,2,95.00
ORD-001639,2024-03-12,C00881,Microphone,2,123.50
ORD-001640,2024-03-12,C00471,Webcam,3,90.25
ORD-001641,2024-03-12,C01263,Microphone,1,117.00
ORD-001642,2024-03-12,C00075,Headphones,1,150.00
ORD-001643,2024-13-45,C00816,Hard Drive,2,76.50
ORD-001643,2024-03-12,C00816,Microphone,1,123.50
ORD-001644,2024-03-12,C01225,Bluetooth Speaker,1,110.00
ORD-001644,2024-03-12,C01225,Webcam,1,95.00
ORD-001645,2024-03-12,C00703,Hard Drive,3,85.00
ORD-001646,2024-03-12,C00703,Mouse,1,22.50
ORD-001647,2024-03-12,C01013,Mouse,1,25.00
ORD-001648,2024-03-12,C00251,Monitor,5,300.00
ORD-001648,2024-03-12,C00251,Mouse,2,25.00
ORD-001649,2024-03-12,C00794,Ultrawide Monitor,1,589.00
ORD-001649,2024-03-12,C00794,External SSD,1,140.00
ORD-001650,2024-03-12,C00172,Webcam,2,95.00
ORD-001651,2024-03-12,C00755,USB-C Hub,3,45.00
ORD-001651,2024-03-12,C00755,Webcam,2,95.00
ORD-001652,2024-03-13,C01194,Keyboard,2,80.00
ORD-001652,2024-03-13,C01194,Ultrawide Monitor,2,589.00
ORD-001653,2024-03-13,C00006,Headphones,1,142.50
ORD-001653,2024-03-13,C00006,Mesh Wi-Fi Kit,2,320.00
ORD-001654,2024-03-13,C00593,Keyboard,2,80.00
ORD-001655,2024-03-13,C00676,USB-C Hub,2,42.75
ORD-001655,2024-03-13,C00676,External SSD,5,140.00
ORD-001656,2024-03-13,C00701,USB-C Hub,1,45.00
ORD-001656,2024-03-13,C00701,Mouse,1,25.00
ORD-001657,2024-03-13,C00335,Bluetooth Speaker,2,110.00
ORD-001657,2024-03-13,C00335,Keyboard,1,80.00
ORD-001657,2024-03-13,C00335,External SSD,2,140.00
ORD-001658,2024-03-13,C01136,Laptop,2,1200.00
ORD-001658,2024-03-13,C01136,External SSD,2,140.00
ORD-001659,2024-03-13,C01461,External SSD,1,140.00
ORD-001660,2024-03-13,C00514,Mouse,1,22.50
ORD-001660,2024-03-13,C00514,Tablet,2,456.00
ORD-001661,2024-03-13,C00790,Desktop PC,4,950.00
ORD-001661,2024-03-13,C00790,Mouse,5,25.00
ORD-001662,2024-03-13,C01139,Webcam,2,95.00
ORD-001663,2024-03-13,C00105,Mouse,1,20.00
ORD-001664,2024-03-13,C00752,Ultrawide Monitor,2,620.00
ORD-001665,2024-03-13,C00870,External SSD,3,140.00
ORD-001666,2024-03-13,C00130,Router,1,175.00
ORD-001666,2024-03-13,C00130,External SSD,1,133.00
ORD-001667,not-a-date,C00618,Monitor,1,300.00
ORD-001668,2024-03-13,C00887,Keyboard,4,80.00
ORD-001669,2024-03-14,C00829,External SSD,2,140.00
ORD-001669,2024-03-14,C00829,Bluetooth Speaker,1,110.00
ORD-001670,2024-03-14,C00388,USB-C Hub,1,45.00
ORD-001670,2024-03-14,C00388,Mouse,2,22.50
ORD-001670,2024-03-14,C00388,Bluetooth Speaker,1,104.50
ORD-001671,2024-03-14,C00703,Headphones,1,150.00
ORD-001672,2024-03-14,C00276,Mouse,1,25.00
ORD-001673,2024-03-14,C00727,Keyboard,3,80.00
ORD-001674,2024-03-14,C00514,USB-C Hub,1,45.00
ORD-001675,2024-03-14,C00703,External SSD,1,133.00
ORD-001676,2024-03-14,C00703,USB-C Hub,1,45.00
ORD-001676,2024-03-14,C00703,Mesh Wi-Fi Kit,3,320.00
ORD-001676,2024-03-14,C00703,External SSD,2,140.00
ORD-001677,2024-03-14,C00829,Microphone,1,130.00
ORD-001677,2024-03-14,C00829,Tablet,2,456.00
ORD-001678,2024-03-14,C00829,Webcam,1,85.50
ORD-001678,2024-03-14,C00829,Tablet,1,456.00
ORD-001679,2024-03-14,C00829,Webcam,2,95.00
ORD-001680,2024-03-14,C00493,Mouse,1,25.00
ORD-001681,2024-03-14,C00975,Webcam,1,95.00
ORD-001681,2024-03-14,C00975,USB-C Hub,1,40.50
ORD-001682,2024-03-14,C01381,Microphone,2,123.50
ORD-001683,2024-03-14,C00936,Microphone,1,130.00
ORD-001684,2024-03-14,C00103,Router,1,175.00
ORD-001685,2024-03-14,C00365,Microphone,1,130.00
ORD-001685,2024-03-14,C00365,Router,1,175.00
ORD-001686,2024-03-14,C00866,Monitor,2,300.00
ORD-001686,2024-03-14,C00866,Webcam,1,95.00
ORD-001686,2024-03-14,C00866,Bluetooth Speaker,1,110.00
ORD-001687,2024-03-14,C01043,USB-C Hub,1,36.00
ORD-001688,2024-03-14,C00419,Mouse,1,22.50
ORD-001688,2024-03-14,C00419,Microphone,5,130.00
ORD-001688,2024-03-14,C00419,Monitor,1,300.00
ORD-001689,2024-03-15,C00001,Mouse,1,25.00
ORD-001690,2024-03-15,C01359,Router,1,175.00
ORD-001690,2024-03-15,C01359,USB-C Hub,1,45.00
ORD-001691,2024-03-15,C01205,Mouse,1,25.00
ORD-001691,2024-03-15,C01205,Webcam,3,95.00
ORD-001692,2024-03-15,C00816,Microphone,3,117.00
ORD-001693,2024-03-15,C00754,Bluetooth Speaker,5,104.50
ORD-001694,2024-03-15,C00703,Mouse,1,25.00
ORD-001694,2024-03-15,C00703,Monitor,1,300.00
ORD-001695,2024-03-15,C00966,Keyboard,1,80.00
ORD-001695,2024-03-15,C00966,Bluetooth Speaker,1,88.00
ORD-001696,2024-03-15,C00600,Mouse,2,23.75
ORD-001696,2024-03-15,C00600,Webcam,3,95.00
ORD-001697,2024-03-15,C00213,Mouse,5,25.00
ORD-001698,2024-03-15,C01106,Webcam,2,95.00
ORD-001699,2024-03-15,C00609,Keyboard,1,72.00
ORD-001699,2024-03-15,C00609,Mouse,3,25.00
ORD-001699,2024-03-15,C00609,Router,2,175.00
ORD-001700,2024-03-15,C00929,USB-C Hub,1,45.00
ORD-001700,2024-03-15,C00929,Keyboard,1,80.00
ORD-001700,2024-03-15,C00929,External SSD,1,112.00
ORD-001701,2024-03-15,C01062,Tablet,1,480.00
ORD-001702,2024-03-15,C01160,Tablet,1,384.00
ORD-001702,2024-03-15,C01160,USB-C Hub,1,40.50
ORD-001703,2024-03-15,C00011,Mouse,2,22.50
ORD-001704,2024-03-15,C00985,Bluetooth Speaker,3,110.00
ORD-001704,2024-03-15,C00985,Microphone,1,130.00
ORD-001705,2024-03-15,C00703,Mouse,1,25.00
ORD-001706,2024-03-15,C00223,Microphone,4,117.00
ORD-001706,2024-03-15,C00223,Mouse,1,22.50
ORD-001707,2024-03-15,C00642,Microphone,2,130.00
ORD-001708,2024-03-15,C01160,USB-C Hub,3,45.00
ORD-001708,2024-03-15,C01160,Router,1,175.00
ORD-001708,2024-03-15,C01160,External SSD,1,112.00
ORD-001709,2024-03-15,C00703,Mouse,1,25.00
ORD-001709,2024-03-15,C00703,Tablet,1,456.00
ORD-001709,2024-03-15,C00703,Headphones,1,150.00
ORD-001710,2024-03-15,C00766,Webcam,1,95.00
ORD-001710,2024-03-15,C00766,Mouse,1,25.00
ORD-001711,2024-03-15,C00282,Keyboard,1,76.00
ORD-001712,2024-03-15,C00829,Webcam,1,95.00
ORD-001713,2024-03-15,C00829,Ultrawide Monitor,2,558.00
ORD-001714,2024-03-15,C00137,Keyboard,2,80.00
ORD-001714,2024-03-15,C00137,Monitor,1,300.00
ORD-001714,2024-03-15,C00137,Router,1,175.00
ORD-001715,2024-03-15,C01046,USB-C Hub,2,45.00
ORD-001716,2024-03-15,C00997,USB-C Hub,1,45.00
ORD-001717,2024-03-15,C00137,Desktop PC,1,950.00
ORD-001717,2024-03-15,C00137,Laptop,2,1200.00
ORD-001718,2024-03-15,C00703,Headphones,3,150.00
ORD-001719,2024-03-16,C01160,Hard Drive,2,85.00
ORD-001719,2024-03-16,C01160,USB-C Hub,1,45.00
ORD-001720,2024-03-16,C01342,Tablet,1,480.00
ORD-001721,2024-03-16,C00615,USB-C Hub,1,45.00
ORD-001722,2024-03-16,C00703,Webcam,1,95.00
ORD-001723,2024-03-16,C01348,Keyboard,1,80.00
ORD-001723,2024-03-16,C01348,Webcam,2,85.50
ORD-001724,2024-03-16,C01160,Router,1,175.00
ORD-001724,2024-03-16,C01160,Hard Drive,1,85.00
ORD-001725,2024-03-16,C00809,External SSD,2,140.00
ORD-001726,2024-03-16,C00693,Hard Drive,2,85.00
ORD-001727,2024-03-16,C01289,Mouse,1,25.00
ORD-001728,2024-03-16,C01401,Mouse,1,22.50
ORD-001728,2024-03-16,C01401,Bluetooth Speaker,3,110.00
ORD-001729,2024-03-16,C01077,USB-C Hub,2,45.00
ORD-001730,2024-03-16,C00899,External SSD,2,140.00
ORD-001731,2024-03-16,C00881,Mouse,2,25.00
ORD-001732,2024-03-16,C00881,Mesh Wi-Fi Kit,1,304.00
ORD-001733,2024-03-16,C00339,Monitor,2,240.00
ORD-001734,2024-03-16,C00137,Keyboard,1,80.00
ORD-001735,2024-03-16,C01186,Router,3,175.00
ORD-001735,2024-03-16,C01186,Keyboard,1,80.00
ORD-001736,2024-03-16,C01464,Hard Drive,1,85.00
ORD-001736,2024-03-16,C01464,Webcam,1,95.00
ORD-001737,2024-03-16,C01210,Headphones,2,135.00
ORD-001738,2024-03-16,C00379,USB-C Hub,2,45.00
ORD-001738,2024-03-16,C00379,Mouse,4,23.75
ORD-001739,2024-03-16,C00610,Keyboard,3,64.00
ORD-001740,2024-03-16,C01419,Keyboard,1,80.00
ORD-001741,2024-03-16,C00607,Tablet,4,480.00
ORD-001742,2024-03-16,C01077,Mouse,1,25.00
ORD-001742,2024-03-16,C01077,Microphone,1,130.00
ORD-001743,2024-03-16,C01228,Mouse,1,25.00
ORD-001743,2024-03-16,C01228,Headphones,2,150.00
ORD-001744,2024-03-16,C01160,USB-C Hub,1,45.00
ORD-001745,2024-03-16,C00154,Mouse,2,25.00
ORD-001746,2024-03-16,C00591,Router,1,157.50
ORD-001747,2024-03-16,C00626,Mesh Wi-Fi Kit,1,320.00
ORD-001748,2024-03-16,C01085,Mouse,1,25.00
ORD-001748,2024-03-16,C01085,USB-C Hub,2,42.75
ORD-001749,2024-03-16,C00997,USB-C Hub,1,42.75
ORD-001749,2024-03-16,C00997,Mouse,1,25.00
ORD-001750,2024-03-16,C01105,Webcam,3,95.00
ORD-001751,2024-03-16,C00237,Microphone,1,130.00
ORD-001752,2024-03-16,C00419,Webcam,1,85.50
ORD-001752,2024-03-16,C00419,Hard Drive,1,85.00
ORD-001752,2024-03-16,C00419,External SSD,1,140.00
ORD-001753,2024-03-16,C00693,Bluetooth Speaker,1,110.00
ORD-001754,2024-03-17,C00620,Laptop,1,1200.00
ORD-001754,2024-03-17,C00620,Microphone,1,123.50
ORD-001755,2024-03-17,C00897,Desktop PC,2,902.50
ORD-001755,2024-03-17,C00897,Mouse,1,25.00
ORD-001755,2024-03-17,C00897,Router,2,157.50
ORD-001756,2024-03-17,C00499,External SSD,5,140.00
ORD-001757,2024-03-17,C00703,Mouse,1,25.00
ORD-001758,2024-03-17,C00137,Keyboard,1,76.00
ORD-001759,2024-03-17,C00703,Ultrawide Monitor,1,589.00
ORD-001759,2024-03-17,C00703,USB-C Hub,3,45.00
ORD-001760,2024-03-17,C01409,Webcam,1,95.00
ORD-001760,2024-03-17,C01409,Headphones,3,150.00
ORD-001761,2024-03-17,C00531,Mesh Wi-Fi Kit,4,320.00
ORD-001761,2024-03-17,C00531,Mouse,2,25.00
ORD-001762,2024-03-17,C00073,Mouse,4,25.00
ORD-001763,2024-03-17,C00348,Bluetooth Speaker,1,88.00
ORD-001764,2024-03-17,C01160,Hard Drive,3,80.75
ORD-001765,2024-03-17,C00881,Webcam,2,85.50
ORD-001765,2024-03-17,C00881,Microphone,1,117.00
ORD-001765,2024-03-17,C00881,Keyboard,1,76.00
ORD-001766,2024-03-17,C01432,Headphones,2,150.00
ORD-001767,2024-03-17,C00626,Hard Drive,2,80.75
ORD-001767,2024-03-17,C00626,Mouse,1,25.00
ORD-001768,2024-03-17,C00396,USB-C Hub,1,45.00
ORD-001769,2024-03-17,C01413,Hard Drive,2,80.75
ORD-001770,2024-03-17,C00808,Hard Drive,3,80.75
ORD-001771,2024-03-17,C00419,Webcam,2,95.00
ORD-001772,2024-03-17,C00348,Desktop PC,1,950.00
ORD-001773,2024-03-17,C00137,Bluetooth Speaker,1,104.50
ORD-001774,2024-03-17,C00156,Webcam,5,95.00
ORD-001774,2024-03-17,C00156,Mouse,4,25.00
ORD-001775,2024-03-17,C00440,Keyboard,1,76.00
ORD-001776,2024-03-17,C00829,USB-C Hub,1,45.00
ORD-001776,2024-03-17,C00829,Monitor,1,270.00
ORD-001776,2024-03-17,C00829,Microphone,1,130.00
ORD-001777,2024-03-17,C00249,USB-C Hub,1,45.00
ORD-001778,2024-03-17,C00829,Webcam,1,76.00
ORD-001779,2024-03-17,C00323,Ultrawide Monitor,1,620.00
ORD-001779,2024-03-17,C00323,Router,1,175.00
ORD-001780,2024-03-17,C01176,External SSD,2,133.00
ORD-001781,2024-03-17,C00113,Microphone,1,117.00
ORD-001781,2024-03-17,C00113,Laptop,1,960.00
ORD-001782,2024-03-17,C00419,Ultrawide Monitor,3,620.00
ORD-001782,2024-03-17,C00419,Keyboard,2,80.00
ORD-001783,2024-03-17,C00829,Mouse,4,25.00
ORD-001784,2024-03-17,C01160,Microphone,4,130.00
ORD-001784,2024-03-17,C01160,  Hard Drive ,1,85.00
ORD-001784,2024-03-17,C01160,Mesh Wi-Fi Kit,1,320.00
ORD-001785,2024-03-17,C00703,USB-C Hub,1,40.50
ORD-001786,2024-03-17,C00565,Bluetooth Speaker,1,110.00
ORD-001786,2024-03-17,C00565,Hard Drive,1,76.50
ORD-001787,2024-03-17,C00973,Webcam,1,90.25
ORD-001788,2024-03-17,C00295,Laptop,1,1200.00
ORD-001788,2024-03-17,C00295,Mouse,1,25.00
ORD-001789,2024-03-18,C00693,Hard Drive,4,85.00
ORD-001790,2024-03-18,C00617,Microphone,2,130.00
ORD-001791,2024-03-18,C01327,USB-C Hub,2,45.00
ORD-001791,2024-03-18,C01327,Microphone,1,130.00
ORD-001792,2024-03-18,C00829,Microphone,1,130.00
ORD-001793,2024-03-18,C00966,Router,1,175.00
ORD-001794,2024-03-18,C00061,Monitor,1,285.00
ORD-001795,2024-03-18,C01357,Microphone,1,130.00
ORD-001796,2024-03-18,C00610,Headphones,1,150.00
ORD-001797,2024-03-18,C01458,Ultrawide Monitor,1,620.00
ORD-001798,2024-03-18,C00703,Headphones,1,150.00
ORD-001798,2024-03-18,C00703,Microphone,1,123.50
ORD-001799,2024-03-18,C00565,Microphone,4,130.00
ORD-001800,2024-03-18,C00577,Mouse,3,25.00
ORD-001800,2024-03-18,C00577,Microphone,1,123.50
ORD-001800,2024-03-18,C00577,Hard Drive,1,85.00
ORD-001801,2024-03-18,C01483,Ultrawide Monitor,1,620.00
ORD-001801,2024-03-18,C01483,Keyboard,1,76.00
ORD-001801,2024-03-18,C01483,Monitor,5,270.00
ORD-001802,2024-03-18,C00496,USB-C Hub,2,45.00
ORD-001803,2024-03-18,C00829,Hard Drive,1,85.00
ORD-001804,2024-03-18,,Tablet,1,480.00
ORD-001805,2024-03-18,C00703,Mouse,1,25.00
ORD-001805,2024-03-18,C00703,USB-C Hub,2,40.50
ORD-001806,2024-03-18,C01124,USB-C Hub,3,42.75
ORD-001807,2024-03-19,C01046,Tablet,1,480.00
ORD-001808,2024-03-19,C00618,Webcam,1,95.00
ORD-001809,2024-03-19,C00829,USB-C Hub,1,36.00
ORD-001810,2024-03-19,C01285,Headphones,2,150.00
ORD-001811,not-a-date,C01306,Microphone,2,117.00
ORD-001812,2024-03-19,C00064,Hard Drive,4,80.75
ORD-001813,2024-03-19,C00514,External SSD,1,140.00
ORD-001813,2024-03-19,C00514,Hard Drive,2,85.00
ORD-001814,2024-03-19,C00591,Hard Drive,1,85.00
ORD-001815,2024-03-19,C00870,Bluetooth Speaker,1,110.00
ORD-001815,2024-03-19,C00870,Mouse,1,23.75
ORD-001815,2024-03-19,C00870,Tablet,3,480.00
ORD-001816,2024-03-19,C00054,USB-C Hub,1,45.00
ORD-001817,2024-03-19,C01462,External SSD,3,140.00
ORD-001817,2024-03-19,C01462,Bluetooth Speaker,1,110.00
ORD-001818,2024-03-19,C00533,Laptop,1,1200.00
ORD-001819,2024-03-19,C00703,USB-C Hub,1,45.00
ORD-001820,2024-03-19,C00419,Headphones,1,150.00
ORD-001821,2024-03-19,C00829,Keyboard,3,80.00
ORD-001821,2024-03-19,C00829,USB-C Hub,4,45.00
ORD-001822,2024-03-19,C00908,Mouse,1,25.00
ORD-001823,2024-03-19,C00703,Bluetooth Speaker,4,104.50
ORD-001824,2024-03-19,C00419,Hard Drive,3,85.00
ORD-001824,2024-03-19,C00419,Bluetooth Speaker,2,110.00
ORD-001825,2024-03-19,C00388,Mouse,1,25.00
ORD-001826,2024-03-19,C01289,Monitor,1,300.00
ORD-001827,2024-03-20,C00703,Mesh Wi-Fi Kit,2,320.00
ORD-001827,2024-03-20,C00703,Keyboard,2,80.00
ORD-001828,2024-03-20,C00829,Desktop PC,1,760.00
ORD-001828,2024-03-20,C00829,Mesh Wi-Fi Kit,1,320.00
ORD-001829,2024-03-20,C00445,Keyboard,3,80.00
ORD-001829,2024-03-20,C00445,Mouse,2,25.00
ORD-001829,2024-03-20,C00445,Laptop,2,1200.00
ORD-001830,2024-03-20,C00703,Headphones,2,120.00
ORD-001831,2024-03-20,C00980,Desktop PC,2,950.00
ORD-001832,2024-03-20,C01032,Mouse,2,25.00
ORD-001832,2024-03-20,C01032,Keyboard,1,64.00
ORD-001833,2024-03-20,C00965,Keyboard,1,72.00
ORD-001833,2024-03-20,C00965,Mouse,1,25.00
ORD-001834,2024-03-20,C00927,Mesh Wi-Fi Kit,4,320.00
ORD-001835,2024-03-20,C00829,Microphone,1,130.00
ORD-001836,2024-03-20,C01033,USB-C Hub,2,42.75
ORD-001837,2024-03-20,C00634,Mouse,1,25.00
ORD-001838,2024-03-20,C00236,Keyboard,2,76.00
ORD-001838,2024-03-20,C00236,Hard Drive,2,85.00
ORD-001839,2024-03-20,C01376,Tablet,3,480.00
ORD-001840,2024-03-20,C00496,USB-C Hub,1,36.00
ORD-001841,2024-03-20,C00805,Keyboard,1,80.00
ORD-001841,2024-03-20,C00805,Headphones,1,150.00
ORD-001841,2024-03-20,C00805,Tablet,1,456.00
ORD-001842,2024-03-20,C00701,Router,1,175.00
ORD-001842,2024-03-20,C00701,Mouse,3,22.50
ORD-001843,2024-03-20,C00724,USB-C Hub,1,45.00
ORD-001844,2024-03-20,C00154,Bluetooth Speaker,1,88.00
ORD-001845,2024-03-20,C01342,Bluetooth Speaker,1,99.00
ORD-001846,2024-03-20,C00133,External SSD,1,140.00
ORD-001847,2024-03-20,C00829,Mouse,1,23.75
ORD-001848,2024-03-20,C00474,Router,1,175.00
ORD-001849,2024-03-20,C00610,Tablet,1,480.00
ORD-001850,2024-03-21,C00881,Mouse,1,23.75
ORD-001851,2024-03-21,C00395,Headphones,1,120.00
ORD-001851,2024-03-21,C00395,Bluetooth Speaker,3,110.00
ORD-001851,2024-03-21,C00395,USB-C Hub,1,45.00
ORD-001852,2024-03-21,C00002,Bluetooth Speaker,1,110.00
ORD-001853,2024-03-21,C00331,Microphone,1,130.00
ORD-001854,2024-03-21,C00792,Mouse,1,23.75
ORD-001855,2024-03-21,C00152,Ultrawide Monitor,1,620.00
ORD-001855,2024-03-21,C00152,External SSD,2,140.00
ORD-001855,2024-03-21,C00152,Laptop,1,1200.00
ORD-001856,2024-03-21,C01160,Webcam,1,95.00
ORD-001857,2024-03-21,C01342,Bluetooth Speaker,1,110.00
ORD-001858,2024-03-21,C00094,Webcam,1,95.00
ORD-001859,2024-03-21,C00829,Webcam,1,90.25
ORD-001860,2024-03-21,C00002,USB-C Hub,1,45.00
ORD-001860,2024-03-21,C00002,Hard Drive,1,85.00
ORD-001861,2024-03-21,C00703,Laptop,1,1200.00
ORD-001862,2024-03-21,C00703,Webcam,1,95.00
ORD-001863,2024-03-21,C01062,Desktop PC,5,950.00
ORD-001863,2024-03-21,C01062,Webcam,2,90.25
ORD-001863,2024-03-21,C01062,Hard Drive,1,85.00
ORD-001864,2024-03-21,C00829,External SSD,1,112.00
ORD-001865,2024-03-21,C00703,  Hard Drive ,5,85.00
ORD-001865,2024-03-21,C00703,External SSD,1,140.00
ORD-001866,2024-03-21,C00263,External SSD,2,140.00
ORD-001867,2024-03-21,C00617,Keyboard,1,80.00
ORD-001867,2024-03-21,C00617,USB-C Hub,2,45.00
ORD-001868,2024-03-21,C00776,Hard Drive,1,85.00
ORD-001868,2024-03-21,C00776,Mouse,3,25.00
ORD-001868,2024-03-21,C00776,Monitor,1,270.00
ORD-001869,2024-03-21,C01151,Mouse,5,20.00
ORD-001869,2024-03-21,C01151,Hard Drive,1,80.75
ORD-001870,2024-03-21,C00419,Mouse,3,25.00
ORD-001870,2024-03-21,C00419,Webcam,1,95.00
ORD-001870,2024-03-21,C00419,Headphones,1,150.00
ORD-001871,2024-03-21,C01160,Hard Drive,2,85.00
ORD-001871,2024-03-21,C01160,Webcam,1,95.00
ORD-001871,2024-03-21,C01160,USB-C Hub,1,45.00
ORD-001872,2024-03-22,C01124,Headphones,1,142.50
ORD-001873,2024-03-22,C00419,Monitor,2,300.00
ORD-001874,2024-03-22,C00064,Desktop PC,5,950.00
ORD-001874,2024-03-22,C00064,Monitor,1,300.00
ORD-001875,2024-03-22,C00703,Headphones,1,150.00
ORD-001876,2024-03-22,C00756,External SSD,1,140.00
ORD-001876,2024-03-22,C00756,Headphones,2,150.00
ORD-001877,2024-03-22,C00419,Mouse,1,22.50
ORD-001877,2024-03-22,C00419,Headphones,1,135.00
ORD-001877,2024-03-22,C00419,USB-C Hub,3,45.00
ORD-001878,2024-03-22,C00445,USB-C Hub,1,42.75
ORD-001878,2024-03-22,C00445,Router,1,166.25
ORD-001879,2024-03-22,C00859,Microphone,1,123.50
ORD-001879,2024-03-22,C00859,Bluetooth Speaker,1,99.00
ORD-001880,2024-03-22,C00612,Mouse,1,23.75
ORD-001880,2024-03-22,C00612,Webcam,1,95.00
ORD-001881,2024-03-22,C00535,Ultrawide Monitor,1,589.00
ORD-001882,2024-03-22,C01160,Mouse,5,25.00
ORD-001882,2024-03-22,C01160,Mesh Wi-Fi Kit,1,304.00
ORD-001882,2024-03-22,C01160,Keyboard,1,80.00
ORD-001883,2024-03-22,C01391,USB-C Hub,1,45.00
ORD-001884,2024-03-22,C00703,Headphones,1,150.00
ORD-001885,2024-03-22,C00766,Microphone,1,130.00
ORD-001886,2024-03-22,C00396,External SSD,1,126.00
ORD-001887,2024-03-22,C00619,Bluetooth Speaker,5,110.00
ORD-001888,2024-03-22,C00134,Tablet,1,384.00
ORD-001888,2024-03-22,C00134,Mouse,5,25.00
ORD-001888,2024-03-22,C00134,Webcam,1,95.00
ORD-001889,2024-03-22,C00063,  Router ,2,175.00
ORD-001890,2024-03-22,C00451,Microphone,1,123.50
ORD-001891,2024-03-22,C00382,Microphone,1,130.00
ORD-001892,2024-03-22,C00407,Tablet,1,480.00
ORD-001892,2024-13-45,C00407,Bluetooth Speaker,1,110.00
ORD-001893,2024-03-22,C00829,USB-C Hub,1,45.00
ORD-001893,2024-03-22,C00829,Tablet,1,456.00
ORD-001893,2024-03-22,C00829,Mouse,1,25.00
ORD-001894,2024-03-22,C01285,USB-C Hub,3,40.50
ORD-001894,2024-03-22,C01285,Mouse,2,25.00
ORD-001895,2024-03-22,C01342,Mouse,1,25.00
ORD-001896,2024-03-22,C01155,Keyboard,2,80.00
ORD-001897,2024-03-22,C00110,Laptop,1,1140.00
ORD-001898,2024-03-22,C00143,Monitor,3,300.00
ORD-001898,2024-03-22,C00143,Bluetooth Speaker,1,110.00
ORD-001899,2024-03-22,C00419,Hard Drive,1,85.00
ORD-001899,2024-03-22,C00419,Mouse,3,25.00
ORD-001899,2024-03-22,C00419,Keyboard,3,80.00
ORD-001900,2024-03-22,C00078,Webcam,1,90.25
ORD-001900,2024-03-22,C00078,Tablet,2,432.00
ORD-001901,2024-03-23,C01460,Mouse,1,25.00
ORD-001901,2024-03-23,C01460,Webcam,1,95.00
ORD-001902,2024-03-23,C00937,Tablet,3,384.00
ORD-001903,2024-03-23,C00543,Microphone,2,130.00
ORD-001904,2024-03-23,C01160,Mouse,1,25.00
ORD-001905,2024-03-23,C00829,Router,1,166.25
ORD-001906,2024-03-23,C00822,Webcam,1,95.00
ORD-001907,2024-03-23,C00412,Keyboard,5,80.00
ORD-001908,2024-03-23,C00908,Headphones,1,150.00
ORD-001908,2024-03-23,C00908,Mouse,2,22.50
ORD-001908,2024-03-23,C00908,Hard Drive,1,76.50
ORD-001909,2024-03-23,C01160,Mouse,1,22.50
ORD-001910,2024-03-23,C00958,Hard Drive,4,85.00
ORD-001910,2024-03-23,C00958,Laptop,1,1200.00
ORD-001911,2024-03-23,C00137,Router,2,175.00
ORD-001912,2024-03-23,C00416,USB-C Hub,1,40.50
ORD-001913,2024-03-23,C00589,Desktop PC,1,950.00
ORD-001914,2024-03-23,C00008,Tablet,3,456.00
ORD-001914,2024-03-23,C00008,Microphone,1,130.00
ORD-001915,2024-03-23,C00551,Monitor,1,285.00
ORD-001916,2024-03-23,C00703,Bluetooth Speaker,1,110.00
ORD-001917,2024-03-23,C00829,Bluetooth Speaker,1,110.00
ORD-001917,2024-03-23,C00829,Mouse,1,25.00
ORD-001917,2024-03-23,C00829,Hard Drive,1,85.00
ORD-001918,2024-03-23,C01160,Keyboard,2,80.00
ORD-001919,2024-03-23,C00761,USB-C Hub,1,45.00
ORD-001920,2024-03-23,C01229,Desktop PC,3,902.50
ORD-001921,2024-03-23,C00883,Mesh Wi-Fi Kit,1,320.00
ORD-001922,2024-03-23,C00829,USB-C Hub,1,36.00
ORD-001923,2024-03-23,C00306,USB-C Hub,4,42.75
ORD-001924,2024-03-23,C00989,Mouse,1,25.00
ORD-001924,2024-03-23,C00989,Keyboard,1,80.00
ORD-001924,2024-03-23,C00989,Hard Drive,3,85.00
ORD-001925,2024-03-23,C00281,Monitor,1,300.00
ORD-001926,2024-03-23,C00829,Bluetooth Speaker,1,104.50
ORD-001927,2024-03-23,C01124,Monitor,1,300.00
ORD-001927,2024-03-23,C01124,Mouse,1,25.00
ORD-001928,2024-03-23,C01318,Headphones,1,120.00
ORD-001928,2024-03-23,C01318,Microphone,2,130.00
ORD-001929,2024-03-23,C01356,Tablet,1,480.00
ORD-001929,2024-03-23,C01356,Microphone,2,130.00
ORD-001930,2024-03-23,C00335,Microphone,3,130.00
ORD-001931,2024-03-23,C00703,Monitor,4,240.00
ORD-001932,2024-03-24,C00368,External SSD,3,140.00
ORD-001932,2024-03-24,C00368,Ultrawide Monitor,4,620.00
ORD-001933,2024-03-24,C00100,Mesh Wi-Fi Kit,3,320.00
ORD-001933,2024-03-24,C00100,Keyboard,1,80.00
ORD-001933,2024-03-24,C00100,Webcam,1,90.25
ORD-001934,2024-03-24,C00833,Mesh Wi-Fi Kit,4,320.00
ORD-001935,2024-03-24,C00829,Monitor,1,285.00
ORD-001935,2024-03-24,C00829,Bluetooth Speaker,1,110.00
ORD-001935,2024-03-24,C00829,Hard Drive,2,85.00
ORD-001936,2024-03-24,C01419,Monitor,1,300.00
ORD-001936,2024-03-24,C01419,Mouse,1,23.75
ORD-001937,2024-03-24,C00253,Ultrawide Monitor,1,620.00
ORD-001937,2024-03-24,C00253,Webcam,1,95.00
ORD-001938,2024-03-24,C00957,Mouse,1,25.00
ORD-001939,2024-03-24,C00234,Monitor,5,300.00
ORD-001940,2024-03-24,C00703,Mouse,2,25.00
ORD-001941,2024-03-24,C01078,Laptop,1,1200.00
ORD-001941,2024-03-24,C01078,Ultrawide Monitor,1,620.00
ORD-001941,2024-03-24,C01078,Microphone,3,123.50
ORD-001942,2024-03-24,C00881,External SSD,2,140.00
ORD-001943,2024-03-24,C00777,Mouse,4,22.50
ORD-001943,2024-03-24,C00777,Headphones,2,150.00
ORD-001943,2024-03-24,C00777,External SSD,2,140.00
ORD-001944,2024-03-24,C00354,Router,1,166.25
ORD-001945,2024-03-24,C00299,Ultrawide Monitor,4,620.00
ORD-001946,2024-03-24,C00752,Microphone,1,130.00
ORD-001947,2024-03-24,C00419,USB-C Hub,1,42.75
ORD-001948,2024-03-24,C01161,External SSD,1,140.00
ORD-001948,2024-03-24,C01161,Router,3,166.25
ORD-001948,2024-03-24,C01161,Microphone,2,123.50
ORD-001949,2024-03-24,C01186,Bluetooth Speaker,1,110.00
ORD-001949,2024-03-24,C01186,Tablet,1,480.00
ORD-001950,2024-03-24,C00099,Webcam,1,90.25
ORD-001950,2024-03-24,C00099,Microphone,2,130.00
ORD-001950,2024-03-24,C00099,Ultrawide Monitor,1,620.00
ORD-001951,2024-03-24,C01124,Mouse,1,25.00
ORD-001951,2024-03-24,C01124,Router,1,175.00
ORD-001952,2024-03-24,C00566,USB-C Hub,2,45.00
ORD-001952,2024-03-24,C00566,Mesh Wi-Fi Kit,1,320.00
ORD-001953,2024-03-24,C00675,Microphone,1,130.00
ORD-001953,2024-03-24,C00675,Mouse,2,25.00
ORD-001954,2024-03-24,C00792,Mesh Wi-Fi Kit,2,288.00
ORD-001954,2024-03-24,C00792,Mouse,3,25.00
ORD-001955,2024-03-24,C00738,Microphone,3,123.50
ORD-001955,2024-03-24,C00738,Hard Drive,5,85.00
ORD-001956,2024-03-25,C00933,Hard Drive,3,85.00
ORD-001956,2024-03-25,C00933,Ultrawide Monitor,2,558.00
ORD-001957,2024-03-25,C00742,USB-C Hub,3,45.00
ORD-001958,2024-03-25,C00829,USB-C Hub,2,40.50
ORD-001959,2024-03-25,C00419,USB-C Hub,2,45.00
ORD-001960,2024-03-25,C00458,Webcam,1,95.00
ORD-001961,2024-03-25,C00977,Mouse,4,23.75
ORD-001962,2024-03-25,C00088,Router,5,175.00
ORD-001963,2024-03-25,C01179,Monitor,1,240.00
ORD-001964,2024-03-25,C00829,Headphones,2,142.50
ORD-001965,2024-03-25,C00094,Bluetooth Speaker,2,110.00
ORD-001966,2024-03-25,C00881,Router,1,175.00
ORD-001967,2024-03-25,C00159,Mouse,2,25.00
ORD-001968,2024-03-25,C00893,Microphone,1,123.50
ORD-001969,2024-03-25,C01488,Tablet,1,480.00
ORD-001970,2024-03-25,C00757,USB-C Hub,2,40.50
ORD-001971,2024-03-25,C00963,Microphone,1,130.00
ORD-001971,2024-03-25,C00963,USB-C Hub,1,45.00
ORD-001972,2024-03-25,C00711,Mouse,1,23.75
ORD-001973,2024-03-25,C00703,Keyboard,1,76.00
ORD-001974,2024-03-25,C00499,USB-C Hub,1,45.00
ORD-001974,2024-03-25,C00499,Headphones,1,150.00
ORD-001974,2024-03-25,C00499,Bluetooth Speaker,2,110.00
ORD-001975,2024-03-25,C00214,Headphones,2,150.00
ORD-001976,2024-03-25,C00064,Hard Drive,1,80.75
ORD-001976,2024-03-25,C00064,USB-C Hub,1,45.00
ORD-001977,2024-03-25,C00703,Mouse,2,25.00
ORD-001977,2024-03-25,C00703,Router,4,175.00
ORD-001978,2024-03-25,C00367,USB-C Hub,2,36.00
ORD-001978,2024-03-25,C00367,Mesh Wi-Fi Kit,1,320.00
ORD-001979,2024-03-25,C01230,Hard Drive,1,85.00
ORD-001979,2024-03-25,C01230,External SSD,2,140.00
ORD-001980,2024-03-25,C00738,Microphone,1,130.00
ORD-001981,2024-03-25,C00703,Ultrawide Monitor,3,589.00
ORD-001982,2024-03-25,C01012,Mouse,1,23.75
ORD-001982,2024-03-25,C01012,Keyboard,1,72.00
ORD-001982,2024-03-25,C01012,Tablet,1,456.00
ORD-001983,2024-03-26,C01108,USB-C Hub,1,42.75
ORD-001984,2024-03-26,C01289,Microphone,1,130.00
ORD-001984,2024-03-26,C01289,Mouse,1,25.00
ORD-001985,2024-03-26,C01498,Desktop PC,1,950.00
ORD-001985,2024-03-26,C01498,Microphone,3,123.50
ORD-001985,2024-03-26,C01498,Mouse,1,25.00
ORD-001986,2024-03-26,C00703,Monitor,4,285.00
ORD-001987,2024-03-26,C00699,Bluetooth Speaker,1,104.50
ORD-001987,2024-03-26,C00699,Headphones,1,150.00
ORD-001988,2024-03-26,C01050,Mouse,1,25.00
ORD-001989,2024-03-26,C00419,Hard Drive,1,85.00
ORD-001990,2024-03-26,C01219,Monitor,1,300.00
ORD-001990,2024-03-26,C01219,Headphones,1,142.50
ORD-001991,2024-03-26,C00780,USB-C Hub,3,45.00
ORD-001992,2024-03-26,C00829,External SSD,1,140.00
ORD-001993,2024-03-26,C00758,Mouse,2,25.00
ORD-001994,2024-03-26,C01036,Monitor,1,270.00
ORD-001995,2024-03-26,C00542,Tablet,3,480.00
ORD-001995,2024-03-26,C00542,Router,1,175.00
ORD-001996,2024-03-26,C00656,USB-C Hub,1,45.00
ORD-001996,2024-03-26,C00656,Tablet,3,480.00
ORD-001996,2024-03-26,C00656,Router,1,175.00
ORD-001997,2024-03-26,C01396,Mouse,1,25.00
ORD-001997,2024-03-26,C01396,Headphones,2,150.00
ORD-001998,2024-03-26,C01151,Ultrawide Monitor,2,620.00
ORD-001999,2024-03-26,C01160,Mesh Wi-Fi Kit,2,256.00
ORD-001999,2024-03-26,C01160,Hard Drive,2,85.00
ORD-002000,2024-03-26,C00379,Mouse,2,25.00
ORD-002001,2024-03-26,C00626,Router,1,175.00
ORD-002002,2024-03-26,C00438,Router,4,175.00
ORD-002003,2024-03-27,C00456,Laptop,1,1200.00
ORD-002003,2024-03-27,C00456,USB-C Hub,2,36.00
ORD-002004,2024-03-27,C00445,Ultrawide Monitor,1,620.00
ORD-002004,2024-03-27,C00445,Router,1,175.00
ORD-002005,2024-03-27,C01371,Ultrawide Monitor,1,589.00
ORD-002006,2024-03-27,C00183,Laptop,1,1200.00
ORD-002006,2024-03-27,C00183,Hard Drive,1,85.00
ORD-002007,2024-03-27,C00829,External SSD,2,140.00
ORD-002008,2024-03-27,C00137,Keyboard,1,80.00
ORD-002008,2024-03-27,C00137,Hard Drive,3,76.50
ORD-002008,2024-03-27,C00137,USB-C Hub,1,42.75
ORD-002009,2024-03-27,C00829,Bluetooth Speaker,3,110.00
ORD-002010,2024-03-27,C01033,Bluetooth Speaker,1,110.00
ORD-002011,2024-03-27,C00419,Keyboard,2,80.00
ORD-002012,2024-03-27,C00703,Hard Drive,1,76.50
ORD-002012,2024-03-27,C00703,Monitor,4,300.00
ORD-002012,2024-03-27,C00703,USB-C Hub,3,42.75
ORD-002013,2024-03-27,C01289,Microphone,1,123.50
ORD-002014,2024-03-27,C00083,Microphone,3,130.00
ORD-002015,2024-03-27,C00566,Desktop PC,2,950.00
ORD-002015,2024-03-27,C00566,Router,1,175.00
ORD-002016,2024-03-27,C00137,Keyboard,1,80.00
ORD-002016,2024-03-27,C00137,Hard Drive,1,85.00
ORD-002017,2024-03-27,C00829,Webcam,1,95.00
ORD-002018,2024-03-27,C00829,Monitor,1,300.00
ORD-002018,2024-03-27,C00829,Mouse,1,25.00
ORD-002019,2024-03-27,C00156,Microphone,1,130.00
ORD-002019,2024-03-27,C00156,Laptop,5,1200.00
ORD-002020,2024-03-27,C00703,Hard Drive,1,76.50
ORD-002021,2024-03-28,C01036,Microphone,1,123.50
ORD-002021,2024-03-28,C01036,USB-C Hub,1,45.00
ORD-002022,2024-03-28,C00617,Tablet,4,480.00
ORD-002023,2024-03-28,C00209,Hard Drive,2,85.00
ORD-002024,2024-03-28,C00829,Keyboard,1,80.00
ORD-002024,2024-03-28,C00829,Mouse,1,25.00
ORD-002025,2024-03-28,C00966,Microphone,1,123.50
ORD-002026,2024-03-28,C01324,Mouse,4,25.00
ORD-002026,2024-03-28,C01324,USB-C Hub,1,45.00
ORD-002027,2024-03-28,C01342,Ultrawide Monitor,1,589.00
ORD-002027,2024-03-28,C01342,Headphones,2,150.00
ORD-002028,2024-03-28,C00777,USB-C Hub,1,45.00
ORD-002028,2024-03-28,C00777,Bluetooth Speaker,2,88.00
ORD-002028,2024-03-28,C00777,External SSD,1,140.00
ORD-002029,2024-03-28,C00339,Webcam,1,95.00
ORD-002030,2024-03-28,C00881,Mesh Wi-Fi Kit,1,320.00
ORD-002030,2024-03-28,C00881,Hard Drive,3,85.00
ORD-002030,2024-03-28,C00881,Webcam,2,95.00
ORD-002031,2024-03-28,C00418,Hard Drive,1,85.00
ORD-002032,2024-03-28,C00877,Monitor,4,285.00
ORD-002032,2024-03-28,C00877,Keyboard,2,80.00
ORD-002033,2024-03-28,C00571,USB-C Hub,1,42.75
ORD-002033,2024-03-28,C00571,Hard Drive,3,85.00
ORD-002034,2024-03-28,C00064,USB-C Hub,1,45.00
ORD-002034,2024-03-28,C00064,Tablet,1,432.00
ORD-002035,2024-03-28,C00003,Mouse,1,25.00
ORD-002036,2024-03-28,C00236,Monitor,1,300.00
ORD-002036,2024-03-28,C00236,Mouse,1,20.00
ORD-002036,2024-03-28,C00236,Hard Drive,1,85.00
ORD-002037,2024-03-28,C01387,External SSD,1,140.00
ORD-002038,2024-03-28,C01239,Tablet,1,480.00
ORD-002038,2024-03-28,C01239,Keyboard,4,80.00
ORD-002038,2024-03-28,C01239,Microphone,1,130.00
ORD-002039,2024-03-28,C00577,USB-C Hub,2,45.00
ORD-002040,2024-03-28,C00637,Hard Drive,1,85.00
ORD-002041,2024-03-28,C00046,External SSD,2,140.00
ORD-002042,2024-03-28,C00324,Keyboard,1,80.00
ORD-002042,2024-03-28,C00324,Mouse,2,25.00
ORD-002042,2024-03-28,C00324,USB-C Hub,2,42.75
ORD-002043,2024-03-28,C00703,Hard Drive,1,85.00
ORD-002044,2024-03-28,C00231,Mouse,3,25.00
ORD-002045,2024-03-28,C01485,Webcam,1,90.25
ORD-002046,2024-03-28,C00829,Mouse,1,25.00
ORD-002046,2024-03-28,C00829,Webcam,1,95.00
ORD-002047,2024-03-28,C01160,Router,1,175.00
ORD-002047,2024-03-28,C01160,External SSD,1,140.00
ORD-002048,2024-03-28,C01106,Router,1,175.00
ORD-002049,2024-03-28,C01258,Microphone,2,123.50
ORD-002050,2024-03-28,C01160,Mouse,1,23.75
ORD-002051,2024-03-28,C00839,Keyboard,5,80.00
ORD-002052,2024-03-28,C00514,Ultrawide Monitor,1,620.00
ORD-002053,2024-03-29,C00985,Mouse,1,25.00
ORD-002054,2024-03-29,C01160,External SSD,1,126.00
ORD-002054,2024-03-29,C01160,Hard Drive,2,80.75
ORD-002054,2024-03-29,C01160,Monitor,1,300.00
ORD-002055,2024-03-29,C00236,USB-C Hub,1,36.00
ORD-002056,2024-03-29,C00829,Desktop PC,1,950.00
ORD-002057,2024-03-29,C00752,Desktop PC,3,950.00
ORD-002058,2024-03-29,C01160,Bluetooth Speaker,1,99.00
ORD-002059,2024-03-29,C00251,Keyboard,3,76.00
ORD-002060,2024-03-29,C00829,External SSD,1,140.00
ORD-002061,2024-03-29,C00170,Microphone,1,123.50
ORD-002061,2024-03-29,C00170,Headphones,3,150.00
ORD-002062,2024-03-29,C01348,Ultrawide Monitor,1,496.00
ORD-002063,2024-03-29,C00571,Laptop,2,1200.00
ORD-002064,2024-03-29,C00419,USB-C Hub,1,45.00
ORD-002065,2024-03-29,C00413,Mesh Wi-Fi Kit,3,320.00
ORD-002065,2024-03-29,,Mouse,4,25.00
ORD-002066,2024-03-29,C00757,USB-C Hub,2,45.00
ORD-002067,2024-03-29,C01104,USB-C Hub,3,36.00
ORD-002068,2024-03-29,C00878,Mouse,3,25.00
ORD-002069,2024-03-29,C01160,Tablet,1,432.00
ORD-002069,2024-03-29,C01160,Mesh Wi-Fi Kit,1,320.00
ORD-002069,2024-03-29,C01160,Bluetooth Speaker,1,110.00
ORD-002070,2024-03-29,C00995,Tablet,2,480.00
ORD-002071,2024-03-29,C01384,External SSD,2,112.00
ORD-002072,2024-03-29,C01077,Mesh Wi-Fi Kit,1,304.00
ORD-002072,2024-03-29,C01077,Mouse,2,25.00
ORD-002073,2024-03-29,C01184,Router,4,175.00
ORD-002073,2024-03-29,C01184,Microphone,1,130.00
ORD-002074,2024-03-29,C00703,Bluetooth Speaker,1,104.50
ORD-002075,2024-03-29,C01160,Router,2,175.00
ORD-002075,2024-13-45,C01160,Mouse,1,25.00
ORD-002076,2024-03-29,C00102,USB-C Hub,1,45.00
ORD-002077,2024-03-29,C01052,Ultrawide Monitor,2,589.00
ORD-002078,2024-03-29,C01026,Mesh Wi-Fi Kit,1,320.00
ORD-002078,2024-03-29,C01026,Router,2,175.00
ORD-002079,2024-03-29,C00703,Keyboard,1,72.00
ORD-002080,2024-03-30,C01160,Bluetooth Speaker,1,110.00
ORD-002080,2024-03-30,C01160,Tablet,1,480.00
ORD-002080,2024-03-30,C01160,Hard Drive,4,80.75
ORD-002081,2024-03-30,C00807,Webcam,4,95.00
ORD-002081,2024-03-30,C00807,Hard Drive,1,76.50
ORD-002081,2024-03-30,C00807,External SSD,1,133.00
ORD-002082,2024-03-30,C00064,USB-C Hub,1,45.00
ORD-002083,2024-03-30,C01413,External SSD,1,140.00
ORD-002084,2024-03-30,C01160,USB-C Hub,1,36.00
ORD-002085,2024-03-30,C00714,Monitor,1,300.00
ORD-002085,2024-03-30,C00714,Microphone,1,130.00
ORD-002086,2024-03-30,C00881,External SSD,1,133.00
ORD-002086,2024-03-30,C00881,Webcam,1,95.00
ORD-002086,2024-03-30,C00881,Mesh Wi-Fi Kit,1,320.00
ORD-002087,2024-03-30,C00600,USB-C Hub,1,45.00
ORD-002087,2024-03-30,C00600,Keyboard,2,80.00
ORD-002087,2024-03-30,C00600,Mesh Wi-Fi Kit,2,320.00
ORD-002088,2024-03-30,C01225,Hard Drive,1,85.00
ORD-002088,2024-03-30,C01225,Microphone,1,130.00
ORD-002089,2024-03-30,C00829,Headphones,1,150.00
ORD-002090,2024-03-30,C00693,Mouse,3,25.00
ORD-002090,2024-03-30,C00693,Microphone,2,117.00
ORD-002090,2024-03-30,C00693,Headphones,1,135.00
ORD-002091,2024-03-30,C01342,External SSD,1,133.00
ORD-002091,2024-03-30,C01342,Hard Drive,1,85.00
ORD-002092,2024-03-30,C00943,Microphone,1,130.00
ORD-002093,2024-03-30,C00300,Bluetooth Speaker,1,110.00
ORD-002094,2024-03-30,C00591,Mouse,2,25.00
ORD-002095,2024-03-30,C01124,Monitor,1,300.00
ORD-002095,2024-03-30,C01124,Mouse,1,25.00
ORD-002095,2024-03-30,C01124,Tablet,1,480.00
ORD-002096,2024-03-30,C00881,Webcam,1,95.00
ORD-002096,2024-03-30,C00881,Mouse,1,25.00
ORD-002097,2024-03-30,C00413,Bluetooth Speaker,1,104.50
ORD-002098,2024-03-30,C00829,Mouse,1,22.50
ORD-002098,2024-03-30,C00829,Microphone,5,130.00
ORD-002098,2024-03-30,C00829,Keyboard,1,80.00
ORD-002099,2024-03-30,C01160,USB-C Hub,4,45.00
ORD-002099,2024-03-30,C01160,Keyboard,1,80.00
ORD-002100,2024-03-30,C00296,USB-C Hub,1,45.00
ORD-002101,2024-03-30,C00295,Desktop PC,2,950.00
ORD-002102,2024-03-30,C00042,USB-C Hub,2,42.75
ORD-002103,2024-03-30,C01472,Laptop,1,1200.00
ORD-002104,2024-03-31,C01443,External SSD,3,112.00
ORD-002105,2024-03-31,C00703,Webcam,4,95.00
ORD-002105,2024-03-31,C00703,Monitor,1,285.00
ORD-002106,2024-03-31,C01232,Bluetooth Speaker,1,110.00
ORD-002107,2024-03-31,C00564,Mesh Wi-Fi Kit,1,320.00
ORD-002107,2024-03-31,C00564,Mouse,1,23.75
ORD-002108,2024-03-31,C00829,Monitor,1,270.00
ORD-002109,2024-03-31,C00414,Mouse,1,25.00
ORD-002110,2024-03-31,C01069,Webcam,1,95.00
ORD-002111,2024-03-31,C00734,Mouse,1,25.00
ORD-002111,2024-03-31,C00734,External SSD,2,140.00
ORD-002112,2024-03-31,C00703,Ultrawide Monitor,1,620.00
ORD-002112,2024-03-31,C00703,Headphones,1,150.00
ORD-002113,2024-03-31,C00656,Microphone,1,123.50
ORD-002114,2024-03-31,C00137,Mouse,1,25.00
ORD-002115,2024-03-31,C00693,Laptop,1,1200.00
ORD-002116,2024-03-31,C00419,Mouse,1,22.50
ORD-002116,2024-03-31,C00419,Keyboard,2,80.00
ORD-002117,2024-03-31,C00922,Hard Drive,1,85.00
ORD-002117,2024-03-31,C00922,Bluetooth Speaker,4,110.00
ORD-002117,2024-03-31,C00922,Keyboard,3,80.00
ORD-002118,2024-03-31,C00829,Hard Drive,1,85.00
ORD-002119,2024-03-31,C00758,Monitor,3,300.00
ORD-002120,2024-03-31,C01001,Hard Drive,2,80.75
ORD-002120,2024-03-31,C01001,Desktop PC,1,950.00
ORD-002121,2024-03-31,C01124,Mesh Wi-Fi Kit,3,320.00
ORD-002121,2024-03-31,C01124,USB-C Hub,4,45.00
ORD-002121,2024-03-31,C01124,External SSD,1,112.00
ORD-002122,2024-03-31,C01454,Mouse,1,25.00
ORD-002122,2024-03-31,C01454,Laptop,1,1200.00
ORD-002123,2024-03-31,C00064,External SSD,2,140.00
ORD-002124,2024-03-31,C00331,Webcam,3,90.25
ORD-002124,2024-03-31,C00331,External SSD,1,140.00
ORD-002125,2024-03-31,C00067,USB-C Hub,1,45.00
ORD-002126,2024-03-31,C00829,Headphones,1,150.00
ORD-002127,2024-03-31,C00763,External SSD,1,133.00
ORD-002128,2024-03-31,C00448,External SSD,1,140.00
ORD-002128,2024-03-31,C00448,Laptop,1,1140.00
ORD-002129,2024-03-31,C01160,Hard Drive,2,85.00
ORD-002129,2024-03-31,C01160,Mesh Wi-Fi Kit,3,304.00
ORD-002130,2024-04-01,C00792,Mesh Wi-Fi Kit,5,320.00
ORD-002131,2024-04-01,C00445,Router,1,175.00
ORD-002132,2024-04-01,C00580,Desktop PC,1,950.00
ORD-002133,2024-04-01,C00419,Router,1,166.25
ORD-002134,2024-04-01,C01455,Mouse,3,25.00
ORD-002135,2024-04-01,C00458,Mesh Wi-Fi Kit,2,304.00
ORD-002136,2024-04-01,C01123,Monitor,1,300.00
ORD-002136,2024-04-01,C01123,Microphone,1,104.00
ORD-002137,2024-04-01,C00064,Hard Drive,1,68.00
ORD-002138,2024-04-01,C00693,Bluetooth Speaker,1,110.00
ORD-002138,2024-04-01,C00693,Mouse,2,25.00
ORD-002139,2024-04-01,C00481,Bluetooth Speaker,1,110.00
ORD-002139,2024-04-01,C00481,External SSD,2,140.00
ORD-002140,2024-04-01,C01225,External SSD,1,140.00
ORD-002141,2024-04-01,C00425,USB-C Hub,1,45.00
ORD-002141,2024-04-01,C00425,Microphone,1,130.00
ORD-002141,2024-04-01,C00425,Laptop,2,1200.00
ORD-002142,2024-04-01,C01206,Keyboard,2,80.00
ORD-002142,2024-04-01,C01206,USB-C Hub,2,45.00
ORD-002142,2024-04-01,C01206,Tablet,1,456.00
ORD-002143,2024-04-01,C01384,Mesh Wi-Fi Kit,1,320.00
ORD-002144,2024-04-01,C00693,External SSD,3,140.00
ORD-002145,2024-04-01,C00563,Mouse,1,25.00
ORD-002145,2024-04-01,C00563,Bluetooth Speaker,2,110.00
ORD-002145,2024-04-01,C00563,External SSD,1,133.00
ORD-002146,2024-04-01,C01283,External SSD,2,112.00
ORD-002146,2024-04-01,C01283,Laptop,4,1200.00
ORD-002146,2024-04-01,C01283,Monitor,2,300.00
ORD-002147,2024-04-01,C00916,External SSD,4,140.00
ORD-002147,2024-04-01,C00916,USB-C Hub,1,42.75
ORD-002148,2024-04-01,C01462,Mouse,2,20.00
ORD-002149,2024-04-02,C01289,USB-C Hub,1,42.75
ORD-002149,2024-04-02,C01289,Mouse,1,25.00
ORD-002150,2024-04-02,C00021,Headphones,1,142.50
ORD-002151,2024-04-02,C00368,External SSD,1,140.00
ORD-002152,2024-04-02,C01026,Headphones,1,135.00
ORD-002153,2024-04-02,C00271,Microphone,2,117.00
ORD-002154,2024-04-02,C01446,Mouse,1,25.00
ORD-002154,2024-04-02,C01446,Microphone,1,130.00
ORD-002155,2024-04-02,C00609,Microphone,3,130.00
ORD-002155,2024-04-02,C00609,External SSD,1,140.00
ORD-002156,2024-04-02,C01160,Router,3,166.25
ORD-002156,2024-04-02,C01160,Monitor,1,300.00
ORD-002156,2024-04-02,C01160,Mouse,1,25.00
ORD-002157,2024-04-02,C00495,Ultrawide Monitor,1,620.00
ORD-002157,2024-04-02,C00495,Microphone,4,130.00
ORD-002158,2024-04-02,C00829,Webcam,1,76.00
ORD-002158,2024-04-02,C00829,Headphones,4,150.00
ORD-002159,2024-04-02,C00703,Mesh Wi-Fi Kit,2,320.00
ORD-002160,2024-04-02,C01160,Webcam,3,90.25
ORD-002160,2024-04-02,C01160,Desktop PC,1,950.00
ORD-002161,2024-04-02,C00780,External SSD,1,126.00
ORD-002162,2024-04-02,C01362,Microphone,4,130.00
ORD-002162,2024-04-02,C01362,Mesh Wi-Fi Kit,1,320.00
ORD-002163,2024-04-02,C00829,Microphone,0,130.00
ORD-002164,2024-04-02,C00829,Keyboard,4,80.00
ORD-002165,2024-04-03,C01160,Bluetooth Speaker,1,110.00
ORD-002166,2024-04-03,C00162,Mouse,0,22.50
ORD-002167,2024-04-03,C00829,Microphone,1,104.00
ORD-002168,2024-04-03,C00087,Ultrawide Monitor,1,620.00
ORD-002168,2024-04-03,C00087,Monitor,1,300.00
ORD-002169,2024-04-03,C00703,Mouse,1,23.75
ORD-002169,2024-04-03,C00703,Webcam,2,95.00
ORD-002169,2024-04-03,C00703,Microphone,1,130.00
ORD-002170,2024-04-03,C00975,Mouse,1,25.00
ORD-002171,2024-04-03,C00419,Hard Drive,1,80.75
ORD-002172,2024-04-03,,Bluetooth Speaker,3,110.00
ORD-002172,2024-04-03,C00538,Tablet,1,432.00
ORD-002172,2024-04-03,C00538,Ultrawide Monitor,3,589.00
ORD-002173,2024-04-03,C01289,Mouse,1,20.00
ORD-002174,2024-04-03,C00439,USB-C Hub,1,N/A
ORD-002175,2024-04-03,C01395,Mesh Wi-Fi Kit,2,288.00
ORD-002176,2024-04-03,C00840,USB-C Hub,1,40.50
ORD-002176,2024-04-03,C00840,Keyboard,1,72.00
ORD-002177,2024-04-03,C00593,Bluetooth Speaker,1,99.00
ORD-002177,2024-04-03,C00593,Webcam,2,95.00
ORD-002178,2024-04-03,C00137,Keyboard,5,80.00
ORD-002179,2024-04-03,C00231,Bluetooth Speaker,1,99.00
ORD-002179,2024-04-03,C00231,Keyboard,2,80.00
ORD-002180,2024-04-03,C01158,Hard Drive,1,68.00
ORD-002181,2024-04-03,C00908,Mouse,1,25.00
ORD-002182,2024-04-03,C00989,Laptop,1,1200.00
ORD-002183,2024-04-03,C00829,Ultrawide Monitor,1,620.00
ORD-002184,2024-04-03,C00829,Microphone,1,130.00
ORD-002185,2024-04-03,C00055,Mouse,4,25.00
ORD-002186,2024-04-03,C00339,Hard Drive,1,76.50
ORD-002187,2024-04-03,C00829,External SSD,1,140.00
ORD-002188,2024-04-03,C00539,Microphone,1,130.00
ORD-002189,2024-04-04,C00064,Keyboard,1,80.00
ORD-002189,2024-04-04,C00064,Router,1,175.00
ORD-002190,2024-04-04,C00595,Keyboard,3,80.00
ORD-002191,2024-04-04,C00424,Hard Drive,1,85.00
ORD-002191,2024-04-04,C00424,Bluetooth Speaker,1,104.50
ORD-002192,2024-04-04,C00499,Webcam,1,95.00
ORD-002193,2024-04-04,C00897,Mouse,1,22.50
ORD-002194,2024-04-04,C00253,Mouse,1,25.00
ORD-002195,2024-04-04,C01232,Mouse,3,25.00
ORD-002195,2024-04-04,C01232,External SSD,2,140.00
ORD-002196,2024-04-04,C00137,Hard Drive,1,85.00
ORD-002197,2024-04-04,C00419,Webcam,1,95.00
ORD-002197,2024-04-04,C00419,Keyboard,2,80.00
ORD-002198,2024-04-04,C01424,Ultrawide Monitor,1,589.00
ORD-002198,2024-04-04,C01424,Mouse,1,23.75
ORD-002199,2024-04-04,C01289,Router,2,175.00
ORD-002200,2024-04-04,C00376,  Mouse ,1,25.00
ORD-002201,2024-04-04,C00348,External SSD,1,140.00
ORD-002201,2024-04-04,C00348,Microphone,1,130.00
ORD-002201,2024-04-04,C00348,Webcam,1,90.25
ORD-002202,2024-04-04,C00008,USB-C Hub,1,45.00
ORD-002203,2024-04-04,C00223,Microphone,1,104.00
ORD-002204,2024-04-04,C00419,External SSD,1,140.00
ORD-002205,2024-04-04,C00829,Desktop PC,1,950.00
ORD-002205,2024-04-04,C00829,Keyboard,2,72.00
ORD-002205,2024-04-04,C00829,Webcam,4,85.50
ORD-002206,2024-04-04,C00780,Microphone,4,130.00
ORD-002206,2024-04-04,C00780,Mouse,2,23.75
ORD-002207,2024-04-04,C00419,Webcam,1,95.00
ORD-002207,2024-04-04,C00419,Headphones,2,150.00
ORD-002208,2024-04-04,C00426,Ultrawide Monitor,1,620.00
ORD-002209,2024-04-05,C00604,Webcam,1,95.00
ORD-002209,2024-04-05,C00604,Hard Drive,1,80.75
ORD-002210,2024-04-05,C01436,External SSD,3,140.00
ORD-002211,2024-04-05,C00351,Monitor,1,300.00
ORD-002211,2024-04-05,C00351,External SSD,1,140.00
ORD-002212,2024-04-05,C01160,Ultrawide Monitor,1,620.00
ORD-002212,2024-04-05,C01160,External SSD,1,140.00
ORD-002213,2024-04-05,C01160,Router,1,175.00
ORD-002213,2024-04-05,C01160,Microphone,1,130.00
ORD-002213,2024-04-05,C01160,Monitor,1,240.00
ORD-002214,2024-04-05,C00107,Keyboard,5,80.00
ORD-002214,2024-04-05,C00107,Desktop PC,1,950.00
ORD-002215,2024-04-05,C00419,Mouse,1,25.00
ORD-002216,2024-04-05,C01370,Bluetooth Speaker,1,110.00
ORD-002216,2024-04-05,C01370,USB-C Hub,1,45.00
ORD-002217,2024-04-05,C00263,Ultrawide Monitor,1,620.00
ORD-002218,2024-04-05,C01160,External SSD,5,140.00
ORD-002219,2024-04-05,C00791,Bluetooth Speaker,1,110.00
ORD-002220,2024-04-05,C00642,Hard Drive,1,85.00
ORD-002220,2024-04-05,C00642,USB-C Hub,4,45.00
ORD-002220,2024-04-05,C00642,Monitor,4,285.00
ORD-002221,2024-04-05,C00881,Microphone,3,130.00
ORD-002222,2024-04-05,C00064,Microphone,1,130.00
ORD-002222,2024-04-05,C00064,Monitor,3,300.00
ORD-002223,2024-04-05,C00374,Mouse,1,25.00
ORD-002224,2024-04-05,C01248,Router,1,175.00
ORD-002224,2024-04-05,C01248,Webcam,1,95.00
ORD-002225,2024-04-05,C00008,Keyboard,2,80.00
ORD-002225,2024-04-05,C00008,USB-C Hub,2,45.00
ORD-002226,2024-04-05,C00634,Mouse,1,25.00
ORD-002227,2024-04-05,C01123,Keyboard,5,80.00
ORD-002227,2024-04-05,C01123,Monitor,1,300.00
ORD-002228,2024-04-05,C00138,Webcam,2,95.00
ORD-002228,2024-04-05,C00138,Monitor,5,300.00
ORD-002229,2024-04-05,C01282,Router,1,166.25
ORD-002230,2024-04-05,C01160,USB-C Hub,0,45.00
ORD-002231,2024-04-05,C01351,Bluetooth Speaker,3,110.00
ORD-002232,2024-04-05,C00703,Keyboard,1,80.00
ORD-002233,2024-04-05,C00535,Hard Drive,1,85.00
ORD-002234,2024-04-05,C01148,Microphone,1,123.50
ORD-002235,2024-04-05,C00732,Webcam,1,95.00
ORD-002236,2024-04-05,C00703,Desktop PC,1,950.00
ORD-002237,2024-04-05,C00003,Router,1,175.00
ORD-002237,2024-04-05,C00003,Microphone,2,130.00
ORD-002238,2024-04-05,C01448,Mouse,4,25.00
ORD-002239,2024-04-05,C00881,Microphone,4,130.00
ORD-002239,2024-04-05,C00881,Mesh Wi-Fi Kit,3,288.00
ORD-002240,2024-04-06,C01384,Microphone,2,130.00
ORD-002241,2024-04-06,C01159,Webcam,2,85.50
ORD-002241,2024-04-06,C01159,External SSD,3,140.00
ORD-002242,2024-04-06,C01160,Headphones,2,150.00
ORD-002243,2024-04-06,C00559,Hard Drive,1,76.50
ORD-002244,2024-04-06,C01342,Keyboard,1,76.00
ORD-002245,2024-04-06,C00231,USB-C Hub,1,45.00
ORD-002245,2024-04-06,C00231,Mouse,1,25.00
ORD-002245,2024-04-06,C00231,Bluetooth Speaker,4,110.00
ORD-002246,2024-04-06,C00693,Mesh Wi-Fi Kit,2,320.00
ORD-002246,2024-04-06,C00693,Mouse,1,22.50
ORD-002247,2024-04-06,C00379,External SSD,1,140.00
ORD-002247,2024-04-06,C00379,Monitor,2,240.00
ORD-002248,2024-04-06,C00725,USB-C Hub,1,45.00
ORD-002248,2024-04-06,C00725,Router,1,175.00
ORD-002249,2024-04-06,C01200,Mouse,1,23.75
ORD-002250,2024-04-06,C00760,Mesh Wi-Fi Kit,3,320.00
ORD-002251,2024-04-06,C01151,Laptop,1,1200.00
ORD-002252,2024-04-06,C01429,Mouse,1,25.00
ORD-002253,2024-04-06,C00918,Microphone,1,130.00
ORD-002253,2024-04-06,C00918,Router,1,157.50
ORD-002254,2024-04-06,C00424,Microphone,-1,130.00
ORD-002255,2024-04-06,C00255,USB-C Hub,2,45.00
ORD-002256,2024-04-06,C01412,Hard Drive,1,80.75
ORD-002256,2024-04-06,C01412,Mesh Wi-Fi Kit,1,304.00
ORD-002257,2024-04-06,C00703,Bluetooth Speaker,2,99.00
ORD-002258,2024-04-06,C00699,External SSD,1,140.00
ORD-002258,2024-04-06,C00699,USB-C Hub,1,40.50
ORD-002259,2024-04-06,C01255,Mesh Wi-Fi Kit,2,320.00
ORD-002260,2024-04-06,C01093,External SSD,1,140.00
ORD-002260,2024-04-06,C01093,Desktop PC,2,950.00
ORD-002261,2024-04-06,,Mouse,1,23.75
ORD-002261,2024-04-06,C00520,USB-C Hub,2,40.50
ORD-002262,2024-04-06,C00829,External SSD,1,126.00
ORD-002263,2024-04-06,C00514,Webcam,2,95.00
ORD-002264,2024-04-06,C00600,USB-C Hub,1,40.50
ORD-002264,2024-04-06,C00600,Bluetooth Speaker,1,110.00
ORD-002265,2024-04-06,C00757,Hard Drive,1,68.00
ORD-002265,2024-04-06,C00757,Microphone,1,130.00
ORD-002266,2024-04-06,C00958,Monitor,1,240.00
ORD-002267,2024-04-06,C00419,Keyboard,1,80.00
ORD-002268,2024-04-06,C00595,Webcam,2,90.25
ORD-002268,2024-04-06,C00595,Microphone,1,117.00
ORD-002269,2024-04-06,C00204,Keyboard,1,76.00
ORD-002270,2024-04-06,C00287,Hard Drive,1,85.00
ORD-002271,2024-04-06,C01304,USB-C Hub,5,45.00
ORD-002271,2024-04-06,C01304,Microphone,2,123.50
ORD-002272,2024-04-06,C00986,Laptop,2,1200.00
ORD-002272,2024-04-06,C00986,Desktop PC,1,950.00
ORD-002272,2024-04-06,C00986,External SSD,-1,140.00
ORD-002273,2024-04-06,C00348,Webcam,2,95.00
ORD-002274,2024-04-06,C01485,Headphones,3,120.00
ORD-002274,2024-04-06,C01485,Webcam,1,90.25
ORD-002275,2024-04-06,C00242,Mouse,3,25.00
ORD-002276,2024-04-06,C00355,Hard Drive,1,68.00
ORD-002277,2024-04-06,C00514,Mesh Wi-Fi Kit,2,320.00
ORD-002277,2024-04-06,C00514,Bluetooth Speaker,1,104.50
ORD-002278,2024-04-06,C00703,Microphone,2,123.50
ORD-002278,2024-04-06,C00703,Keyboard,1,80.00
ORD-002279,2024-04-06,C00565,Keyboard,5,72.00
ORD-002279,2024-04-06,C00565,Hard Drive,3,68.00
ORD-002279,2024-04-06,C00565,USB-C Hub,1,45.00
ORD-002280,2024-04-06,C00571,Mouse,2,25.00
ORD-002280,2024-04-06,C00571,Webcam,1,95.00
ORD-002281,2024-04-06,C00829,Hard Drive,2,85.00
ORD-002282,2024-04-06,C00542,Microphone,3,130.00
ORD-002283,2024-04-06,C01391,External SSD,1,140.00
ORD-002284,2024-04-07,C00703,Mesh Wi-Fi Kit,1,304.00
ORD-002284,2024-04-07,C00703,Mouse,2,25.00
ORD-002285,2024-04-07,C01155,Router,1,175.00
ORD-002285,2024-04-07,C01155,Monitor,1,285.00
ORD-002286,2024-04-07,C00348,Mouse,1,20.00
ORD-002286,2024-04-07,C00348,Bluetooth Speaker,5,110.00
ORD-002287,2024-04-07,C01124,External SSD,2,140.00
ORD-002288,2024-04-07,C00829,External SSD,3,140.00
ORD-002289,2024-04-07,C01160,Desktop PC,1,950.00
ORD-002289,2024-04-07,C01160,Webcam,1,95.00
ORD-002289,2024-04-07,C01160,Keyboard,1,64.00
ORD-002290,2024-04-07,C00703,Mouse,2,23.75
ORD-002290,2024-04-07,C00703,Microphone,3,N/A
ORD-002291,2024-04-07,C01487,USB-C Hub,1,42.75
ORD-002292,2024-04-07,C00829,Keyboard,1,76.00
ORD-002292,2024-04-07,C00829,Webcam,3,95.00
ORD-002293,2024-04-07,C01160,Webcam,3,95.00
ORD-002294,2024-04-07,C00419,External SSD,3,126.00
ORD-002294,2024-04-07,C00419,Monitor,1,300.00
ORD-002294,2024-04-07,C00419,Bluetooth Speaker,2,110.00
ORD-002295,2024-04-07,C00829,Hard Drive,1,85.00
ORD-002296,2024-04-07,C00445,USB-C Hub,1,45.00
ORD-002297,2024-04-07,C00373,Monitor,1,300.00
ORD-002298,2024-04-07,C00699,USB-C Hub,1,45.00
ORD-002298,2024-04-07,C00699,Bluetooth Speaker,1,110.00
ORD-002299,2024-04-07,C00859,USB-C Hub,4,45.00
ORD-002299,2024-04-07,C00859,Mouse,-1,25.00
ORD-002300,2024-04-07,C00246,Router,1,166.25
ORD-002300,2024-04-07,C00246,Mouse,1,25.00
ORD-002300,2024-04-07,C00246,Laptop,1,1200.00
ORD-002301,2024-04-07,C00912,USB-C Hub,3,45.00
ORD-002301,2024-04-07,C00912,Laptop,1,1200.00
ORD-002302,2024-04-07,C00202,USB-C Hub,2,45.00
ORD-002303,2024-04-07,C00636,Headphones,4,142.50
ORD-002303,2024-04-07,C00636,Mouse,2,25.00
ORD-002304,2024-04-07,C00881,Desktop PC,1,950.00
ORD-002304,2024-04-07,C00881,Mouse,1,22.50
ORD-002305,2024-04-07,C00693,Webcam,3,90.25
ORD-002306,2024-13-45,C00703,Keyboard,1,64.00
ORD-002307,2024-04-07,C00600,Monitor,4,300.00
ORD-002308,2024-04-07,C00137,Keyboard,4,80.00
ORD-002309,2024-04-07,C01039,Hard Drive,2,85.00
ORD-002309,2024-04-07,C01039,Headphones,1,142.50
ORD-002309,2024-04-07,C01039,USB-C Hub,2,45.00
ORD-002310,2024-04-07,C00331,USB-C Hub,1,45.00
ORD-002311,2024-04-07,C01125,Mouse,1,25.00
ORD-002311,2024-04-07,C01125,Laptop,2,1140.00
ORD-002312,2024-04-07,C00426,Mouse,2,25.00
ORD-002312,2024-04-07,C00426,External SSD,1,140.00
ORD-002313,2024-04-07,C00444,Router,1,166.25
ORD-002313,2024-04-07,C00444,Bluetooth Speaker,3,104.50
ORD-002314,2024-04-07,C00703,Tablet,1,480.00
ORD-002315,2024-04-08,C01102,Monitor,1,285.00
ORD-002315,2024-04-08,C01102,Router,3,140.00
ORD-002316,2024-04-08,C00419,Webcam,1,76.00
ORD-002316,2024-04-08,C00419,Keyboard,1,80.00
ORD-002316,2024-04-08,C00419,Microphone,1,123.50
ORD-002317,2024-04-08,C00829,Laptop,5,1080.00
ORD-002318,2024-04-08,C00703,Hard Drive,2,85.00
ORD-002318,2024-04-08,C00703,Monitor,2,300.00
ORD-002319,2024-04-08,C00829,Keyboard,2,80.00
ORD-002319,2024-04-08,C00829,Mouse,1,23.75
ORD-002320,2024-04-08,C00829,USB-C Hub,1,40.50
ORD-002321,2024-04-08,C01160,Mouse,2,25.00
ORD-002322,2024-04-08,C00829,External SSD,1,140.00
ORD-002322,2024-04-08,C00829,Headphones,2,150.00
ORD-002323,2024-04-08,C00693,Keyboard,1,80.00
ORD-002324,2024-04-08,C01186,Mesh Wi-Fi Kit,2,320.00
ORD-002324,2024-04-08,C01186,Bluetooth Speaker,2,104.50
ORD-002325,not-a-date,C00739,Desktop PC,1,950.00
ORD-002325,2024-04-08,C00739,Mouse,1,22.50
ORD-002326,2024-04-08,C00137,Hard Drive,1,85.00
ORD-002326,2024-04-08,C00137,USB-C Hub,3,45.00
ORD-002327,2024-04-08,C00366,Bluetooth Speaker,1,99.00
ORD-002327,2024-04-08,C00366,Microphone,1,130.00
ORD-002327,2024-04-08,C00366,Monitor,1,300.00
ORD-002328,2024-04-08,C00064,USB-C Hub,2,45.00
ORD-002329,2024-04-08,C00829,Webcam,2,95.00
ORD-002330,2024-04-09,C00577,External SSD,4,140.00
ORD-002330,2024-04-09,C00577,Hard Drive,3,76.50
ORD-002330,2024-04-09,C00577,Bluetooth Speaker,4,99.00
ORD-002331,2024-04-09,C01124,USB-C Hub,2,45.00
ORD-002332,2024-04-09,C00755,Mesh Wi-Fi Kit,1,320.00
ORD-002333,2024-04-09,C01044,Mouse,4,25.00
ORD-002334,2024-04-09,C00564,USB-C Hub,1,45.00
ORD-002335,2024-04-09,C00703,Mesh Wi-Fi Kit,2,320.00
ORD-002335,2024-04-09,C00703,Mouse,3,25.00
ORD-002336,2024-04-09,C00610,Desktop PC,2,950.00
ORD-002337,2024-04-09,C00966,Microphone,3,117.00
ORD-002337,2024-04-09,C00966,Webcam,2,95.00
ORD-002338,2024-04-09,C01160,Monitor,5,300.00
ORD-002339,2024-04-09,C01062,Router,1,140.00
ORD-002339,2024-04-09,C01062,Keyboard,1,76.00
ORD-002340,2024-04-09,C00590,Mouse,1,25.00
ORD-002341,2024-04-09,C00898,Desktop PC,2,950.00
ORD-002341,2024-04-09,C00898,Laptop,1,960.00
ORD-002341,2024-04-09,C00898,Headphones,4,150.00
ORD-002342,2024-04-09,C00861,Router,1,175.00
ORD-002343,2024-04-09,C00252,Hard Drive,1,85.00
ORD-002343,2024-04-09,C00252,Mouse,3,25.00
ORD-002344,2024-04-09,C00703,Microphone,2,123.50
ORD-002344,2024-04-09,C00703,Mouse,1,25.00
ORD-002345,2024-04-09,C01169,Microphone,2,123.50
ORD-002345,2024-04-09,C01169,Mouse,1,25.00
ORD-002346,2024-04-09,C00703,Keyboard,3,80.00
ORD-002346,2024-04-09,C00703,Hard Drive,2,85.00
ORD-002347,2024-04-09,C00829,Mesh Wi-Fi Kit,1,320.00
ORD-002347,2024-04-09,C00829,Tablet,3,480.00
ORD-002348,2024-04-10,C00114,Webcam,5,95.00
ORD-002348,2024-04-10,C00114,Router,5,175.00
ORD-002349,2024-04-10,C00881,External SSD,1,140.00
ORD-002350,2024-04-10,C00732,Microphone,1,123.50
ORD-002350,2024-04-10,C00732,Keyboard,1,80.00
ORD-002351,2024-04-10,C00137,Mouse,3,N/A
ORD-002351,2024-04-10,C00137,Monitor,1,300.00
ORD-002352,2024-04-10,C01106,Hard Drive,1,85.00
ORD-002353,2024-04-10,C00626,Keyboard,1,76.00
ORD-002354,2024-04-10,C00012,Microphone,3,130.00
ORD-002354,2024-04-10,C00012,Hard Drive,1,80.75
ORD-002355,2024-04-10,C00453,Keyboard,2,76.00
ORD-002356,2024-04-10,C00370,Hard Drive,1,85.00
ORD-002357,2024-04-10,C01422,Bluetooth Speaker,1,104.50
ORD-002358,2024-04-10,C00553,Monitor,2,300.00
ORD-002358,2024-04-10,C00553,Keyboard,1,80.00
ORD-002359,2024-04-10,C00703,Microphone,1,117.00
ORD-002360,2024-04-10,C01039,External SSD,2,140.00
ORD-002360,2024-04-10,C01039,Headphones,2,150.00
ORD-002361,2024-04-10,C00494,Keyboard,1,80.00
ORD-002362,2024-04-10,C00421,Mouse,1,N/A
ORD-002363,2024-04-11,C00602,USB-C Hub,1,45.00
ORD-002363,2024-04-11,C00602,Desktop PC,1,950.00
ORD-002364,2024-04-11,C00743,Mouse,1,25.00
ORD-002365,2024-04-11,C00703,Bluetooth Speaker,3,110.00
ORD-002366,2024-04-11,C00829,Mouse,2,25.00
ORD-002366,2024-04-11,C00829,Microphone,2,104.00
ORD-002366,2024-04-11,C00829,Webcam,1,95.00
ORD-002367,2024-04-11,C00413,Webcam,4,95.00
ORD-002367,2024-04-11,C00413,Keyboard,1,80.00
ORD-002368,2024-04-11,C00368,Keyboard,1,76.00
ORD-002369,2024-04-11,C00355,Mouse,1,25.00
ORD-002370,2024-04-11,C01008,Keyboard,1,80.00
ORD-002371,2024-04-11,C00661,External SSD,1,140.00
ORD-002372,2024-04-11,C00703,Webcam,1,95.00
ORD-002373,2024-04-11,C00957,USB-C Hub,1,42.75
ORD-002374,2024-04-11,C00920,USB-C Hub,2,45.00
ORD-002375,2024-04-11,C00829,Keyboard,1,80.00
ORD-002376,2024-04-11,C00043,Router,1,175.00
ORD-002376,2024-04-11,C00043,Mesh Wi-Fi Kit,2,288.00
ORD-002377,2024-04-11,C00524,Headphones,5,120.00
ORD-002377,2024-04-11,C00524,Microphone,1,130.00
ORD-002378,2024-04-11,C00870,Headphones,1,150.00
ORD-002378,2024-04-11,C00870,Webcam,3,85.50
ORD-002379,2024-04-11,C00693,Headphones,1,150.00
ORD-002380,2024-04-11,C01051,USB-C Hub,3,36.00
ORD-002380,2024-04-11,C01051,Hard Drive,1,76.50
ORD-002381,2024-13-45,C01342,Headphones,2,150.00
ORD-002381,2024-04-11,C01342,Ultrawide Monitor,2,620.00
ORD-002381,2024-04-11,C01342,Keyboard,1,76.00
ORD-002382,2024-04-11,C00263,Mouse,1,22.50
ORD-002382,2024-04-11,C00263,Router,3,175.00
ORD-002383,2024-04-11,C01281,Mesh Wi-Fi Kit,1,320.00
ORD-002384,2024-04-11,C00829,Mesh Wi-Fi Kit,1,320.00
ORD-002384,2024-04-11,C00829,Monitor,2,270.00
ORD-002385,2024-04-11,C00419,Bluetooth Speaker,1,104.50
ORD-002385,2024-04-11,C00419,Hard Drive,1,68.00
ORD-002386,2024-04-11,C01461,External SSD,1,140.00
ORD-002387,2024-04-11,C01486,Monitor,1,270.00
ORD-002388,2024-04-11,C00829,USB-C Hub,1,42.75
ORD-002388,2024-04-11,C00829,Tablet,1,480.00
ORD-002388,2024-04-11,C00829,Bluetooth Speaker,1,110.00
ORD-002389,2024-04-11,C01339,Keyboard,1,72.00
ORD-002390,2024-04-12,C01384,USB-C Hub,1,45.00
ORD-002390,2024-04-12,C01384,Webcam,1,95.00
ORD-002391,2024-04-12,C00644,Mouse,1,25.00
ORD-002391,2024-04-12,C00644,Webcam,2,90.25
ORD-002392,2024-04-12,C00699,USB-C Hub,1,40.50
ORD-002393,2024-04-12,C01077,Webcam,1,95.00
ORD-002394,2024-04-12,C00829,Keyboard,1,64.00
ORD-002395,2024-04-12,C01300,Keyboard,2,80.00
ORD-002396,2024-04-12,C01136,Webcam,3,90.25
ORD-002396,2024-04-12,C01136,Keyboard,3,80.00
ORD-002397,2024-04-12,C00881,Headphones,1,150.00
ORD-002398,2024-04-12,C01085,USB-C Hub,1,45.00
ORD-002398,2024-04-12,C01085,Tablet,2,480.00
ORD-002398,2024-04-12,C01085,Webcam,1,95.00
ORD-002399,2024-04-12,C01106,Webcam,1,95.00
ORD-002400,2024-04-12,C01342,Desktop PC,3,950.00
ORD-002400,2024-04-12,C01342,Ultrawide Monitor,2,589.00
ORD-002401,2024-04-12,C00322,External SSD,1,140.00
ORD-002401,2024-04-12,C00322,Mouse,1,25.00
ORD-002401,2024-04-12,C00322,Webcam,2,N/A
ORD-002402,2024-04-12,C00703,Tablet,3,480.00
ORD-002403,2024-04-12,C00829,Microphone,4,130.00
ORD-002403,2024-04-12,C00829,External SSD,4,140.00
ORD-002403,2024-04-12,C00829,USB-C Hub,1,45.00
ORD-002404,2024-04-12,C00270,Headphones,3,135.00
ORD-002405,2024-04-12,C00780,Desktop PC,5,950.00
ORD-002406,2024-04-12,C01124,Hard Drive,4,85.00
ORD-002407,2024-04-12,C01018,Microphone,2,130.00
ORD-002408,2024-04-12,C00533,Bluetooth Speaker,1,110.00
ORD-002409,2024-04-12,C01167,Headphones,1,150.00
ORD-002410,2024-04-12,C01490,Keyboard,2,80.00
ORD-002411,2024-04-12,C00004,USB-C Hub,1,45.00
ORD-002412,2024-04-12,C00699,Mouse,1,25.00
ORD-002413,2024-04-12,C00491,Headphones,1,150.00
ORD-002414,2024-04-12,C00881,Laptop,3,1200.00
ORD-002414,2024-04-12,C00881,Mouse,1,25.00
ORD-002415,2024-04-13,C00829,External SSD,1,140.00
ORD-002416,2024-04-13,C00841,Mesh Wi-Fi Kit,1,320.00
ORD-002416,2024-04-13,C00841,Headphones,2,120.00
ORD-002417,2024-04-13,C00339,USB-C Hub,2,45.00
ORD-002418,2024-04-13,C00906,Mesh Wi-Fi Kit,1,288.00
ORD-002419,2024-04-13,C00703,Webcam,2,95.00
ORD-002419,2024-04-13,C00703,Router,1,175.00
ORD-002420,2024-04-13,C01063,Keyboard,1,80.00
ORD-002421,2024-04-13,C00064,Keyboard,1,80.00
ORD-002422,2024-04-13,C01176,Microphone,1,130.00
ORD-002423,2024-04-13,C00703,USB-C Hub,1,42.75
ORD-002424,2024-04-13,C00375,Keyboard,1,80.00
ORD-002424,2024-04-13,C00375,External SSD,1,140.00
ORD-002425,2024-04-13,C00829,Mouse,1,25.00
ORD-002425,2024-04-13,C00829,Router,1,140.00
ORD-002425,2024-04-13,C00829,Keyboard,1,76.00
ORD-002426,2024-04-13,C01225,Bluetooth Speaker,4,110.00
ORD-002426,2024-04-13,C01225,Headphones,1,150.00
ORD-002427,2024-04-13,C01289,USB-C Hub,1,45.00
ORD-002427,2024-04-13,C01289,Bluetooth Speaker,3,110.00
ORD-002428,2024-04-13,C00946,Mouse,1,25.00
ORD-002428,2024-04-13,C00946,Mesh Wi-Fi Kit,2,256.00
ORD-002429,2024-04-13,C01378,Mouse,1,22.50
ORD-002429,2024-04-13,C01378,Webcam,1,90.25
ORD-002430,2024-04-13,C00694,Router,1,175.00
ORD-002430,2024-04-13,C00694,Mouse,3,25.00
ORD-002431,2024-04-13,C00703,External SSD,1,133.00
ORD-002432,2024-04-13,C01324,Mouse,1,22.50
ORD-002433,2024-04-13,C01488,Router,3,175.00
ORD-002433,2024-04-13,C01488,Keyboard,3,76.00
ORD-002434,2024-04-13,C00494,Webcam,2,95.00
ORD-002434,2024-04-13,C00494,Mouse,1,25.00
ORD-002435,2024-04-13,C01160,Mouse,4,23.75
ORD-002435,2024-04-13,C01160,Hard Drive,1,80.75
ORD-002435,2024-04-13,C01160,Keyboard,2,80.00
ORD-002436,2024-04-13,C00864,Monitor,1,285.00
ORD-002437,2024-04-13,C01421,External SSD,3,140.00
ORD-002438,2024-04-13,C01247,Mouse,2,22.50
ORD-002439,2024-04-13,C00829,Router,1,166.25
ORD-002440,2024-04-13,C00757,External SSD,1,133.00
ORD-002441,2024-04-13,C00554,Keyboard,2,72.00
ORD-002442,2024-04-13,C00703,Ultrawide Monitor,1,589.00
ORD-002443,2024-04-13,C00607,Headphones,3,150.00
ORD-002443,2024-04-13,C00607,External SSD,2,133.00
ORD-002443,2024-04-13,C00607,Monitor,1,300.00
ORD-002444,2024-04-13,C00829,Keyboard,1,80.00
ORD-002445,2024-04-13,C00419,Mouse,4,22.50
ORD-002446,2024-04-14,C00339,Hard Drive,2,85.00
ORD-002447,2024-04-14,C00159,Mouse,1,25.00
ORD-002447,2024-04-14,C00159,Microphone,1,130.00
ORD-002448,2024-04-14,C01488,Keyboard,1,80.00
ORD-002449,2024-04-14,C01289,Ultrawide Monitor,1,620.00
ORD-002449,2024-04-14,C01289,Headphones,1,150.00
ORD-002450,2024-04-14,C00741,Headphones,1,142.50
ORD-002451,2024-04-14,C01077,Bluetooth Speaker,1,110.00
ORD-002452,2024-04-14,C00703,Tablet,1,N/A
ORD-002453,2024-04-14,C00693,Bluetooth Speaker,3,88.00
ORD-002454,2024-04-14,C01443,Tablet,3,456.00
ORD-002454,2024-04-14,C01443,Mouse,3,25.00
ORD-002454,2024-04-14,C01443,Monitor,0,285.00
ORD-002455,2024-04-14,C00312,Bluetooth Speaker,3,104.50
ORD-002455,2024-04-14,C00312,Mouse,5,25.00
ORD-002455,2024-04-14,C00312,Ultrawide Monitor,4,620.00
ORD-002456,2024-04-14,C00881,Router,3,175.00
ORD-002456,2024-04-14,C00881,Hard Drive,1,85.00
ORD-002457,2024-04-14,C00966,USB-C Hub,1,45.00
ORD-002458,2024-04-14,C00348,Mouse,1,25.00
ORD-002458,2024-04-14,C00348,Bluetooth Speaker,1,110.00
ORD-002459,2024-04-14,C01289,Webcam,1,95.00
ORD-002459,2024-04-14,C01289,Tablet,2,480.00
ORD-002459,2024-04-14,C01289,Headphones,3,150.00
ORD-002460,2024-04-14,C00703,Router,1,175.00
ORD-002461,2024-04-14,C00325,USB-C Hub,1,45.00
ORD-002461,2024-04-14,C00325,Tablet,1,480.00
ORD-002462,2024-04-14,C00760,Bluetooth Speaker,1,110.00
ORD-002462,2024-04-14,C00760,Headphones,1,150.00
ORD-002463,2024-04-14,C01052,Headphones,1,135.00
ORD-002464,2024-04-14,C00196,Mouse,1,25.00
ORD-002464,2024-04-14,C00196,Webcam,3,95.00
ORD-002465,2024-04-14,C01069,External SSD,1,133.00
ORD-002466,2024-04-14,C00829,Mouse,2,23.75
ORD-002467,2024-04-14,C01289,Monitor,1,300.00
ORD-002468,2024-04-14,C00644,Bluetooth Speaker,1,110.00
ORD-002469,2024-04-14,C00348,Mouse,1,25.00
ORD-002469,2024-04-14,C00348,Keyboard,3,80.00
ORD-002470,2024-04-14,C00591,Keyboard,4,80.00
ORD-002471,2024-04-14,C01008,USB-C Hub,1,45.00
ORD-002472,2024-04-14,C00571,Microphone,1,123.50
ORD-002472,2024-04-14,C00571,Mouse,1,25.00
ORD-002473,2024-04-14,C00419,Hard Drive,1,85.00
ORD-002474,2024-04-14,C00196,Keyboard,1,80.00
ORD-002475,2024-04-14,C00357,Bluetooth Speaker,1,99.00
ORD-002476,2024-04-14,C01035,Headphones,4,150.00
ORD-002476,2024-04-14,C01035,Bluetooth Speaker,1,110.00
ORD-002477,2024-04-14,C00910,USB-C Hub,3,45.00
ORD-002477,2024-04-14,C00910,Mesh Wi-Fi Kit,1,304.00
ORD-002477,2024-04-14,C00910,Bluetooth Speaker,1,104.50
ORD-002478,2024-04-14,C01378,Bluetooth Speaker,1,110.00
ORD-002478,2024-04-14,C01378,Tablet,2,480.00
ORD-002479,2024-04-14,C01285,Webcam,2,85.50
ORD-002479,2024-04-14,C01285,Mesh Wi-Fi Kit,2,320.00
ORD-002480,2024-04-14,C00703,Headphones,1,150.00
ORD-002481,2024-04-14,C01370,Headphones,2,150.00
ORD-002481,2024-04-14,C01370,Tablet,1,456.00
ORD-002482,2024-04-15,C00062,Keyboard,1,80.00
ORD-002483,2024-04-15,C00199,Hard Drive,1,85.00
ORD-002484,2024-04-15,C00829,Monitor,3,300.00
ORD-002484,2024-04-15,C00829,Keyboard,1,76.00
ORD-002484,2024-04-15,C00829,Headphones,2,135.00
ORD-002485,2024-04-15,C00752,Bluetooth Speaker,1,99.00
ORD-002486,2024-04-15,C00655,Webcam,2,95.00
ORD-002486,2024-04-15,C00655,Desktop PC,1,950.00
ORD-002486,2024-04-15,C00655,Monitor,2,300.00
ORD-002487,2024-04-15,C00331,USB-C Hub,1,45.00
ORD-002488,2024-04-15,C01352,Mouse,5,25.00
ORD-002488,2024-04-15,C01352,Hard Drive,2,68.00
ORD-002489,2024-04-15,C00703,USB-C Hub,2,45.00
ORD-002490,2024-04-15,C00172,Mesh Wi-Fi Kit,3,320.00
ORD-002490,2024-04-15,C00172,Keyboard,4,80.00
ORD-002491,2024-04-15,C00778,USB-C Hub,1,45.00
ORD-002492,2024-04-15,C01160,Mouse,1,25.00
ORD-002492,2024-04-15,C01160,Webcam,1,95.00
ORD-002493,2024-04-15,C01160,USB-C Hub,1,45.00
ORD-002493,2024-04-15,C01160,Microphone,1,130.00
ORD-002493,2024-04-15,C01160,Router,1,175.00
ORD-002494,2024-04-15,C00703,Webcam,1,95.00
ORD-002495,2024-04-15,C00464,Tablet,1,456.00
ORD-002496,2024-04-15,C00927,USB-C Hub,1,45.00
ORD-002496,2024-04-15,C00927,Ultrawide Monitor,2,589.00
ORD-002497,2024-04-15,C00699,Microphone,1,130.00
ORD-002498,2024-04-15,C01151,Hard Drive,1,80.75
ORD-002499,2024-04-15,C00445,External SSD,1,140.00
ORD-002500,2024-04-15,C00927,Tablet,1,456.00
ORD-002501,2024-04-15,C00829,USB-C Hub,1,45.00
ORD-002502,2024-04-15,C01432,Webcam,1,85.50
ORD-002503,2024-04-15,C01379,Keyboard,1,80.00
ORD-002504,2024-04-15,C01353,USB-C Hub,1,45.00
ORD-002504,2024-04-15,C01353,Monitor,1,300.00
ORD-002504,2024-04-15,C01353,Webcam,1,90.25
ORD-002505,2024-04-15,C00035,Bluetooth Speaker,1,110.00
ORD-002506,2024-04-15,C01263,Keyboard,1,64.00
ORD-002506,2024-04-15,C01263,  Mouse ,1,25.00
ORD-002507,2024-04-15,C00388,External SSD,1,140.00
ORD-002507,2024-04-15,C00388,Headphones,1,135.00
ORD-002508,2024-04-15,C00445,Mesh Wi-Fi Kit,1,320.00
ORD-002508,2024-04-15,C00445,USB-C Hub,1,45.00
ORD-002508,2024-04-15,C00445,Monitor,5,270.00
ORD-002509,2024-04-16,C01441,Mouse,1,25.00
ORD-002509,2024-04-16,C01441,Tablet,1,480.00
ORD-002510,2024-04-16,C01289,Mouse,1,23.75
ORD-002511,2024-04-16,C00445,USB-C Hub,4,45.00
ORD-002511,2024-04-16,C00445,Monitor,1,300.00
ORD-002512,2024-04-16,C00484,Mesh Wi-Fi Kit,3,320.00
ORD-002513,2024-04-16,C01206,External SSD,4,112.00
ORD-002514,2024-04-16,C00834,Monitor,2,300.00
ORD-002515,2024-04-16,C00682,External SSD,1,126.00
ORD-002515,2024-04-16,C00682,Keyboard,3,80.00
ORD-002516,2024-04-16,C00353,Mesh Wi-Fi Kit,3,288.00
ORD-002517,2024-04-16,C00348,Mouse,5,25.00
ORD-002518,2024-04-16,C00339,Tablet,1,480.00
ORD-002518,2024-04-16,C00339,USB-C Hub,4,45.00
ORD-002519,2024-04-16,C00881,Mouse,1,25.00
ORD-002519,2024-04-16,C00881,Microphone,3,130.00
ORD-002520,2024-04-16,C01426,USB-C Hub,1,45.00
ORD-002520,2024-04-16,C01426,Desktop PC,2,950.00
ORD-002520,2024-04-16,C01426,Keyboard,2,80.00
ORD-002521,2024-04-16,C01439,Laptop,1,1200.00
ORD-002522,2024-04-16,C00743,Keyboard,1,72.00
ORD-002522,2024-04-16,C00743,Headphones,1,150.00
ORD-002523,2024-04-16,C00607,Headphones,4,150.00
ORD-002524,2024-04-16,C00881,Hard Drive,2,85.00
ORD-002525,2024-04-16,C00455,Router,1,175.00
ORD-002525,2024-04-16,C00455,Monitor,1,300.00
ORD-002526,2024-04-16,C00966,Desktop PC,2,902.50
ORD-002527,2024-04-16,C00433,Hard Drive,1,85.00
ORD-002527,2024-04-16,C00433,Mesh Wi-Fi Kit,3,288.00
ORD-002527,2024-04-16,C00433,USB-C Hub,1,42.75
ORD-002528,2024-04-17,C00676,Laptop,2,1200.00
ORD-002528,2024-04-17,C00676,USB-C Hub,2,45.00
ORD-002529,2024-04-17,C00185,Ultrawide Monitor,1,620.00
ORD-002530,2024-04-17,C00652,Webcam,2,95.00
ORD-002531,2024-04-17,C00291,Laptop,2,1200.00
ORD-002532,2024-04-17,C01285,Webcam,1,95.00
ORD-002533,2024-04-17,C01289,Microphone,1,117.00
ORD-002534,2024-04-17,C00348,Microphone,1,130.00
ORD-002534,2024-04-17,C00348,Webcam,2,95.00
ORD-002535,2024-04-17,,Webcam,3,95.00
ORD-002536,2024-04-17,C00859,Mouse,1,25.00
ORD-002536,2024-04-17,C00859,Headphones,1,150.00
ORD-002537,2024-04-17,C01324,Bluetooth Speaker,2,110.00
ORD-002538,2024-04-17,C00829,Router,1,175.00
ORD-002539,2024-04-17,C00966,External SSD,3,140.00
ORD-002540,2024-04-17,C00474,Router,2,166.25
ORD-002540,2024-04-17,C00474,Mesh Wi-Fi Kit,1,320.00
ORD-002541,2024-04-17,C00829,Tablet,1,480.00
ORD-002542,2024-04-17,C00829,Hard Drive,1,85.00
ORD-002543,2024-04-17,C00829,Keyboard,4,80.00
ORD-002544,2024-04-17,C01122,Mouse,2,25.00
ORD-002545,2024-04-17,C01453,USB-C Hub,1,36.00
ORD-002546,2024-04-17,C01441,Microphone,3,130.00
ORD-002547,2024-04-17,C01339,Microphone,1,130.00
ORD-002548,2024-04-17,C00829,Mouse,1,25.00
ORD-002548,2024-04-17,C00829,Ultrawide Monitor,3,620.00
ORD-002549,2024-04-17,C00503,Mouse,2,25.00
ORD-002549,2024-04-17,C00503,USB-C Hub,1,45.00
ORD-002549,2024-04-17,C00503,Keyboard,2,80.00
ORD-002550,2024-04-17,C00694,Mouse,5,25.00
ORD-002551,2024-04-17,C00294,USB-C Hub,1,40.50
ORD-002552,2024-04-17,C01160,Mouse,1,25.00
ORD-002552,2024-04-17,C01160,External SSD,1,140.00
ORD-002553,2024-04-17,C00577,Bluetooth Speaker,1,110.00
ORD-002553,2024-04-17,C00577,External SSD,2,140.00
ORD-002554,2024-04-17,C00137,Bluetooth Speaker,1,104.50
ORD-002555,2024-04-17,C00839,Microphone,2,123.50
ORD-002556,2024-04-17,C00137,Mouse,5,25.00
ORD-002557,2024-04-17,C00173,Keyboard,1,80.00
ORD-002558,2024-04-17,C00703,Mesh Wi-Fi Kit,1,256.00
ORD-002558,2024-04-17,C00703,External SSD,1,112.00
ORD-002559,2024-04-17,C00064,Mouse,1,23.75
ORD-002560,2024-04-17,C00829,Keyboard,1,72.00
ORD-002561,2024-04-18,C00578,Hard Drive,5,85.00
ORD-002561,2024-04-18,C00578,Webcam,1,95.00
ORD-002562,2024-04-18,C00201,Router,1,157.50
ORD-002563,2024-04-18,C00996,USB-C Hub,1,36.00
ORD-002563,2024-13-45,C00996,Bluetooth Speaker,2,110.00
ORD-002564,2024-04-18,C01029,Mouse,-1,25.00
ORD-002565,2024-04-18,C01297,USB-C Hub,1,45.00
ORD-002565,2024-04-18,C01297,Bluetooth Speaker,1,110.00
ORD-002566,2024-04-18,C01306,Tablet,1,480.00
ORD-002566,2024-04-18,C01306,Hard Drive,3,85.00
ORD-002567,2024-04-18,C00617,USB-C Hub,1,45.00
ORD-002567,2024-04-18,C00617,Headphones,1,135.00
ORD-002568,2024-04-18,C00370,Microphone,2,130.00
ORD-002569,2024-04-18,C00419,Hard Drive,2,85.00
ORD-002570,2024-04-18,C00970,Mouse,1,25.00
ORD-002570,2024-04-18,C00970,Bluetooth Speaker,1,110.00
ORD-002571,2024-04-18,C00064,Headphones,2,150.00
ORD-002571,2024-04-18,C00064,Ultrawide Monitor,2,620.00
ORD-002572,2024-04-18,C00752,Tablet,1,480.00
ORD-002572,2024-04-18,C00752,Headphones,3,135.00
ORD-002573,2024-04-18,C00353,Hard Drive,4,85.00
ORD-002574,2024-04-18,C00488,Desktop PC,1,950.00
ORD-002575,2024-04-19,C00703,Mouse,1,25.00
ORD-002575,2024-04-19,C00703,Bluetooth Speaker,2,110.00
ORD-002575,2024-04-19,C00703,Keyboard,4,72.00
ORD-002576,2024-04-19,C00419,Tablet,1,N/A
ORD-002577,2024-04-19,C01160,Ultrawide Monitor,1,620.00
ORD-002577,2024-04-19,C01160,Mouse,3,25.00
ORD-002577,2024-04-19,C01160,USB-C Hub,1,45.00
ORD-002578,2024-04-19,C00008,Laptop,4,1200.00
ORD-002578,2024-04-19,C00008,Hard Drive,3,80.75
ORD-002579,2024-04-19,C01124,Keyboard,1,76.00
ORD-002580,2024-04-19,C00703,Keyboard,1,80.00
ORD-002581,2024-04-19,C00703,Hard Drive,4,85.00
ORD-002582,2024-04-19,C01436,Headphones,3,150.00
ORD-002583,2024-04-19,C00752,Keyboard,1,80.00
ORD-002584,2024-04-19,C00663,Desktop PC,1,950.00
ORD-002584,2024-04-19,C00663,Bluetooth Speaker,1,110.00
ORD-002585,2024-04-19,C01436,Mouse,1,25.00
ORD-002585,2024-04-19,C01436,Hard Drive,2,85.00
ORD-002586,2024-04-19,C00703,Keyboard,1,76.00
ORD-002586,2024-04-19,C00703,External SSD,2,140.00
ORD-002587,2024-04-19,C00445,Headphones,2,150.00
ORD-002588,2024-04-19,C00514,Bluetooth Speaker,1,104.50
ORD-002589,2024-04-19,C00703,USB-C Hub,1,36.00
ORD-002590,2024-04-19,C00829,Mouse,1,23.75
ORD-002591,2024-04-19,C00154,Monitor,2,300.00
ORD-002592,2024-04-19,C00445,USB-C Hub,1,40.50
ORD-002593,2024-04-19,C00829,Monitor,2,300.00
ORD-002594,2024-04-19,C00077,Webcam,2,95.00
ORD-002594,2024-04-19,C00077,Hard Drive,1,85.00
ORD-002594,2024-04-19,C00077,Keyboard,2,76.00
ORD-002595,2024-04-19,C01201,Headphones,2,150.00
ORD-002596,2024-04-19,C00829,Hard Drive,1,85.00
ORD-002596,2024-04-19,C00829,Keyboard,2,80.00
ORD-002597,2024-04-19,C00703,Router,1,157.50
ORD-002598,2024-04-19,C00703,USB-C Hub,1,45.00
ORD-002599,2024-04-19,C01151,Keyboard,1,80.00
ORD-002600,2024-04-19,C00564,Tablet,1,480.00
ORD-002601,2024-04-19,C00077,External SSD,1,133.00
ORD-002601,2024-04-19,C00077,USB-C Hub,1,45.00
ORD-002602,2024-04-19,C00564,Mesh Wi-Fi Kit,1,320.00
ORD-002603,2024-04-20,C00251,Laptop,2,1200.00
ORD-002603,2024-04-20,C00251,Router,1,175.00
ORD-002604,2024-04-20,C00348,Tablet,1,480.00
ORD-002605,2024-04-20,C00829,Bluetooth Speaker,5,104.50
ORD-002606,2024-04-20,C00703,Mesh Wi-Fi Kit,4,288.00
ORD-002607,2024-04-20,C00842,Router,5,175.00
ORD-002607,2024-04-20,C00842,USB-C Hub,1,42.75
ORD-002608,2024-04-20,C00227,Mouse,1,25.00
ORD-002608,2024-04-20,C00227,Microphone,5,123.50
ORD-002609,2024-04-20,C00760,Mouse,4,25.00
ORD-002610,2024-04-20,C00703,Hard Drive,1,68.00
ORD-002610,2024-04-20,C00703,Webcam,1,85.50
ORD-002610,2024-04-20,C00703,Desktop PC,1,950.00
ORD-002611,2024-04-20,C00615,Headphones,1,150.00
ORD-002611,2024-04-20,C00615,Mouse,3,22.50
ORD-002612,2024-04-20,C00860,Mouse,1,23.75
ORD-002612,2024-04-20,C00860,Monitor,1,270.00
ORD-002612,2024-04-20,C00860,Tablet,1,480.00
ORD-002613,2024-04-20,C00829,Hard Drive,1,85.00
ORD-002614,2024-04-20,C01067,Hard Drive,2,85.00
ORD-002615,2024-04-20,C00703,Bluetooth Speaker,2,110.00
ORD-002616,2024-04-20,C00829,Keyboard,1,76.00
ORD-002617,2024-04-20,C00703,Mouse,3,25.00
ORD-002618,2024-04-20,C00829,USB-C Hub,2,45.00
ORD-002619,2024-04-20,C00419,Mouse,1,25.00
ORD-002619,2024-04-20,C00419,Desktop PC,1,950.00
ORD-002620,2024-04-20,C00158,Desktop PC,3,950.00
ORD-002621,2024-04-20,C00829,Mouse,1,25.00
ORD-002622,2024-04-20,C00647,USB-C Hub,1,45.00
ORD-002623,2024-04-20,C00137,Hard Drive,2,85.00
ORD-002624,2024-04-20,C01342,Tablet,1,456.00
ORD-002625,2024-04-20,C00948,Desktop PC,1,950.00
ORD-002626,2024-04-20,C00829,Monitor,3,300.00
ORD-002627,2024-04-20,C01160,Webcam,1,95.00
ORD-002627,2024-04-20,C01160,Keyboard,1,72.00
ORD-002628,2024-04-20,C00004,Mouse,2,25.00
ORD-002629,2024-04-20,C01160,Hard Drive,3,85.00
ORD-002629,2024-04-20,C01160,Mouse,2,25.00
ORD-002630,2024-04-20,C01384,Keyboard,3,80.00
ORD-002630,2024-04-20,C01384,Mouse,1,25.00
ORD-002631,2024-04-20,C00419,External SSD,1,140.00
ORD-002632,2024-04-20,C00842,Bluetooth Speaker,1,110.00
ORD-002633,2024-04-20,C01176,Mouse,2,25.00
ORD-002634,2024-04-20,C00237,Monitor,1,270.00
ORD-002635,2024-04-20,C01160,External SSD,3,140.00
ORD-002635,2024-04-20,C01160,Mouse,3,22.50
ORD-002636,2024-04-20,C01475,USB-C Hub,1,42.75
ORD-002637,2024-04-20,C01160,Headphones,4,150.00
ORD-002637,2024-04-20,C01160,Webcam,1,95.00
ORD-002638,2024-04-20,C00960,Bluetooth Speaker,1,110.00
ORD-002638,2024-04-20,C00960,Headphones,1,135.00
ORD-002639,2024-04-20,C00669,Mouse,2,25.00
ORD-002640,2024-04-21,C00703,Webcam,1,95.00
ORD-002640,2024-04-21,C00703,Hard Drive,5,85.00
ORD-002641,2024-04-21,C01019,Webcam,1,76.00
ORD-002641,2024-04-21,C01019,Mouse,3,23.75
ORD-002642,2024-04-21,C00924,Mouse,5,25.00
ORD-002643,2024-04-21,C01197,Hard Drive,1,85.00
ORD-002644,2024-04-21,C00271,Keyboard,1,80.00
ORD-002644,2024-04-21,C00271,Tablet,1,480.00
ORD-002645,2024-04-21,C01160,Mouse,1,22.50
ORD-002645,2024-04-21,C01160,Router,1,166.25
ORD-002645,2024-04-21,C01160,External SSD,2,140.00
ORD-002646,2024-04-21,C00419,Headphones,3,150.00
ORD-002646,2024-04-21,C00419,USB-C Hub,3,45.00
ORD-002647,2024-04-21,C00988,USB-C Hub,4,36.00
ORD-002648,2024-04-21,C00297,Keyboard,1,76.00
ORD-002649,2024-04-21,C00137,Mesh Wi-Fi Kit,2,320.00
ORD-002650,2024-04-21,C00295,Headphones,1,142.50
ORD-002650,2024-04-21,C00295,Router,1,175.00
ORD-002651,2024-04-21,C00419,Webcam,3,85.50
ORD-002651,2024-04-21,C00419,Hard Drive,1,85.00
ORD-002651,2024-04-21,C00419,Desktop PC,3,855.00
ORD-002652,2024-04-21,C00380,Hard Drive,1,85.00
ORD-002652,2024-04-21,C00380,Keyboard,3,72.00
ORD-002652,2024-04-21,C00380,Webcam,1,95.00
ORD-002653,2024-04-21,C00829,Microphone,1,130.00
ORD-002654,2024-04-21,C00607,Mouse,3,20.00
ORD-002654,2024-04-21,C00607,Webcam,1,95.00
ORD-002655,2024-04-21,C00881,Webcam,1,95.00
ORD-002655,2024-04-21,C00881,Desktop PC,2,760.00
ORD-002656,2024-04-21,C00212,USB-C Hub,1,45.00
ORD-002657,2024-04-21,C01379,Router,1,166.25
ORD-002657,2024-04-21,C01379,Webcam,1,95.00
ORD-002657,not-a-date,C01379,Hard Drive,3,85.00
ORD-002658,2024-04-21,C00945,Headphones,4,150.00
ORD-002658,2024-04-21,C00945,Monitor,1,300.00
ORD-002658,2024-04-21,C00945,USB-C Hub,3,45.00
ORD-002659,2024-04-21,C00777,Microphone,2,130.00
ORD-002660,2024-04-21,C00860,Webcam,1,95.00
ORD-002661,2024-04-21,C00870,Tablet,2,480.00
ORD-002662,2024-04-21,C01255,USB-C Hub,2,45.00
ORD-002662,2024-04-21,C01255,Webcam,5,95.00
ORD-002663,2024-04-21,C00881,External SSD,4,140.00
ORD-002664,2024-04-21,C00600,Headphones,1,142.50
ORD-002664,2024-04-21,C00600,Monitor,1,300.00
ORD-002665,2024-04-22,C01160,Ultrawide Monitor,1,558.00
ORD-002665,2024-04-22,C01160,External SSD,1,112.00
ORD-002666,2024-04-22,C01211,Router,1,175.00
ORD-002667,2024-04-22,C01206,Headphones,1,150.00
ORD-002667,2024-04-22,C01206,Bluetooth Speaker,1,110.00
ORD-002668,2024-04-22,C00348,Webcam,3,95.00
ORD-002668,2024-04-22,C00348,USB-C Hub,1,45.00
ORD-002669,2024-04-22,C01160,External SSD,2,140.00
ORD-002670,2024-04-22,C00102,USB-C Hub,3,45.00
ORD-002671,2024-04-22,C00421,Keyboard,1,72.00
ORD-002671,2024-04-22,C00421,External SSD,2,140.00
ORD-002672,2024-04-22,C01289,USB-C Hub,5,45.00
ORD-002672,2024-04-22,C01289,External SSD,3,133.00
ORD-002673,2024-04-22,C01232,Tablet,1,480.00
ORD-002673,2024-04-22,C01232,Router,1,175.00
ORD-002673,2024-04-22,C01232,Mouse,1,25.00
ORD-002674,2024-04-22,C00618,Bluetooth Speaker,2,110.00
ORD-002675,2024-04-22,C01160,Mouse,1,25.00
ORD-002675,2024-04-22,C01160,USB-C Hub,1,40.50
ORD-002676,2024-04-22,C01446,Microphone,4,130.00
ORD-002677,2024-04-22,C01172,Desktop PC,1,950.00
ORD-002678,2024-04-22,C00040,Bluetooth Speaker,3,110.00
ORD-002678,2024-04-22,C00040,Laptop,1,1200.00
ORD-002678,2024-04-22,C00040,USB-C Hub,5,45.00
ORD-002679,2024-04-22,C00146,USB-C Hub,3,45.00
ORD-002679,2024-04-22,C00146,External SSD,1,112.00
ORD-002680,2024-04-22,C00419,Webcam,1,95.00
ORD-002680,2024-04-22,C00419,Hard Drive,1,85.00
ORD-002680,2024-04-22,C00419,Mouse,1,23.75
ORD-002681,2024-04-22,C01160,Webcam,1,95.00
ORD-002682,2024-04-22,C00591,Mouse,1,25.00
ORD-002682,2024-04-22,C00591,Bluetooth Speaker,1,110.00
ORD-002682,2024-04-22,C00591,External SSD,1,140.00
ORD-002683,2024-04-22,C00884,Mouse,2,25.00
ORD-002683,2024-04-22,C00884,Router,2,157.50
ORD-002684,2024-04-22,C01124,Router,1,166.25
ORD-002685,2024-04-22,C00829,USB-C Hub,2,45.00
ORD-002686,2024-04-22,C00703,Bluetooth Speaker,1,110.00
ORD-002687,2024-04-22,C00741,  Router ,1,175.00
ORD-002688,2024-04-22,C01361,Mouse,1,22.50
ORD-002688,2024-04-22,C01361,Webcam,1,95.00
ORD-002689,2024-04-22,C00357,Mesh Wi-Fi Kit,2,256.00
ORD-002690,2024-04-22,C01289,Router,1,157.50
ORD-002690,2024-04-22,C01289,Hard Drive,1,85.00
ORD-002691,2024-04-23,C00927,Mesh Wi-Fi Kit,2,320.00
ORD-002691,2024-04-23,C00927,Hard Drive,2,85.00
ORD-002691,2024-04-23,C00927,Webcam,1,95.00
ORD-002692,2024-04-23,C00881,External SSD,1,133.00
ORD-002693,2024-04-23,C01160,Webcam,3,95.00
ORD-002694,2024-04-23,C01323,Microphone,0,117.00
ORD-002695,2024-04-23,C00458,USB-C Hub,1,40.50
ORD-002696,2024-04-23,C00766,Webcam,1,95.00
ORD-002696,2024-04-23,C00766,Bluetooth Speaker,2,110.00
ORD-002696,2024-04-23,C00766,Mesh Wi-Fi Kit,1,320.00
ORD-002697,2024-04-23,C00450,Hard Drive,2,85.00
ORD-002698,2024-04-23,C01419,Bluetooth Speaker,1,110.00
ORD-002698,2024-04-23,C01419,Laptop,4,1200.00
ORD-002699,2024-04-23,C00574,Hard Drive,2,68.00
ORD-002700,2024-04-23,C00280,Webcam,2,95.00
ORD-002701,2024-04-23,C01160,Mesh Wi-Fi Kit,1,320.00
ORD-002702,2024-04-23,C01181,USB-C Hub,1,45.00
ORD-002703,2024-04-23,C00374,Keyboard,3,76.00
ORD-002703,2024-04-23,C00374,Mesh Wi-Fi Kit,2,288.00
ORD-002704,2024-04-23,C00703,Webcam,2,95.00
ORD-002704,2024-04-23,C00703,Monitor,2,240.00
ORD-002704,2024-04-23,C00703,Headphones,1,150.00
ORD-002705,2024-04-23,C00615,Headphones,2,142.50
ORD-002706,2024-04-23,C00860,Keyboard,1,80.00
ORD-002707,2024-04-23,C00548,Mouse,1,25.00
ORD-002707,2024-04-23,C00548,Keyboard,1,76.00
ORD-002708,2024-04-23,C01225,Laptop,4,1200.00
ORD-002709,2024-04-23,C00829,Hard Drive,2,85.00
ORD-002709,2024-04-23,C00829,Mouse,1,23.75
ORD-002710,2024-04-23,C01414,Hard Drive,1,85.00
ORD-002710,2024-04-23,C01414,Monitor,1,270.00
ORD-002711,2024-04-23,C01052,Keyboard,2,80.00
ORD-002712,2024-04-23,C00434,External SSD,2,140.00
ORD-002712,2024-04-23,C00434,Mesh Wi-Fi Kit,1,320.00
ORD-002713,2024-04-23,C00780,Laptop,3,1200.00
ORD-002713,2024-04-23,C00780,Ultrawide Monitor,3,620.00
ORD-002714,2024-04-23,C00593,Router,1,175.00
ORD-002715,2024-04-23,C01379,Monitor,1,240.00
ORD-002716,2024-04-24,C01435,Headphones,1,150.00
ORD-002716,2024-04-24,C01435,USB-C Hub,3,45.00
ORD-002717,2024-04-24,C01473,Mesh Wi-Fi Kit,2,320.00
ORD-002717,2024-04-24,C01473,Laptop,3,1080.00
ORD-002717,2024-04-24,C01473,USB-C Hub,1,40.50
ORD-002718,2024-04-24,C00758,USB-C Hub,3,45.00
ORD-002719,2024-04-24,C00703,Hard Drive,3,85.00
ORD-002719,2024-04-24,C00703,Mouse,1,20.00
ORD-002720,2024-04-24,C00975,Mouse,1,25.00
ORD-002721,2024-04-24,C00591,Mouse,1,23.75
ORD-002721,2024-04-24,C00591,Laptop,1,1200.00
ORD-002722,2024-04-24,C00600,External SSD,1,140.00
ORD-002723,2024-04-24,C00353,Mouse,2,25.00
ORD-002723,2024-04-24,C00353,Keyboard,1,76.00
ORD-002724,2024-04-24,C00013,Monitor,1,285.00
ORD-002724,2024-04-24,C00013,USB-C Hub,2,45.00
ORD-002725,2024-04-24,C00965,Webcam,1,95.00
ORD-002726,2024-04-24,C00607,Mouse,1,25.00
ORD-002727,2024-04-24,C00829,Mesh Wi-Fi Kit,1,304.00
ORD-002727,2024-04-24,C00829,Headphones,1,142.50
ORD-002728,2024-04-24,C01265,Keyboard,1,76.00
ORD-002728,2024-04-24,C01265,Router,3,175.00
ORD-002728,2024-04-24,C01265,Bluetooth Speaker,1,110.00
ORD-002729,2024-04-24,C00137,Microphone,3,123.50
ORD-002730,2024-04-24,C01060,Router,3,175.00
ORD-002730,2024-04-24,C01060,USB-C Hub,2,42.75
ORD-002731,2024-04-24,C00829,Bluetooth Speaker,1,104.50
ORD-002732,2024-04-24,C00355,USB-C Hub,1,45.00
ORD-002733,2024-04-24,C00300,Hard Drive,2,85.00
ORD-002734,2024-04-24,C00028,Laptop,1,1200.00
ORD-002735,2024-04-24,C00806,External SSD,1,140.00
ORD-002736,2024-04-24,C01206,Mouse,2,25.00
ORD-002737,2024-04-24,C00829,Mouse,5,25.00
ORD-002737,2024-04-24,C00829,Webcam,1,90.25
ORD-002737,2024-04-24,C00829,Hard Drive,1,85.00
ORD-002738,2024-04-25,C00250,Mouse,2,25.00
ORD-002739,2024-04-25,C01379,USB-C Hub,1,45.00
ORD-002740,2024-04-25,C00236,Bluetooth Speaker,2,110.00
ORD-002741,2024-04-25,C00456,Router,1,175.00
ORD-002742,2024-04-25,C01379,Webcam,2,95.00
ORD-002743,2024-04-25,C00852,Router,5,175.00
ORD-002743,2024-04-25,C00852,Webcam,4,95.00
ORD-002744,2024-04-25,C01409,Tablet,1,480.00
ORD-002744,2024-04-25,C01409,Headphones,1,150.00
ORD-002744,2024-04-25,C01409,Hard Drive,5,76.50
ORD-002745,2024-04-25,C00137,Headphones,2,150.00
ORD-002746,2024-04-25,C01068,Microphone,1,130.00
ORD-002747,2024-04-25,C01160,Mouse,1,25.00
ORD-002748,2024-04-25,C00738,Mouse,2,25.00
ORD-002748,2024-04-25,C00738,Webcam,3,95.00
ORD-002749,2024-04-25,C00167,External SSD,1,140.00
ORD-002749,2024-04-25,C00167,Bluetooth Speaker,1,110.00
ORD-002750,2024-04-25,C00752,USB-C Hub,1,42.75
ORD-002750,2024-04-25,C00752,Mesh Wi-Fi Kit,1,320.00
ORD-002751,2024-04-25,C00703,USB-C Hub,1,45.00
ORD-002752,2024-04-25,C00499,Mouse,2,25.00
ORD-002753,2024-04-25,C00881,Mesh Wi-Fi Kit,1,320.00
ORD-002754,2024-04-25,C01183,USB-C Hub,1,42.75
ORD-002754,2024-04-25,C01183,Mouse,3,25.00
ORD-002755,2024-04-26,C01160,Laptop,2,1080.00
ORD-002755,2024-04-26,C01160,Mouse,1,23.75
ORD-002756,2024-04-26,C01385,Mouse,1,23.75
ORD-002757,2024-04-26,C00884,Hard Drive,1,85.00
ORD-002758,2024-04-26,C00881,Router,1,166.25
ORD-002758,2024-04-26,C00881,Webcam,1,95.00
ORD-002759,2024-04-26,C00432,Mouse,3,25.00
ORD-002760,2024-04-26,C00387,Hard Drive,1,80.75
ORD-002760,2024-04-26,C00387,USB-C Hub,2,45.00
ORD-002761,2024-04-26,C00836,Hard Drive,1,80.75
ORD-002762,2024-04-26,C00110,Mesh Wi-Fi Kit,1,304.00
ORD-002762,2024-04-26,C00110,Bluetooth Speaker,4,110.00
ORD-002763,2024-04-26,C00989,Bluetooth Speaker,1,110.00
ORD-002764,2024-04-26,C00929,Keyboard,1,80.00
ORD-002765,2024-04-26,C01339,Mouse,3,23.75
ORD-002766,2024-04-26,C01110,Bluetooth Speaker,1,110.00
ORD-002766,2024-04-26,C01110,Microphone,2,123.50
ORD-002766,2024-04-26,C01110,Webcam,2,90.25
ORD-002767,2024-04-26,C01106,Mouse,1,25.00
ORD-002768,2024-04-26,C01342,Monitor,1,300.00
ORD-002769,2024-04-26,C00829,Keyboard,1,76.00
ORD-002770,2024-04-26,C00829,USB-C Hub,1,45.00
ORD-002771,2024-04-26,C01085,Router,1,166.25
ORD-002772,2024-04-26,C00081,USB-C Hub,1,45.00
ORD-002772,2024-04-26,C00081,Hard Drive,2,80.75
ORD-002773,2024-04-26,C00196,USB-C Hub,1,40.50
ORD-002773,2024-04-26,C00196,Headphones,1,150.00
ORD-002774,2024-04-26,C01342,Bluetooth Speaker,3,104.50
ORD-002775,2024-04-26,C00024,Mesh Wi-Fi Kit,1,320.00
ORD-002776,2024-04-26,C00064,Router,2,175.00
ORD-002776,2024-04-26,C00064,USB-C Hub,3,45.00
ORD-002777,2024-04-26,C00445,Mouse,1,25.00
ORD-002778,2024-04-26,C01058,Bluetooth Speaker,1,110.00
ORD-002779,2024-04-26,C00796,Keyboard,1,76.00
ORD-002780,2024-04-26,C00191,Bluetooth Speaker,0,110.00
ORD-002781,2024-04-26,C00709,Keyboard,2,80.00
ORD-002782,2024-04-27,C00239,Mouse,-1,20.00
ORD-002783,2024-04-27,C00593,Webcam,1,90.25
ORD-002783,2024-04-27,C00593,Mouse,5,25.00
ORD-002783,2024-04-27,C00593,Router,1,175.00
ORD-002784,2024-04-27,C00703,Monitor,1,300.00
ORD-002784,2024-04-27,C00703,Webcam,2,90.25
ORD-002784,2024-04-27,C00703,Keyboard,3,80.00
ORD-002785,2024-04-27,C00196,Headphones,1,150.00
ORD-002786,2024-04-27,C00829,Bluetooth Speaker,1,110.00
ORD-002787,2024-04-27,C01449,Mesh Wi-Fi Kit,2,304.00
ORD-002788,2024-04-27,C00600,Router,1,166.25
ORD-002788,2024-04-27,C00600,Microphone,5,130.00
ORD-002789,2024-04-27,C00044,Mouse,2,23.75
ORD-002790,2024-04-27,C00881,Mouse,5,25.00
ORD-002791,2024-04-27,C00250,Monitor,2,285.00
ORD-002791,2024-04-27,C00250,Hard Drive,2,80.75
ORD-002791,2024-04-27,C00250,Headphones,4,150.00
ORD-002792,2024-04-27,C00886,Mouse,3,25.00
ORD-002793,2024-04-27,C01160,Bluetooth Speaker,1,110.00
ORD-002794,2024-04-27,C01206,Mouse,1,25.00
ORD-002795,2024-04-27,C00297,USB-C Hub,1,40.50
ORD-002796,2024-04-27,C01274,Keyboard,2,80.00
ORD-002796,2024-04-27,C01274,Mouse,1,23.75
ORD-002797,not-a-date,C00112,Bluetooth Speaker,1,110.00
ORD-002798,2024-04-27,C00855,Ultrawide Monitor,3,620.00
ORD-002798,2024-04-27,C00855,USB-C Hub,1,45.00
ORD-002799,2024-04-27,C00242,Headphones,3,150.00
ORD-002799,2024-04-27,C00242,Microphone,1,117.00
ORD-002800,2024-04-27,C00348,Microphone,1,104.00
ORD-002800,2024-04-27,C00348,Mesh Wi-Fi Kit,1,320.00
ORD-002800,2024-04-27,C00348,USB-C Hub,1,45.00
ORD-002801,2024-04-27,C00322,Router,3,140.00
ORD-002802,2024-04-27,C01474,Router,3,175.00
ORD-002802,2024-04-27,C01474,Keyboard,2,80.00
ORD-002803,2024-04-27,C00829,Mouse,1,23.75
ORD-002804,2024-04-27,C00618,Webcam,1,95.00
ORD-002804,2024-04-27,C00618,USB-C Hub,1,40.50
ORD-002805,2024-04-27,C01430,Hard Drive,1,85.00
ORD-002805,2024-04-27,C01430,External SSD,1,140.00
ORD-002806,2024-04-27,C00410,Microphone,1,130.00
ORD-002807,2024-04-27,C00277,USB-C Hub,1,40.50
ORD-002808,2024-04-27,C01353,USB-C Hub,1,45.00
ORD-002809,2024-04-27,C00062,Microphone,1,130.00
ORD-002810,2024-04-27,C01323,Mouse,3,25.00
ORD-002810,2024-04-27,C01323,Webcam,1,95.00
ORD-002811,2024-04-27,C00380,Webcam,5,95.00
ORD-002812,2024-04-27,C00453,Desktop PC,2,950.00
ORD-002813,2024-04-27,C01430,Monitor,1,285.00
ORD-002813,2024-04-27,C01430,Hard Drive,2,76.50
ORD-002814,2024-04-27,C01160,Keyboard,1,76.00
ORD-002815,2024-04-27,C01436,Mouse,1,23.75
ORD-002816,2024-04-27,C00703,Microphone,2,130.00
ORD-002816,2024-04-27,C00703,Headphones,2,150.00
ORD-002817,2024-04-27,C00912,Laptop,1,1200.00
ORD-002818,2024-04-27,C00829,Mesh Wi-Fi Kit,2,304.00
ORD-002818,2024-04-27,C00829,Headphones,2,150.00
ORD-002819,2024-04-27,C00694,Router,1,175.00
ORD-002820,2024-04-27,C00808,Monitor,1,300.00
ORD-002820,2024-04-27,C00808,Mesh Wi-Fi Kit,1,320.00
ORD-002820,2024-04-27,C00808,USB-C Hub,4,42.75
ORD-002821,2024-04-27,C00324,USB-C Hub,1,45.00
ORD-002822,2024-04-28,C01364,Ultrawide Monitor,1,620.00
ORD-002823,2024-04-28,C01384,Monitor,1,300.00
ORD-002823,2024-04-28,C01384,USB-C Hub,1,36.00
ORD-002823,2024-04-28,C01384,External SSD,1,140.00
ORD-002824,2024-04-28,C00539,Microphone,3,130.00
ORD-002824,2024-04-28,C00539,Headphones,1,150.00
ORD-002825,2024-04-28,C00419,USB-C Hub,1,45.00
ORD-002826,2024-04-28,C00703,USB-C Hub,1,45.00
ORD-002826,2024-04-28,C00703,Hard Drive,1,85.00
ORD-002827,2024-04-28,C00810,Laptop,1,1200.00
ORD-002828,2024-04-28,C01056,Mesh Wi-Fi Kit,1,320.00
ORD-002829,2024-04-28,C00440,Keyboard,0,76.00
ORD-002829,2024-04-28,C00440,Mesh Wi-Fi Kit,1,320.00
ORD-002830,2024-04-28,C00055,External SSD,1,133.00
ORD-002830,2024-04-28,C00055,Ultrawide Monitor,1,620.00
ORD-002830,2024-04-28,C00055,Mouse,1,22.50
ORD-002831,2024-04-28,C00571,Microphone,1,130.00
ORD-002831,2024-04-28,C00571,USB-C Hub,1,45.00
ORD-002831,2024-04-28,C00571,Hard Drive,1,80.75
ORD-002832,2024-04-28,C00703,Mouse,2,25.00
ORD-002832,2024-04-28,C00703,Monitor,5,300.00
ORD-002833,2024-04-28,C01237,External SSD,1,126.00
ORD-002833,2024-04-28,C01237,Headphones,1,150.00
ORD-002834,2024-04-28,C01160,External SSD,1,112.00
ORD-002835,2024-04-28,C00600,USB-C Hub,1,45.00
ORD-002836,2024-04-28,C00751,Mouse,1,25.00
ORD-002837,2024-13-45,C01160,Laptop,2,1200.00
ORD-002838,2024-04-28,C01131,Headphones,3,142.50
ORD-002839,2024-04-28,C00881,Monitor,1,270.00
ORD-002839,2024-04-28,C00881,Webcam,2,95.00
ORD-002840,2024-04-28,C01324,Hard Drive,3,85.00
ORD-002841,2024-04-28,C01289,Router,1,157.50
ORD-002841,2024-04-28,C01289,Mesh Wi-Fi Kit,1,320.00
ORD-002842,2024-04-29,C00413,Ultrawide Monitor,1,620.00
ORD-002842,2024-04-29,C00413,Router,1,175.00
ORD-002843,2024-04-29,C00339,Mouse,1,23.75
ORD-002844,2024-04-29,C01056,Ultrawide Monitor,2,589.00
ORD-002844,2024-04-29,C01056,Tablet,2,480.00
ORD-002845,2024-04-29,C00590,Keyboard,1,76.00
ORD-002846,2024-04-29,C00829,Monitor,1,300.00
ORD-002847,2024-04-29,C01221,Keyboard,3,80.00
ORD-002847,2024-04-29,C01221,Tablet,3,480.00
ORD-002848,2024-04-29,C00640,Headphones,1,150.00
ORD-002849,2024-04-29,C00419,Mesh Wi-Fi Kit,2,320.00
ORD-002850,2024-04-29,C01399,USB-C Hub,2,45.00
ORD-002851,2024-04-29,C01342,Keyboard,1,80.00
ORD-002851,2024-04-29,C01342,Router,2,175.00
ORD-002851,2024-04-29,C01342,Mouse,5,25.00
ORD-002852,2024-04-29,C00456,USB-C Hub,2,45.00
ORD-002852,2024-04-29,C00456,Ultrawide Monitor,1,589.00
ORD-002853,2024-04-29,C00703,Headphones,3,150.00
ORD-002854,2024-04-29,C00473,Keyboard,1,72.00
ORD-002855,2024-04-29,C00414,Headphones,2,150.00
ORD-002855,2024-04-29,C00414,Mouse,1,23.75
ORD-002856,2024-04-29,C00456,Bluetooth Speaker,1,110.00
ORD-002857,2024-04-29,C00656,USB-C Hub,5,40.50
ORD-002857,2024-04-29,C00656,Mouse,1,25.00
ORD-002857,2024-04-29,C00656,External SSD,2,140.00
ORD-002858,2024-04-29,C00920,USB-C Hub,2,45.00
ORD-002859,2024-04-29,C00437,Tablet,1,480.00
ORD-002860,2024-04-29,C01108,USB-C Hub,3,40.50
ORD-002860,2024-04-29,C01108,Webcam,2,95.00
ORD-002861,2024-04-29,C01160,Keyboard,3,80.00
ORD-002861,2024-04-29,C01160,USB-C Hub,5,45.00
ORD-002862,2024-04-29,C00276,Microphone,3,117.00
ORD-002863,2024-04-29,C00381,Mesh Wi-Fi Kit,1,N/A
ORD-002863,2024-04-29,C00381,Headphones,1,150.00
ORD-002863,2024-04-29,C00381,External SSD,2,112.00
ORD-002864,2024-04-29,C00703,USB-C Hub,2,45.00
ORD-002864,2024-04-29,C00703,Bluetooth Speaker,1,104.50
ORD-002865,2024-04-29,C00703,Router,3,175.00
ORD-002866,2024-04-29,C00860,USB-C Hub,1,45.00
ORD-002867,2024-04-29,C00419,Bluetooth Speaker,1,110.00
ORD-002867,2024-04-29,C00419,USB-C Hub,4,40.50
ORD-002868,2024-04-29,C01160,Router,1,166.25
ORD-002869,2024-04-29,C00600,Microphone,1,130.00
ORD-002870,2024-04-29,C00419,Bluetooth Speaker,1,110.00
ORD-002871,2024-04-29,C00870,Keyboard,3,80.00
ORD-002871,2024-04-29,C00870,USB-C Hub,1,36.00
ORD-002871,2024-04-29,C00870,Mouse,1,25.00
ORD-002872,2024-04-29,C00862,USB-C Hub,2,45.00
ORD-002873,2024-04-30,C01370,External SSD,1,133.00
ORD-002874,2024-04-30,C01361,USB-C Hub,1,45.00
ORD-002874,2024-04-30,C01361,Bluetooth Speaker,2,110.00
ORD-002875,2024-04-30,C01351,Mouse,4,25.00
ORD-002876,2024-04-30,C00419,Keyboard,4,80.00
ORD-002876,2024-04-30,C00419,Laptop,1,1200.00
ORD-002876,2024-04-30,C00419,USB-C Hub,1,45.00
ORD-002877,2024-04-30,C00970,Mesh Wi-Fi Kit,1,320.00
ORD-002877,2024-04-30,C00970,Headphones,1,150.00
ORD-002878,2024-04-30,C00064,Mesh Wi-Fi Kit,1,288.00
ORD-002879,2024-04-30,C01454,Laptop,2,960.00
ORD-002879,2024-04-30,C01454,Router,1,166.25
ORD-002880,2024-04-30,C00829,USB-C Hub,3,45.00
ORD-002880,2024-04-30,C00829,Mouse,1,23.75
ORD-002881,2024-04-30,C00703,Bluetooth Speaker,4,110.00
ORD-002882,2024-04-30,C00865,Microphone,1,130.00
ORD-002883,2024-04-30,C00164,Hard Drive,2,85.00
ORD-002884,2024-04-30,C00068,Bluetooth Speaker,4,104.50
ORD-002885,2024-04-30,C00881,Tablet,4,480.00
ORD-002886,2024-04-30,C00829,Mouse,2,25.00
ORD-002887,2024-04-30,C00703,Webcam,1,95.00
ORD-002887,2024-04-30,C00703,External SSD,5,140.00
ORD-002887,2024-04-30,C00703,Ultrawide Monitor,1,589.00
ORD-002888,2024-04-30,C00798,Headphones,1,150.00
ORD-002889,2024-04-30,C00159,Webcam,1,95.00
ORD-002889,2024-04-30,C00159,Microphone,2,130.00
ORD-002889,2024-04-30,C00159,Router,1,175.00
ORD-002890,2024-04-30,C00137,Microphone,1,123.50
ORD-002890,2024-04-30,C00137,Monitor,1,300.00
ORD-002891,2024-05-01,C01098,USB-C Hub,1,45.00
ORD-002891,2024-05-01,C01098,Mouse,1,25.00
ORD-002892,2024-05-01,C00703,Mouse,2,25.00
ORD-002893,2024-05-01,C00703,Monitor,1,300.00
ORD-002893,2024-05-01,C00703,Mouse,1,23.75
ORD-002894,2024-05-01,C00348,Mouse,5,22.50
ORD-002895,2024-05-01,C00703,USB-C Hub,1,45.00
ORD-002896,2024-05-01,C00055,Ultrawide Monitor,1,620.00
ORD-002897,2024-05-01,C01289,External SSD,1,140.00
ORD-002898,2024-05-01,C00904,Router,1,157.50
ORD-002899,2024-05-01,C00375,Router,2,175.00
ORD-002900,2024-05-01,C00504,Keyboard,2,76.00
ORD-002901,2024-05-01,C00055,USB-C Hub,3,45.00
ORD-002902,2024-05-01,C00685,Keyboard,5,80.00
ORD-002902,2024-05-01,C00685,Hard Drive,2,85.00
ORD-002902,2024-05-01,C00685,Router,1,175.00
ORD-002903,2024-05-01,C00829,Router,2,157.50
ORD-002903,2024-05-01,C00829,Headphones,1,142.50
ORD-002904,2024-05-01,C00734,External SSD,3,140.00
ORD-002905,2024-05-01,C01419,External SSD,2,140.00
ORD-002906,2024-05-01,C00727,External SSD,3,140.00
ORD-002906,2024-05-01,C00727,Microphone,5,117.00
ORD-002906,2024-05-01,C00727,Mouse,2,23.75
ORD-002907,2024-05-01,C00183,Mouse,4,25.00
ORD-002907,2024-05-01,C00183,Hard Drive,1,85.00
ORD-002908,2024-05-01,C00829,External SSD,1,140.00
ORD-002908,2024-05-01,C00829,Microphone,5,117.00
ORD-002909,2024-05-01,C01160,Microphone,5,130.00
ORD-002910,2024-05-01,C00137,Keyboard,2,76.00
ORD-002911,2024-05-01,C01086,Hard Drive,1,85.00
ORD-002912,2024-05-01,C01160,Headphones,2,150.00
ORD-002913,2024-05-02,C00064,Webcam,1,90.25
ORD-002914,2024-05-02,C00419,USB-C Hub,2,45.00
ORD-002915,2024-05-02,C00591,USB-C Hub,2,45.00
ORD-002916,2024-05-02,C00920,USB-C Hub,1,45.00
ORD-002916,2024-05-02,C00920,Mouse,1,22.50
ORD-002917,2024-05-02,C00412,Headphones,3,150.00
ORD-002917,2024-05-02,C00412,Router,0,166.25
ORD-002918,2024-05-02,C00661,Laptop,1,1140.00
ORD-002919,2024-05-02,C00419,Hard Drive,1,85.00
ORD-002920,2024-05-02,C01124,External SSD,1,140.00
ORD-002920,2024-05-02,C01124,USB-C Hub,1,45.00
ORD-002921,2024-05-02,C00626,Webcam,1,90.25
ORD-002922,2024-05-02,C01487,Mouse,4,20.00
ORD-002922,2024-05-02,C01487,Webcam,1,95.00
ORD-002923,2024-05-02,C01471,Bluetooth Speaker,1,104.50
ORD-002923,2024-05-02,C01471,Mouse,2,25.00
ORD-002924,2024-05-02,C00644,Bluetooth Speaker,5,110.00
ORD-002925,2024-05-02,C00829,Mouse,1,25.00
ORD-002926,2024-05-02,C00829,Mouse,1,25.00
ORD-002927,2024-05-02,C00068,Mouse,2,25.00
ORD-002927,2024-05-02,C00068,Router,3,157.50
ORD-002928,2024-05-02,C01277,Mouse,1,23.75
ORD-002929,2024-05-02,C00843,Monitor,2,300.00
ORD-002929,2024-05-02,C00843,Keyboard,2,76.00
ORD-002930,2024-05-02,C00391,Webcam,2,95.00
ORD-002931,2024-05-02,C00960,USB-C Hub,1,45.00
ORD-002931,2024-05-02,C00960,Mouse,1,25.00
ORD-002932,2024-05-02,C00703,Microphone,1,130.00
ORD-002933,2024-05-02,C01045,USB-C Hub,1,45.00
ORD-002934,2024-05-02,C01124,Keyboard,1,80.00
ORD-002935,2024-05-02,C00317,Keyboard,1,80.00
ORD-002936,2024-05-02,C01160,Bluetooth Speaker,2,110.00
ORD-002936,2024-05-02,,Hard Drive,3,80.75
ORD-002937,2024-05-02,C01130,USB-C Hub,1,45.00
ORD-002937,2024-05-02,C01130,Router,1,175.00
ORD-002937,2024-05-02,C01130,Webcam,1,95.00
ORD-002938,2024-05-02,C00872,Headphones,2,150.00
ORD-002939,2024-05-03,C00929,Mesh Wi-Fi Kit,1,288.00
ORD-002940,2024-05-03,C00064,Hard Drive,3,80.75
ORD-002941,2024-05-03,C01436,Keyboard,1,80.00
ORD-002941,2024-05-03,C01436,Desktop PC,1,950.00
ORD-002942,2024-05-03,C01160,External SSD,1,126.00
ORD-002943,2024-05-03,C00055,Hard Drive,1,80.75
ORD-002944,2024-05-03,C00965,Mouse,1,25.00
ORD-002944,2024-05-03,C00965,Bluetooth Speaker,1,99.00
ORD-002945,2024-05-03,C01206,Keyboard,1,80.00
ORD-002945,2024-05-03,C01206,Microphone,3,130.00
ORD-002946,2024-05-03,,USB-C Hub,2,36.00
ORD-002947,2024-05-03,C00137,Webcam,1,95.00
ORD-002948,2024-05-03,C01110,Mouse,2,25.00
ORD-002948,2024-05-03,C01110,Microphone,1,130.00
ORD-002949,2024-05-03,C00693,Microphone,1,130.00
ORD-002950,2024-05-03,C00829,Bluetooth Speaker,2,99.00
ORD-002950,2024-05-03,C00829,Microphone,3,130.00
ORD-002951,2024-05-03,C00591,Mesh Wi-Fi Kit,1,320.00
ORD-002951,2024-05-03,C00591,Mouse,1,20.00
ORD-002952,2024-05-03,C01160,Keyboard,3,80.00
ORD-002953,2024-05-03,C00210,Bluetooth Speaker,1,110.00
ORD-002953,2024-05-03,C00210,Router,1,175.00
ORD-002953,2024-05-03,C00210,Webcam,5,95.00
ORD-002954,2024-05-03,C00008,Headphones,1,150.00
ORD-002955,2024-05-03,C01467,Headphones,1,150.00
ORD-002956,2024-05-03,C00752,USB-C Hub,4,45.00
ORD-002956,2024-05-03,C00752,Mouse,1,25.00
ORD-002957,2024-05-03,C00044,Keyboard,1,80.00
ORD-002958,2024-05-03,C00693,Monitor,1,300.00
ORD-002958,2024-05-03,C00693,Webcam,1,95.00
ORD-002959,2024-05-03,C00055,Tablet,1,480.00
ORD-002960,2024-05-03,C00703,USB-C Hub,5,45.00
ORD-002961,2024-05-04,C00091,Hard Drive,1,85.00
ORD-002962,2024-05-04,C01285,Headphones,1,150.00
ORD-002963,2024-05-04,C00446,Webcam,5,85.50
ORD-002963,2024-05-04,C00446,Headphones,1,150.00
ORD-002964,2024-05-04,C01015,Router,1,175.00
ORD-002964,2024-05-04,C01015,Microphone,1,130.00
ORD-002965,2024-05-04,C01008,Webcam,5,95.00
ORD-002966,2024-05-04,C00590,Headphones,1,150.00
ORD-002966,2024-05-04,C00590,Webcam,1,90.25
ORD-002967,2024-05-04,C01341,Mouse,1,25.00
ORD-002967,2024-05-04,C01341,Laptop,1,1200.00
ORD-002968,2024-05-04,C01426,External SSD,3,140.00
ORD-002968,2024-05-04,C01426,USB-C Hub,2,45.00
ORD-002969,2024-05-04,C01314,Webcam,1,95.00
ORD-002969,2024-05-04,C01314,Hard Drive,1,85.00
ORD-002969,2024-05-04,C01314,USB-C Hub,1,45.00
ORD-002970,2024-05-04,C01225,Hard Drive,1,76.50
ORD-002970,2024-05-04,C01225,USB-C Hub,1,45.00
ORD-002971,2024-05-04,C00444,Webcam,1,95.00
ORD-002971,2024-05-04,C00444,Mesh Wi-Fi Kit,1,320.00
ORD-002972,2024-05-04,C01484,Mouse,1,25.00
ORD-002973,2024-05-04,C00395,Mouse,3,25.00
ORD-002974,2024-05-04,C00453,Microphone,1,130.00
ORD-002974,2024-05-04,C00453,Mouse,1,25.00
ORD-002975,2024-05-04,C00517,Microphone,4,130.00
ORD-002976,2024-05-04,C00413,Headphones,4,150.00
ORD-002977,2024-05-04,C00577,Headphones,2,150.00
ORD-002978,2024-05-04,C01160,External SSD,1,133.00
ORD-002979,2024-05-04,C00566,Microphone,1,117.00
ORD-002979,2024-05-04,C00566,Mouse,1,22.50
ORD-002979,2024-05-04,C00566,External SSD,2,140.00
ORD-002980,2024-05-04,C00102,Microphone,1,130.00
ORD-002981,2024-05-04,C00169,Mouse,4,25.00
ORD-002982,2024-05-04,C00887,Ultrawide Monitor,2,558.00
ORD-002982,2024-05-04,C00887,Keyboard,1,76.00
ORD-002983,2024-05-04,C00829,Keyboard,1,76.00
ORD-002984,2024-05-04,C00703,Bluetooth Speaker,1,104.50
ORD-002985,2024-05-04,C01450,Hard Drive,4,80.75
ORD-002986,2024-05-04,C01124,Webcam,3,90.25
ORD-002987,2024-05-04,C00829,USB-C Hub,2,45.00
ORD-002987,2024-05-04,C00829,Keyboard,2,80.00
ORD-002988,2024-05-04,C00829,Mouse,1,25.00
ORD-002989,2024-05-04,C00881,Router,1,166.25
ORD-002989,2024-05-04,C00881,Monitor,2,300.00
ORD-002990,2024-05-04,C01476,Bluetooth Speaker,1,110.00
ORD-002991,2024-05-04,C00308,Microphone,2,130.00
ORD-002992,2024-05-04,C01274,Mouse,1,25.00
ORD-002992,2024-05-04,C01274,Ultrawide Monitor,1,620.00
ORD-002993,2024-05-04,C00887,Keyboard,4,72.00
ORD-002994,2024-05-04,C00882,Bluetooth Speaker,3,110.00
ORD-002995,2024-05-05,C00394,Keyboard,2,76.00
ORD-002995,2024-05-05,C00394,Microphone,2,130.00
ORD-002996,2024-05-05,C00829,USB-C Hub,2,45.00
ORD-002996,2024-05-05,C00829,Microphone,2,130.00
ORD-002997,2024-05-05,C00693,Monitor,3,300.00
ORD-002997,2024-05-05,C00693,USB-C Hub,1,45.00
ORD-002998,2024-05-05,C00208,Mouse,1,25.00
ORD-002998,2024-05-05,C00208,Headphones,1,150.00
ORD-002999,2024-05-05,C00006,Webcam,3,95.00
ORD-002999,2024-05-05,C00006,Bluetooth Speaker,2,104.50
ORD-002999,2024-05-05,C00006,Mouse,1,23.75
ORD-003000,2024-05-05,C01379,Hard Drive,1,80.75
ORD-003001,2024-05-05,C00829,Desktop PC,1,950.00
ORD-003001,2024-05-05,C00829,Webcam,4,90.25
ORD-003001,2024-05-05,C00829,Headphones,4,150.00
ORD-003002,2024-05-05,C00196,Monitor,2,300.00
ORD-003003,2024-05-05,C00379,Bluetooth Speaker,2,110.00
ORD-003004,2024-05-05,C00835,Microphone,1,130.00
ORD-003004,2024-05-05,C00835,Router,1,175.00
ORD-003004,2024-05-05,C00835,External SSD,1,140.00
ORD-003005,2024-05-05,C00829,Webcam,3,90.25
ORD-003005,2024-05-05,C00829,Router,4,175.00
ORD-003006,2024-05-05,C00064,Desktop PC,2,950.00
ORD-003006,2024-05-05,C00064,Keyboard,2,72.00
ORD-003007,2024-05-05,C01089,Mesh Wi-Fi Kit,4,320.00
ORD-003008,2024-05-05,C01160,Mouse,4,25.00
ORD-003009,2024-05-05,C00963,Mesh Wi-Fi Kit,2,320.00
ORD-003009,2024-05-05,C00963,Mouse,2,25.00
ORD-003010,2024-05-05,C00453,USB-C Hub,1,45.00
ORD-003010,2024-05-05,C00453,Hard Drive,3,85.00
ORD-003011,2024-05-05,C00699,Hard Drive,1,85.00
ORD-003012,2024-05-05,C00456,Mouse,1,25.00
ORD-003013,2024-13-45,C00703,USB-C Hub,1,45.00
ORD-003014,2024-05-05,C00636,USB-C Hub,1,42.75
ORD-003014,2024-05-05,C00636,Hard Drive,1,68.00
ORD-003014,2024-05-05,C00636,Mouse,1,25.00
ORD-003015,2024-05-05,C01050,Mouse,1,22.50
ORD-003016,2024-05-05,C00335,Headphones,2,150.00
ORD-003017,2024-05-05,C01422,Keyboard,1,80.00
ORD-003018,2024-05-05,C00236,External SSD,4,140.00
ORD-003019,2024-05-05,C01341,Hard Drive,1,80.75
ORD-003020,2024-05-06,C00829,USB-C Hub,1,42.75
ORD-003021,2024-05-06,C00672,Mesh Wi-Fi Kit,1,320.00
ORD-003021,2024-05-06,C00672,Tablet,1,384.00
ORD-003022,2024-05-06,C00254,USB-C Hub,2,40.50
ORD-003022,2024-05-06,C00254,Tablet,4,480.00
ORD-003023,2024-05-06,C00335,Webcam,1,95.00
ORD-003024,2024-05-06,C00561,Mesh Wi-Fi Kit,1,320.00
ORD-003025,2024-05-06,C00514,Keyboard,1,72.00
ORD-003025,2024-05-06,C00514,Ultrawide Monitor,1,558.00
ORD-003026,2024-05-06,C01169,Mesh Wi-Fi Kit,1,320.00
ORD-003027,2024-05-06,C01160,Mouse,1,25.00
ORD-003028,2024-05-06,C00381,Webcam,2,95.00
ORD-003029,2024-05-06,C00610,Mouse,1,25.00
ORD-003030,2024-05-06,C00829,Microphone,1,130.00
ORD-003031,2024-05-06,C00499,Bluetooth Speaker,5,110.00
ORD-003032,2024-05-06,C00610,Hard Drive,1,80.75
ORD-003033,2024-05-06,C00155,Mouse,1,25.00
ORD-003034,2024-05-06,C01424,Microphone,2,130.00
ORD-003035,2024-05-06,C01261,USB-C Hub,1,45.00
ORD-003036,2024-05-06,C01160,Microphone,2,123.50
ORD-003036,2024-05-06,C01160,Keyboard,3,80.00
ORD-003037,2024-05-06,C00117,Hard Drive,1,85.00
ORD-003038,2024-05-06,C00049,Desktop PC,1,950.00
ORD-003038,2024-05-06,C00049,Mouse,3,25.00
ORD-003039,2024-05-06,C01160,Microphone,1,130.00
ORD-003039,2024-05-06,C01160,Mouse,2,25.00
ORD-003040,2024-05-06,C00073,Mouse,1,20.00
ORD-003040,2024-05-06,C00073,USB-C Hub,1,45.00
ORD-003041,2024-05-06,C00610,Mesh Wi-Fi Kit,2,288.00
ORD-003042,2024-05-06,C01071,Router,1,175.00
ORD-003043,2024-05-06,C01413,Keyboard,1,76.00
ORD-003044,2024-05-07,C00362,Headphones,1,150.00
ORD-003045,2024-05-07,C00688,USB-C Hub,1,45.00
ORD-003046,2024-05-07,C00423,USB-C Hub,1,42.75
ORD-003047,2024-05-07,C00331,Headphones,2,150.00
ORD-003048,2024-05-07,C00989,Webcam,1,76.00
ORD-003049,2024-05-07,C00820,Mouse,1,23.75
ORD-003050,2024-05-07,C00419,Router,2,175.00
ORD-003051,2024-05-07,C00006,Webcam,1,95.00
ORD-003051,2024-05-07,C00006,Mesh Wi-Fi Kit,1,256.00
ORD-003052,2024-05-07,C00985,Hard Drive,2,85.00
ORD-003052,2024-05-07,C00985,Webcam,4,95.00
ORD-003053,2024-05-07,C00436,Bluetooth Speaker,3,110.00
ORD-003054,2024-05-07,C00600,Bluetooth Speaker,2,99.00
ORD-003055,2024-05-07,C00183,Microphone,2,117.00
ORD-003056,2024-05-07,C00829,USB-C Hub,1,45.00
ORD-003057,2024-05-07,C00055,USB-C Hub,1,40.50
ORD-003057,2024-05-07,C00055,Mouse,2,23.75
ORD-003058,2024-05-07,C01206,External SSD,3,140.00
ORD-003058,2024-05-07,C01206,USB-C Hub,2,45.00
ORD-003059,2024-05-07,C00335,Ultrawide Monitor,1,620.00
ORD-003060,2024-05-07,C00419,Microphone,1,117.00
ORD-003061,2024-05-07,C00342,Headphones,3,150.00
ORD-003061,2024-05-07,C00342,Mouse,1,25.00
ORD-003062,2024-05-08,C00055,External SSD,2,140.00
ORD-003062,2024-05-08,C00055,USB-C Hub,3,42.75
ORD-003062,2024-05-08,C00055,Mesh Wi-Fi Kit,1,320.00
ORD-003063,2024-05-08,C00177,Hard Drive,1,85.00
ORD-003064,2024-05-08,C00064,Webcam,1,95.00
ORD-003065,2024-05-08,C00137,Router,2,175.00
ORD-003066,2024-05-08,C01342,Headphones,1,150.00
ORD-003067,2024-05-08,C00561,Webcam,1,90.25
ORD-003067,2024-05-08,C00561,Keyboard,2,80.00
ORD-003068,2024-05-08,C00543,Webcam,3,90.25
ORD-003069,2024-05-08,C01160,Keyboard,2,80.00
ORD-003070,2024-05-08,C00019,Monitor,2,300.00
ORD-003071,2024-05-08,C01392,USB-C Hub,1,45.00
ORD-003072,2024-05-08,C00137,Mouse,2,23.75
ORD-003073,2024-05-08,C00881,Mouse,1,25.00
ORD-003074,2024-05-08,C00303,Mesh Wi-Fi Kit,2,256.00
ORD-003075,2024-05-08,C00848,Headphones,5,150.00
ORD-003075,2024-05-08,C00848,Bluetooth Speaker,1,104.50
ORD-003076,2024-05-08,C00780,Router,1,175.00
ORD-003076,2024-05-08,C00780,Webcam,1,95.00
ORD-003077,2024-05-08,C00064,USB-C Hub,1,42.75
ORD-003078,2024-05-08,C00583,External SSD,0,140.00
ORD-003079,2024-05-08,C00348,Router,1,175.00
ORD-003080,2024-05-08,C00234,Microphone,3,130.00
ORD-003081,2024-05-08,C00499,Mesh Wi-Fi Kit,3,320.00
ORD-003082,2024-05-08,C00851,Router,2,175.00
ORD-003083,2024-05-08,C00445,USB-C Hub,5,45.00
ORD-003084,2024-05-08,C00290,Desktop PC,1,950.00
ORD-003085,2024-05-08,C00829,External SSD,1,126.00
ORD-003085,2024-05-08,C00829,Mesh Wi-Fi Kit,1,304.00
ORD-003086,2024-05-08,C00275,USB-C Hub,1,45.00
ORD-003087,2024-05-08,C00881,Keyboard,5,80.00
ORD-003087,2024-05-08,C00881,Mouse,1,25.00
ORD-003087,2024-05-08,C00881,Tablet,1,480.00
ORD-003088,2024-05-08,C00829,Microphone,1,117.00
ORD-003088,2024-05-08,C00829,Webcam,2,90.25
ORD-003088,2024-05-08,C00829,Bluetooth Speaker,1,104.50
ORD-003089,2024-05-09,C01106,Bluetooth Speaker,2,110.00
ORD-003089,2024-05-09,C01106,Keyboard,5,80.00
ORD-003090,2024-05-09,C00703,External SSD,1,133.00
ORD-003091,2024-05-09,C01124,Keyboard,1,80.00
ORD-003092,2024-05-09,C00915,Hard Drive,2,85.00
ORD-003093,2024-05-09,C00815,USB-C Hub,4,36.00
ORD-003094,2024-05-09,C00514,Ultrawide Monitor,1,620.00
ORD-003095,2024-05-09,C01370,Keyboard,1,80.00
ORD-003095,2024-05-09,C01370,Mesh Wi-Fi Kit,1,304.00
ORD-003096,2024-05-09,C00694,Mouse,3,25.00
ORD-003097,2024-05-09,C00472,Mesh Wi-Fi Kit,2,256.00
ORD-003098,2024-05-09,C01160,External SSD,1,140.00
ORD-003098,2024-05-09,C01160,Webcam,1,95.00
ORD-003098,2024-05-09,C01160,Tablet,1,480.00
ORD-003099,2024-05-09,C00610,Headphones,1,150.00
ORD-003100,2024-05-09,C00425,Hard Drive,3,80.75
ORD-003100,2024-05-09,C00425,Monitor,3,240.00
ORD-003101,2024-05-09,C00829,Tablet,1,480.00
ORD-003102,2024-05-09,C01419,USB-C Hub,1,36.00
ORD-003103,2024-05-09,C00096,Keyboard,1,80.00
ORD-003104,2024-05-09,C00829,Bluetooth Speaker,1,110.00
ORD-003105,2024-05-09,C00064,Bluetooth Speaker,1,110.00
ORD-003105,2024-05-09,C00064,Keyboard,5,76.00
ORD-003106,2024-05-09,C00243,Mouse,1,23.75
ORD-003107,2024-05-09,C00829,Webcam,4,95.00
ORD-003107,2024-05-09,C00829,Hard Drive,1,80.75
ORD-003108,2024-05-09,C00257,Bluetooth Speaker,4,110.00
ORD-003109,2024-05-09,C01156,Mouse,1,25.00
ORD-003109,2024-05-09,C01156,Webcam,1,95.00
ORD-003109,2024-05-09,C01156,Keyboard,1,80.00
ORD-003110,2024-05-09,C01031,Headphones,2,150.00
ORD-003110,2024-05-09,C01031,Keyboard,1,80.00
ORD-003111,2024-05-09,C01365,Mouse,3,25.00
ORD-003112,2024-05-09,C00759,  Hard Drive ,3,85.00
ORD-003112,2024-05-09,C00759,Microphone,3,104.00
ORD-003112,2024-05-09,C00759,Keyboard,2,72.00
ORD-003113,2024-05-09,C00743,USB-C Hub,1,45.00
ORD-003114,2024-05-09,C00173,Mouse,2,25.00
ORD-003115,2024-05-10,C00829,Webcam,1,95.00
ORD-003115,2024-05-10,C00829,USB-C Hub,1,42.75
ORD-003116,2024-05-10,C01231,USB-C Hub,2,40.50
ORD-003117,2024-05-10,C00829,Monitor,1,300.00
ORD-003117,2024-05-10,C00829,Microphone,5,130.00
ORD-003118,2024-05-10,C00348,Mouse,2,25.00
ORD-003118,2024-05-10,C00348,Webcam,1,95.00
ORD-003119,2024-05-10,C00757,Webcam,1,95.00
ORD-003119,2024-05-10,C00757,USB-C Hub,1,45.00
ORD-003120,2024-05-10,C01153,Desktop PC,1,950.00
ORD-003120,2024-05-10,C01153,Keyboard,1,80.00
ORD-003120,2024-05-10,C01153,Mesh Wi-Fi Kit,4,320.00
ORD-003121,2024-05-10,C00829,Keyboard,4,72.00
ORD-003121,2024-05-10,C00829,Mouse,1,23.75
ORD-003122,2024-05-10,C01160,Headphones,1,150.00
ORD-003123,2024-05-10,C00735,Hard Drive,2,85.00
ORD-003123,2024-05-10,C00735,Keyboard,1,80.00
ORD-003124,2024-05-10,C00387,USB-C Hub,3,36.00
ORD-003125,2024-05-10,C00829,Bluetooth Speaker,2,110.00
ORD-003126,2024-05-10,C00752,Keyboard,1,76.00
ORD-003126,2024-05-10,C00752,Hard Drive,1,68.00
ORD-003127,2024-05-10,C00055,Headphones,1,150.00
ORD-003127,2024-05-10,C00055,Monitor,1,300.00
ORD-003128,2024-05-10,C00103,Headphones,4,142.50
ORD-003129,2024-05-10,C00154,Ultrawide Monitor,1,620.00
ORD-003130,2024-05-10,C00008,Router,2,175.00
ORD-003130,2024-05-10,C00008,Mouse,1,23.75
ORD-003131,2024-05-10,C00860,Bluetooth Speaker,1,104.50
ORD-003132,2024-05-10,C00451,Headphones,2,150.00
ORD-003132,2024-05-10,C00451,Hard Drive,2,80.75
ORD-003133,2024-05-10,C00371,Headphones,1,150.00
ORD-003134,2024-05-10,C00102,Bluetooth Speaker,1,104.50
ORD-003134,2024-05-10,C00102,Hard Drive,2,85.00
ORD-003134,2024-05-10,C00102,Mesh Wi-Fi Kit,3,288.00
ORD-003135,2024-05-10,C00752,USB-C Hub,1,45.00
ORD-003135,2024-05-10,C00752,Webcam,2,95.00
ORD-003136,2024-05-10,C00348,Tablet,1,480.00
ORD-003136,2024-05-10,C00348,USB-C Hub,1,45.00
ORD-003136,2024-05-10,C00348,Keyboard,1,80.00
ORD-003137,2024-05-11,C00064,Monitor,1,285.00
ORD-003138,2024-05-11,C00872,Keyboard,2,76.00
ORD-003138,2024-05-11,C00872,Hard Drive,1,76.50
ORD-003139,2024-05-11,C00829,Bluetooth Speaker,1,110.00
ORD-003140,2024-05-11,C01441,Keyboard,1,80.00
ORD-003141,2024-05-11,C00302,Router,1,175.00
ORD-003142,2024-05-11,C00960,Keyboard,2,80.00
ORD-003143,2024-05-11,C00703,External SSD,3,140.00
ORD-003143,2024-05-11,C00703,Headphones,1,150.00
ORD-003144,2024-05-11,C00251,Router,1,175.00
ORD-003145,2024-05-11,C00323,Hard Drive,3,85.00
ORD-003146,2024-05-11,C00703,Hard Drive,1,85.00
ORD-003146,2024-05-11,C00703,Keyboard,5,80.00
ORD-003146,2024-05-11,C00703,Mouse,1,23.75
ORD-003147,2024-05-11,C01379,Keyboard,1,76.00
ORD-003148,2024-05-11,C01160,Mouse,1,25.00
ORD-003149,2024-05-11,C00419,Laptop,1,1140.00
ORD-003150,2024-05-11,C00339,Mouse,1,25.00
ORD-003151,2024-05-11,C00196,Mouse,1,25.00
ORD-003151,2024-05-11,C00196,Webcam,1,95.00
ORD-003151,2024-05-11,C00196,Microphone,1,123.50
ORD-003152,2024-05-11,C01289,Microphone,3,130.00
ORD-003153,2024-05-11,C00406,USB-C Hub,1,36.00
ORD-003154,2024-05-11,C00418,External SSD,4,140.00
ORD-003154,2024-05-11,C00418,Bluetooth Speaker,2,110.00
ORD-003154,2024-05-11,C00418,Webcam,5,95.00
ORD-003155,2024-05-11,C00829,External SSD,4,112.00
ORD-003156,2024-05-11,C00515,Microphone,1,130.00
ORD-003157,2024-05-11,C00290,Keyboard,5,80.00
ORD-003158,2024-05-11,C00966,Headphones,2,150.00
ORD-003159,2024-05-11,C01289,Mesh Wi-Fi Kit,2,320.00
ORD-003160,2024-05-11,C01326,Ultrawide Monitor,1,620.00
ORD-003160,2024-05-11,C01326,Keyboard,1,80.00
ORD-003161,2024-05-11,C00829,Webcam,1,90.25
ORD-003162,2024-05-11,C00881,USB-C Hub,1,45.00
ORD-003162,2024-05-11,C00881,Microphone,3,123.50
ORD-003163,2024-05-11,C00638,External SSD,2,140.00
ORD-003164,2024-05-11,C00137,USB-C Hub,1,42.75
ORD-003165,2024-05-11,C01426,External SSD,1,140.00
ORD-003165,2024-05-11,C01426,Hard Drive,1,85.00
ORD-003166,2024-05-11,C00065,External SSD,2,140.00
ORD-003166,2024-05-11,C00065,Keyboard,5,76.00
ORD-003167,2024-05-11,C00379,Hard Drive,2,85.00
ORD-003168,2024-05-11,C00263,Headphones,1,142.50
ORD-003169,2024-05-11,C01172,External SSD,2,126.00
ORD-003169,2024-05-11,C01172,Router,3,175.00
ORD-003170,2024-05-11,C01444,Mouse,1,20.00
ORD-003170,2024-05-11,C01444,Hard Drive,1,68.00
ORD-003171,2024-05-11,C00703,Mesh Wi-Fi Kit,3,304.00
ORD-003171,2024-05-11,C00703,Headphones,1,135.00
ORD-003171,2024-05-11,C00703,Router,1,175.00
ORD-003172,2024-05-12,C00137,Tablet,1,480.00
ORD-003173,2024-05-12,C00290,Keyboard,2,80.00
ORD-003174,2024-13-45,C01295,Bluetooth Speaker,1,104.50
ORD-003174,2024-05-12,C01295,Mesh Wi-Fi Kit,2,320.00
ORD-003175,2024-05-12,C00881,Keyboard,4,80.00
ORD-003175,2024-05-12,C00881,Mesh Wi-Fi Kit,1,320.00
ORD-003176,2024-05-12,,Mouse,1,22.50
ORD-003177,2024-05-12,C00349,Headphones,1,150.00
ORD-003178,2024-05-12,C01282,Router,2,175.00
ORD-003179,2024-05-12,C00944,Bluetooth Speaker,1,110.00
ORD-003180,2024-05-12,C01288,Keyboard,2,80.00
ORD-003180,2024-05-12,C01288,Bluetooth Speaker,1,104.50
ORD-003180,2024-05-12,C01288,Desktop PC,2,760.00
ORD-003181,2024-05-12,C00339,Headphones,1,150.00
ORD-003182,2024-05-12,C00064,USB-C Hub,2,45.00
ORD-003183,2024-05-12,C01436,Mouse,5,25.00
ORD-003183,2024-05-12,C01436,USB-C Hub,1,45.00
ORD-003184,2024-05-12,C01080,Mesh Wi-Fi Kit,1,320.00
ORD-003185,2024-05-12,C01387,Mouse,2,25.00
ORD-003186,2024-05-12,C00181,Mouse,1,25.00
ORD-003187,2024-05-12,C00591,Headphones,1,150.00
ORD-003187,2024-05-12,C00591,Webcam,4,95.00
ORD-003188,2024-05-12,C00348,Headphones,3,135.00
ORD-003188,2024-05-12,C00348,External SSD,1,140.00
ORD-003189,2024-05-12,C00928,Mouse,1,22.50
ORD-003190,2024-05-12,C00451,Laptop,1,1140.00
ORD-003190,2024-05-12,C00451,Hard Drive,4,85.00
ORD-003191,2024-05-12,C00137,Webcam,1,95.00
ORD-003191,2024-05-12,C00137,Mouse,1,25.00
ORD-003191,2024-05-12,C00137,Bluetooth Speaker,3,110.00
ORD-003192,2024-05-12,,Headphones,1,135.00
ORD-003192,2024-05-12,C00783,Keyboard,3,72.00
ORD-003193,2024-05-12,C01069,Desktop PC,2,950.00
ORD-003194,2024-05-12,C00591,USB-C Hub,0,45.00
ORD-003195,2024-05-13,C00759,Monitor,1,300.00
ORD-003196,2024-05-13,C01378,Microphone,2,130.00
ORD-003197,2024-05-13,C00276,Microphone,3,130.00
ORD-003197,2024-05-13,C00276,Bluetooth Speaker,1,110.00
ORD-003198,2024-05-13,C01160,External SSD,1,133.00
ORD-003198,2024-05-13,C01160,Microphone,1,130.00
ORD-003199,2024-05-13,C00829,USB-C Hub,1,45.00
ORD-003199,2024-05-13,C00829,Microphone,1,117.00
ORD-003200,2024-05-13,C00295,Keyboard,1,76.00
ORD-003200,2024-05-13,C00295,USB-C Hub,3,40.50
ORD-003201,2024-05-13,C00761,Mouse,1,25.00
ORD-003201,2024-05-13,C00761,Bluetooth Speaker,1,110.00
ORD-003201,2024-05-13,C00761,Headphones,4,150.00
ORD-003202,2024-05-13,C01198,USB-C Hub,1,45.00
ORD-003203,2024-05-13,C00872,Mouse,1,23.75
ORD-003203,2024-05-13,C00872,Router,1,157.50
ORD-003204,2024-05-13,C01362,Webcam,3,90.25
ORD-003204,2024-05-13,C01362,Headphones,3,150.00
ORD-003205,2024-05-13,C00709,Mouse,2,23.75
ORD-003206,2024-05-13,C00703,Hard Drive,1,85.00
ORD-003206,2024-05-13,C00703,Keyboard,1,80.00
ORD-003207,2024-05-13,C01155,External SSD,1,112.00
ORD-003208,2024-05-13,C00703,Bluetooth Speaker,1,110.00
ORD-003209,2024-05-13,C01160,USB-C Hub,2,40.50
ORD-003209,2024-05-13,C01160,Hard Drive,2,85.00
ORD-003210,2024-05-13,C01292,Microphone,1,130.00
ORD-003211,2024-05-13,C01160,Monitor,1,300.00
ORD-003211,2024-05-13,C01160,Laptop,1,1140.00
ORD-003212,2024-05-13,C01159,Microphone,2,130.00
ORD-003213,2024-05-13,C00703,Bluetooth Speaker,1,110.00
ORD-003214,2024-05-14,C01342,Keyboard,1,80.00
ORD-003214,2024-05-14,C01342,Microphone,1,130.00
ORD-003215,2024-05-14,C00694,Mouse,1,25.00
ORD-003216,2024-05-14,C00424,Mouse,1,25.00
ORD-003217,not-a-date,C00457,Bluetooth Speaker,1,110.00
ORD-003217,2024-05-14,C00457,Webcam,1,76.00
ORD-003218,2024-05-14,C00944,Router,1,175.00
ORD-003219,2024-05-14,C00752,Microphone,1,130.00
ORD-003219,2024-05-14,C00752,Bluetooth Speaker,1,99.00
ORD-003220,2024-05-14,C00221,USB-C Hub,2,45.00
ORD-003221,2024-05-14,C00852,Mouse,2,22.50
ORD-003222,2024-05-14,C01276,Router,1,157.50
ORD-003223,2024-05-14,C00966,Bluetooth Speaker,1,104.50
ORD-003224,2024-05-14,C00064,Microphone,1,123.50
ORD-003225,2024-05-14,C01463,Keyboard,3,80.00
ORD-003226,2024-05-14,C01156,Hard Drive,2,85.00
ORD-003226,2024-05-14,C01156,Webcam,1,95.00
ORD-003227,2024-05-14,C00288,USB-C Hub,5,45.00
ORD-003228,2024-05-14,C00069,Monitor,1,300.00
ORD-003228,2024-05-14,C00069,Hard Drive,2,85.00
ORD-003228,2024-05-14,C00069,USB-C Hub,1,45.00
ORD-003229,2024-05-14,C00998,Webcam,1,95.00
ORD-003229,2024-05-14,C00998,Tablet,1,480.00
ORD-003230,2024-05-14,C01455,Headphones,5,142.50
ORD-003231,2024-05-14,C01160,Hard Drive,2,85.00
ORD-003232,2024-05-14,C00973,Hard Drive,2,80.75
ORD-003233,2024-05-14,C01339,Mouse,1,25.00
ORD-003233,2024-05-14,C01339,Keyboard,3,80.00
ORD-003234,2024-05-14,C00514,Microphone,2,130.00
ORD-003234,2024-05-14,C00514,Mesh Wi-Fi Kit,4,304.00
ORD-003234,2024-05-14,C00514,Keyboard,1,72.00
ORD-003235,2024-05-14,C00703,Ultrawide Monitor,3,589.00
ORD-003235,2024-05-14,C00703,Mesh Wi-Fi Kit,1,288.00
ORD-003236,2024-05-14,C00703,External SSD,2,140.00
ORD-003236,2024-05-14,C00703,Microphone,1,130.00
ORD-003237,2024-05-14,C01487,Monitor,3,300.00
ORD-003238,2024-05-14,C00339,Webcam,1,95.00
ORD-003239,2024-05-15,C01160,USB-C Hub,1,45.00
ORD-003239,2024-05-15,C01160,Desktop PC,2,950.00
ORD-003240,2024-05-15,C00112,Ultrawide Monitor,1,620.00
ORD-003241,2024-05-15,C00699,Desktop PC,1,855.00
ORD-003241,2024-05-15,C00699,Mouse,1,23.75
ORD-003242,2024-05-15,C00189,Microphone,1,117.00
ORD-003243,2024-05-15,C00752,Laptop,5,1200.00
ORD-003244,2024-05-15,C00079,Bluetooth Speaker,5,110.00
ORD-003245,2024-05-15,C00064,Ultrawide Monitor,3,620.00
ORD-003245,2024-05-15,C00064,Keyboard,1,80.00
ORD-003246,2024-05-15,C00698,Hard Drive,2,76.50
ORD-003247,2024-05-15,C00703,USB-C Hub,2,45.00
ORD-003247,2024-05-15,C00703,Tablet,1,456.00
ORD-003248,2024-05-15,C01160,Router,1,175.00
ORD-003248,2024-05-15,C01160,Mesh Wi-Fi Kit,3,304.00
ORD-003249,2024-05-15,C00154,Hard Drive,1,85.00
ORD-003249,2024-05-15,C00154,Keyboard,1,80.00
ORD-003250,2024-05-15,C00131,Ultrawide Monitor,2,620.00
ORD-003250,2024-05-15,C00131,External SSD,2,140.00
ORD-003251,2024-05-15,C00348,Mouse,2,25.00
ORD-003252,2024-05-15,C00260,USB-C Hub,3,45.00
ORD-003252,2024-05-15,C00260,Laptop,1,1200.00
ORD-003252,2024-05-15,C00260,Router,1,166.25
ORD-003253,2024-05-15,C00973,Microphone,1,130.00
ORD-003254,2024-05-15,C00326,Mesh Wi-Fi Kit,3,304.00
ORD-003254,2024-05-15,C00326,Microphone,1,130.00
ORD-003255,2024-05-15,C00932,Hard Drive,1,85.00
ORD-003256,2024-05-15,C01213,Mesh Wi-Fi Kit,2,256.00
ORD-003257,2024-05-15,C01050,Webcam,1,85.50
ORD-003258,2024-05-15,C00514,Bluetooth Speaker,0,104.50
ORD-003259,2024-05-15,C00413,Keyboard,2,80.00
ORD-003259,2024-05-15,C00413,Mouse,1,25.00
ORD-003260,2024-05-15,C00829,Router,2,157.50
ORD-003261,2024-05-15,C00703,USB-C Hub,2,45.00
ORD-003262,2024-05-15,C00296,Mouse,1,25.00
ORD-003262,2024-05-15,C00296,USB-C Hub,1,45.00
ORD-003263,2024-05-15,C01500,Monitor,1,300.00
ORD-003264,2024-05-15,C01289,Hard Drive,1,85.00
ORD-003265,2024-05-15,C00701,USB-C Hub,1,45.00
ORD-003266,2024-05-15,C01062,Headphones,1,135.00
ORD-003267,2024-05-16,C00703,Ultrawide Monitor,1,620.00
ORD-003268,2024-05-16,C01160,Microphone,1,130.00
ORD-003269,2024-05-16,C00582,Keyboard,1,80.00
ORD-003270,2024-05-16,C00703,Mouse,-1,25.00
ORD-003271,2024-05-16,C00463,USB-C Hub,3,40.50
ORD-003272,2024-05-16,C00013,Hard Drive,1,85.00
ORD-003273,2024-05-16,C00966,Laptop,1,1200.00
ORD-003274,2024-05-16,C00341,Headphones,1,150.00
ORD-003275,2024-05-16,C00154,Keyboard,1,80.00
ORD-003275,2024-05-16,C00154,Mouse,5,25.00
ORD-003275,2024-05-16,C00154,Headphones,1,150.00
ORD-003276,2024-05-16,C01289,Mouse,1,25.00
ORD-003277,2024-05-16,C00693,Monitor,1,300.00
ORD-003277,2024-05-16,C00693,Keyboard,1,64.00
ORD-003278,2024-05-16,C00102,External SSD,2,140.00
ORD-003278,2024-05-16,C00102,Webcam,1,95.00
ORD-003279,2024-05-16,C00881,Hard Drive,3,85.00
ORD-003279,2024-05-16,C00881,Router,1,175.00
ORD-003280,2024-05-16,C01361,External SSD,4,140.00
ORD-003280,2024-05-16,C01361,Tablet,1,384.00
ORD-003281,2024-05-16,C00488,Tablet,1,384.00
ORD-003281,2024-05-16,C00488,Headphones,1,142.50
ORD-003282,2024-05-16,C00502,USB-C Hub,1,42.75
ORD-003283,2024-05-16,C01364,Router,1,175.00
ORD-003284,2024-05-16,C00139,Webcam,2,85.50
ORD-003285,2024-05-16,C00128,USB-C Hub,2,40.50
ORD-003286,2024-05-16,C00413,Ultrawide Monitor,1,620.00
ORD-003287,2024-05-17,C00432,Webcam,1,90.25
ORD-003287,2024-05-17,C00432,Mesh Wi-Fi Kit,1,320.00
ORD-003288,2024-05-17,C01036,Router,1,166.25
ORD-003289,2024-05-17,C00055,USB-C Hub,3,45.00
ORD-003290,2024-05-17,C00703,External SSD,1,140.00
ORD-003291,2024-05-17,C00829,Webcam,2,95.00
ORD-003291,2024-05-17,C00829,Mouse,1,25.00
ORD-003292,2024-05-17,C00895,Mesh Wi-Fi Kit,2,320.00
ORD-003293,2024-05-17,C01495,Headphones,2,150.00
ORD-003294,2024-05-17,C01471,Webcam,3,95.00
ORD-003294,2024-05-17,C01471,External SSD,5,140.00
ORD-003294,2024-05-17,C01471,Hard Drive,1,76.50
ORD-003295,2024-05-17,C00678,Tablet,1,480.00
ORD-003295,2024-05-17,C00678,USB-C Hub,3,36.00
ORD-003295,2024-05-17,C00678,Mouse,1,23.75
ORD-003296,2024-05-17,C00934,Bluetooth Speaker,1,99.00
ORD-003297,2024-05-17,C01414,Webcam,1,95.00
ORD-003297,2024-05-17,C01414,Mesh Wi-Fi Kit,2,304.00
ORD-003297,2024-05-17,C01414,Hard Drive,1,85.00
ORD-003298,2024-05-17,C00829,Tablet,3,480.00
ORD-003299,2024-05-17,C00137,Bluetooth Speaker,4,88.00
ORD-003299,2024-05-17,C00137,Router,1,175.00
ORD-003300,2024-05-17,C00488,Desktop PC,1,950.00
ORD-003301,2024-05-17,C00687,Router,1,175.00
ORD-003302,2024-05-17,C00829,Hard Drive,1,85.00
ORD-003303,2024-05-17,C01079,USB-C Hub,1,45.00
ORD-003304,2024-05-17,C00093,Mouse,1,25.00
ORD-003304,2024-05-17,C00093,Monitor,5,300.00
ORD-003305,2024-05-17,C00881,Mouse,1,25.00
ORD-003305,2024-05-17,C00881,USB-C Hub,3,45.00
ORD-003305,2024-05-17,C00881,Webcam,1,90.25
ORD-003306,2024-05-17,C00054,Bluetooth Speaker,2,110.00
ORD-003307,2024-05-17,C00008,Hard Drive,4,76.50
ORD-003307,2024-05-17,C00008,Desktop PC,1,950.00
ORD-003308,2024-05-17,C00829,Router,2,175.00
ORD-003309,2024-05-17,C00846,USB-C Hub,1,40.50
ORD-003310,2024-05-17,C00600,Mouse,2,23.75
ORD-003310,2024-05-17,C00600,Hard Drive,1,85.00
ORD-003310,2024-05-17,C00600,Keyboard,2,80.00
ORD-003311,2024-05-17,C00619,Headphones,1,120.00
ORD-003312,2024-05-17,C00887,USB-C Hub,2,45.00
ORD-003312,2024-05-17,C00887,Mesh Wi-Fi Kit,1,320.00
ORD-003312,2024-05-17,C00887,Headphones,1,150.00
ORD-003313,2024-05-17,C00703,Desktop PC,1,950.00
ORD-003313,2024-05-17,C00703,Webcam,1,95.00
ORD-003314,2024-05-17,C00703,Router,1,157.50
ORD-003315,2024-05-17,C00137,Desktop PC,1,902.50
ORD-003316,2024-05-17,C00829,External SSD,1,140.00
ORD-003316,2024-05-17,C00829,Webcam,1,95.00
ORD-003317,2024-05-17,C00529,Keyboard,2,80.00
ORD-003318,2024-05-17,C00693,Mouse,1,25.00
ORD-003318,2024-05-17,C00693,Router,1,175.00
ORD-003318,2024-05-17,C00693,Keyboard,1,80.00
ORD-003319,2024-05-18,C00158,Bluetooth Speaker,1,110.00
ORD-003320,2024-05-18,C00137,Microphone,1,130.00
ORD-003320,2024-05-18,C00137,USB-C Hub,2,45.00
ORD-003321,2024-05-18,C01160,Bluetooth Speaker,2,110.00
ORD-003322,2024-05-18,C00993,Keyboard,1,80.00
ORD-003322,2024-05-18,C00993,Mouse,2,25.00
ORD-003323,2024-05-18,C00829,Bluetooth Speaker,1,110.00
ORD-003324,2024-05-18,C00411,Monitor,1,300.00
ORD-003324,2024-05-18,C00411,Mouse,3,22.50
ORD-003325,2024-05-18,C00209,Desktop PC,1,902.50
ORD-003326,2024-05-18,C00411,Webcam,1,85.50
ORD-003327,2024-05-18,C01412,Ultrawide Monitor,1,589.00
ORD-003328,2024-05-18,C01301,USB-C Hub,4,45.00
ORD-003329,2024-05-18,C00943,External SSD,1,126.00
ORD-003329,2024-05-18,C00943,Monitor,2,285.00
ORD-003330,2024-05-18,C00703,Microphone,1,123.50
ORD-003330,2024-05-18,C00703,Laptop,3,1140.00
ORD-003331,2024-05-18,C00348,Keyboard,3,76.00
ORD-003332,2024-05-18,C01021,Headphones,1,120.00
ORD-003332,2024-05-18,C01021,USB-C Hub,1,45.00
ORD-003333,2024-05-18,C00239,Mouse,1,25.00
ORD-003333,2024-05-18,C00239,USB-C Hub,3,45.00
ORD-003334,2024-05-18,C00807,USB-C Hub,1,45.00
ORD-003334,2024-05-18,C00807,Desktop PC,1,950.00
ORD-003335,2024-05-18,C01160,Keyboard,2,80.00
ORD-003335,2024-05-18,C01160,Bluetooth Speaker,1,99.00
ORD-003336,2024-05-18,C00500,USB-C Hub,4,45.00
ORD-003336,2024-05-18,C00500,Hard Drive,2,85.00
ORD-003337,2024-05-18,C00607,Router,1,166.25
ORD-003337,2024-05-18,C00607,Bluetooth Speaker,1,110.00
ORD-003338,2024-05-18,C00703,Microphone,1,130.00
ORD-003339,2024-05-18,C00101,Bluetooth Speaker,1,99.00
ORD-003340,2024-05-18,C00156,Ultrawide Monitor,4,620.00
ORD-003340,2024-05-18,C00156,Bluetooth Speaker,1,104.50
ORD-003341,2024-05-18,C00647,Mouse,1,25.00
ORD-003342,2024-05-18,C01160,Webcam,1,85.50
ORD-003343,2024-05-18,C00795,Microphone,1,104.00
ORD-003343,2024-05-18,C00795,USB-C Hub,1,45.00
ORD-003344,2024-05-18,C00331,Ultrawide Monitor,1,620.00
ORD-003345,2024-05-18,C01195,Headphones,1,150.00
ORD-003346,2024-05-18,C00989,Bluetooth Speaker,2,110.00
ORD-003347,2024-05-18,C00829,Tablet,1,480.00
ORD-003347,2024-05-18,C00829,Router,1,157.50
ORD-003348,2024-05-19,C01206,Hard Drive,1,85.00
ORD-003349,2024-05-19,C00365,Bluetooth Speaker,2,104.50
ORD-003350,2024-05-19,C01085,USB-C Hub,2,42.75
ORD-003350,2024-05-19,C01085,Mouse,1,25.00
ORD-003351,2024-05-19,C00348,Mouse,5,23.75
ORD-003351,2024-05-19,C00348,Headphones,3,150.00
ORD-003352,2024-05-19,C00943,Webcam,1,95.00
ORD-003353,2024-05-19,C00703,Hard Drive,1,85.00
ORD-003354,2024-05-19,C00829,Router,1,157.50
ORD-003354,2024-05-19,C00829,Hard Drive,1,85.00
ORD-003355,2024-05-19,C01360,USB-C Hub,3,45.00
ORD-003356,2024-05-19,C00598,Router,1,166.25
ORD-003356,2024-05-19,C00598,Keyboard,1,80.00
ORD-003357,2024-05-19,C00859,Microphone,1,123.50
ORD-003358,2024-05-19,C00008,Mouse,1,20.00
ORD-003359,2024-05-19,C01124,Mouse,1,25.00
ORD-003359,2024-05-19,C01124,USB-C Hub,4,42.75
ORD-003359,2024-05-19,C01124,Hard Drive,2,80.75
ORD-003360,2024-05-19,C01140,Mouse,3,25.00
ORD-003360,2024-05-19,C01140,Router,2,175.00
ORD-003361,2024-05-19,C01160,Keyboard,1,80.00
ORD-003361,2024-05-19,C01160,Headphones,5,150.00
ORD-003362,2024-05-19,C01459,External SSD,1,140.00
ORD-003363,2024-05-19,C01037,Microphone,1,130.00
ORD-003363,2024-05-19,C01037,Monitor,1,285.00
ORD-003364,2024-05-19,C00703,Laptop,2,1200.00
ORD-003365,2024-05-19,C00499,Mesh Wi-Fi Kit,1,320.00
ORD-003366,2024-05-19,C00980,Mesh Wi-Fi Kit,3,320.00
ORD-003367,2024-05-19,C00752,USB-C Hub,1,45.00
ORD-003368,2024-05-19,C00414,USB-C Hub,1,45.00
ORD-003369,2024-05-19,C00591,Mesh Wi-Fi Kit,2,256.00
ORD-003369,2024-05-19,C00591,Laptop,1,1080.00
ORD-003370,2024-05-19,C00703,USB-C Hub,1,40.50
ORD-003370,2024-05-19,C00703,Hard Drive,1,85.00
ORD-003371,2024-05-19,C00989,Bluetooth Speaker,1,88.00
ORD-003371,2024-05-19,C00989,Tablet,1,480.00
ORD-003372,2024-05-19,C00137,Desktop PC,1,950.00
ORD-003373,2024-05-19,C00348,USB-C Hub,1,45.00
ORD-003373,2024-05-19,C00348,Tablet,1,480.00
ORD-003373,2024-05-19,C00348,Bluetooth Speaker,5,110.00
ORD-003374,2024-05-20,C00703,Keyboard,1,76.00
ORD-003375,2024-05-20,C00610,Keyboard,1,80.00
ORD-003376,2024-05-20,C00703,Mesh Wi-Fi Kit,1,320.00
ORD-003377,2024-05-20,C00368,Microphone,1,130.00
ORD-003377,2024-05-20,C00368,Mouse,1,25.00
ORD-003378,2024-05-20,C00607,Mouse,1,25.00
ORD-003378,2024-05-20,C00607,Desktop PC,2,950.00
ORD-003379,2024-05-20,C00829,USB-C Hub,3,36.00
ORD-003380,2024-05-20,C00675,Laptop,4,1140.00
ORD-003380,2024-05-20,C00675,Mouse,2,25.00
ORD-003381,2024-05-20,C00064,Monitor,1,300.00
ORD-003381,2024-05-20,C00064,Router,1,175.00
ORD-003381,2024-05-20,C00064,Ultrawide Monitor,2,620.00
ORD-003382,2024-05-20,C00514,Headphones,1,150.00
ORD-003383,2024-05-20,C00881,Webcam,2,95.00
ORD-003383,2024-05-20,C00881,Microphone,1,123.50
ORD-003384,2024-05-20,C00132,Headphones,1,150.00
ORD-003384,2024-05-20,C00132,USB-C Hub,1,45.00
ORD-003385,2024-05-20,C00308,USB-C Hub,1,45.00
ORD-003385,2024-05-20,C00308,Microphone,2,130.00
ORD-003386,2024-05-20,C00829,Mesh Wi-Fi Kit,1,320.00
ORD-003387,2024-05-20,C01112,Bluetooth Speaker,2,88.00
ORD-003388,2024-05-20,C00315,Hard Drive,1,85.00
ORD-003389,2024-05-20,C01335,Monitor,4,300.00
ORD-003389,2024-05-20,C01335,Microphone,1,130.00
ORD-003390,2024-05-20,C00018,Webcam,1,90.25
ORD-003391,2024-05-20,C01225,Mouse,2,25.00
ORD-003392,2024-05-20,C00760,Tablet,4,480.00
ORD-003393,2024-05-20,C01160,Bluetooth Speaker,1,104.50
ORD-003393,2024-05-20,C01160,External SSD,3,140.00
ORD-003394,2024-05-20,C01225,Mouse,1,25.00
ORD-003394,2024-05-20,C01225,External SSD,1,140.00
ORD-003395,2024-05-20,C00610,Microphone,2,130.00
ORD-003395,2024-05-20,C00610,Keyboard,3,72.00
ORD-003396,2024-05-20,C00254,External SSD,2,140.00
ORD-003397,2024-05-20,,Desktop PC,1,950.00
ORD-003397,2024-05-20,C00703,Mouse,1,25.00
ORD-003398,2024-05-20,C00829,Mouse,5,25.00
ORD-003399,2024-05-20,C00255,Webcam,2,85.50
ORD-003399,2024-05-20,C00255,Mouse,1,25.00
ORD-003400,2024-05-21,C00445,Webcam,1,85.50
ORD-003401,2024-05-21,C00587,Webcam,1,95.00
ORD-003402,2024-05-21,C01436,Keyboard,1,80.00
ORD-003403,2024-05-21,C00055,Headphones,1,142.50
ORD-003403,2024-05-21,C00055,USB-C Hub,2,45.00
ORD-003404,2024-05-21,C00335,Router,1,166.25
ORD-003405,2024-05-21,C01304,External SSD,1,140.00
ORD-003406,2024-05-21,C00957,Router,4,175.00
ORD-003407,2024-05-21,C00177,Tablet,1,480.00
ORD-003408,2024-05-21,C00876,USB-C Hub,4,45.00
ORD-003408,2024-05-21,C00876,Mouse,1,25.00
ORD-003409,2024-05-21,C00600,Headphones,3,150.00
ORD-003410,2024-05-21,C00276,Tablet,2,480.00
ORD-003411,2024-05-21,C01341,Mouse,2,23.75
ORD-003412,2024-05-21,C00975,USB-C Hub,1,45.00
ORD-003413,2024-05-21,,Mouse,1,25.00
ORD-003414,2024-05-21,C01363,USB-C Hub,1,42.75
ORD-003415,2024-05-21,C00214,Ultrawide Monitor,1,620.00
ORD-003416,2024-05-21,C00348,Router,1,175.00
ORD-003416,2024-05-21,C00348,Keyboard,1,80.00
ORD-003417,2024-05-21,C00752,Mouse,2,25.00
ORD-003418,2024-05-21,C00693,USB-C Hub,1,45.00
ORD-003418,2024-05-21,C00693,Mouse,1,25.00
ORD-003419,2024-05-21,C00780,USB-C Hub,1,42.75
ORD-003420,2024-05-21,C00752,Mouse,1,25.00
ORD-003421,2024-05-21,C00835,USB-C Hub,1,40.50
ORD-003421,2024-05-21,C00835,Microphone,1,123.50
ORD-003422,2024-05-22,C00488,Keyboard,1,72.00
ORD-003422,2024-05-22,C00488,Router,1,175.00
ORD-003422,2024-05-22,C00488,Hard Drive,3,85.00
ORD-003423,2024-05-22,C00690,Mesh Wi-Fi Kit,3,320.00
ORD-003424,2024-13-45,C00488,Headphones,2,150.00
ORD-003425,2024-05-22,C00007,Hard Drive,1,85.00
ORD-003426,2024-05-22,C00419,Router,3,140.00
ORD-003426,2024-05-22,C00419,USB-C Hub,2,45.00
ORD-003426,2024-05-22,C00419,Keyboard,1,80.00
ORD-003427,2024-05-22,,USB-C Hub,3,45.00
ORD-003427,2024-05-22,C00975,External SSD,5,140.00
ORD-003428,2024-05-22,C00388,Headphones,1,150.00
ORD-003429,2024-05-22,C01092,External SSD,1,140.00
ORD-003430,2024-05-22,C00682,Webcam,1,95.00
ORD-003431,2024-05-22,C00043,USB-C Hub,3,45.00
ORD-003431,2024-05-22,C00043,Mouse,4,25.00
ORD-003432,2024-05-22,C00413,Webcam,1,85.50
ORD-003432,2024-05-22,C00413,USB-C Hub,1,42.75
ORD-003432,2024-05-22,C00413,Mouse,2,25.00
ORD-003433,2024-05-22,C00704,External SSD,1,140.00
ORD-003433,2024-05-22,C00704,USB-C Hub,1,42.75
ORD-003434,2024-05-22,C00881,Router,1,175.00
ORD-003435,2024-05-22,C01160,Monitor,1,300.00
ORD-003435,2024-05-22,C01160,Mouse,1,25.00
ORD-003436,2024-05-22,C00292,Mouse,1,25.00
ORD-003437,2024-05-22,C00322,Hard Drive,3,85.00
ORD-003438,2024-05-22,C01462,External SSD,2,140.00
ORD-003439,2024-05-22,C00829,Monitor,2,300.00
ORD-003439,2024-05-22,C00829,Router,3,140.00
ORD-003440,2024-05-22,C00561,Bluetooth Speaker,1,110.00
ORD-003441,2024-05-22,C00912,Mouse,4,25.00
ORD-003441,2024-05-22,C00912,Ultrawide Monitor,1,589.00
ORD-003441,2024-05-22,C00912,Bluetooth Speaker,3,110.00
ORD-003442,2024-05-22,C00607,Bluetooth Speaker,4,110.00
ORD-003443,2024-05-22,C00343,Router,1,175.00
ORD-003444,2024-05-22,C00202,Mesh Wi-Fi Kit,1,304.00
ORD-003444,2024-05-22,C00202,Webcam,3,95.00
ORD-003444,2024-05-22,C00202,Microphone,1,130.00
ORD-003445,2024-05-22,C00419,Keyboard,1,80.00
ORD-003446,2024-05-22,C01480,Webcam,1,95.00
ORD-003447,2024-05-22,C01160,Headphones,3,150.00
ORD-003448,2024-05-23,C01160,Microphone,4,123.50
ORD-003449,2024-05-23,C01431,Webcam,4,85.50
ORD-003449,2024-05-23,C01431,Mouse,1,25.00
ORD-003450,2024-05-23,C00252,Webcam,2,95.00
ORD-003451,2024-05-23,C00150,Headphones,1,150.00
ORD-003451,2024-05-23,C00150,External SSD,2,140.00
ORD-003452,2024-05-23,C00703,Mesh Wi-Fi Kit,1,320.00
ORD-003453,2024-05-23,C01414,Mouse,3,25.00
ORD-003453,2024-05-23,C01414,Hard Drive,1,85.00
ORD-003454,2024-05-23,C01370,Ultrawide Monitor,1,589.00
ORD-003454,2024-05-23,C01370,Microphone,1,130.00
ORD-003455,2024-05-23,C01441,USB-C Hub,1,45.00
ORD-003456,2024-05-23,C00154,Tablet,1,432.00
ORD-003457,2024-05-23,C00419,Hard Drive,1,85.00
ORD-003458,2024-05-23,C01062,Headphones,3,150.00
ORD-003459,2024-05-23,C00829,Mesh Wi-Fi Kit,2,320.00
ORD-003459,2024-05-23,C00829,Microphone,1,130.00
ORD-003460,2024-05-23,C00463,Router,2,166.25
ORD-003461,2024-05-23,C01157,Hard Drive,1,85.00
ORD-003461,2024-05-23,C01157,Keyboard,3,76.00
ORD-003462,2024-05-23,C01445,Keyboard,1,80.00
ORD-003462,2024-05-23,C01445,USB-C Hub,1,45.00
ORD-003463,2024-05-23,C01160,Bluetooth Speaker,1,110.00
ORD-003464,2024-05-23,C01022,Microphone,1,130.00
ORD-003465,2024-05-23,C01300,USB-C Hub,1,45.00
ORD-003465,2024-05-23,C01300,Monitor,2,300.00
ORD-003466,2024-05-23,C01359,Microphone,2,130.00
ORD-003467,2024-05-24,C01217,Headphones,1,150.00
ORD-003468,2024-05-24,C00780,Mouse,1,25.00
ORD-003469,2024-05-24,C00677,Keyboard,2,80.00
ORD-003470,2024-05-24,C01399,Hard Drive,4,85.00
ORD-003470,2024-05-24,C01399,Bluetooth Speaker,1,88.00
ORD-003470,2024-05-24,C01399,Mouse,1,25.00
ORD-003471,2024-05-24,C00306,  Keyboard ,2,80.00
ORD-003472,2024-05-24,C01160,Mouse,1,25.00
ORD-003472,2024-05-24,C01160,Webcam,1,76.00
ORD-003473,2024-05-24,C00137,USB-C Hub,1,45.00
ORD-003474,2024-05-24,C00445,Bluetooth Speaker,3,110.00
ORD-003475,2024-05-24,C00881,Desktop PC,1,950.00
ORD-003476,2024-05-24,C00886,Ultrawide Monitor,1,620.00
ORD-003476,2024-05-24,C00886,Mouse,1,25.00
ORD-003476,2024-05-24,C00886,Hard Drive,5,85.00
ORD-003477,2024-05-24,C00886,Router,1,175.00
ORD-003478,2024-05-24,C01434,Microphone,4,130.00
ORD-003478,2024-05-24,C01434,Desktop PC,3,950.00
ORD-003479,2024-05-24,C01160,Hard Drive,3,76.50
ORD-003480,2024-05-24,C00703,Mouse,4,25.00
ORD-003481,2024-05-24,C01457,Bluetooth Speaker,2,99.00
ORD-003482,2024-05-24,C00097,USB-C Hub,1,40.50
ORD-003483,2024-05-24,C00609,External SSD,1,133.00
ORD-003483,2024-05-24,C00609,Router,2,157.50
ORD-003484,2024-05-24,C00829,Webcam,3,95.00
ORD-003485,2024-05-24,C00024,Mesh Wi-Fi Kit,2,304.00
ORD-003486,2024-05-24,C01052,Mouse,3,23.75
ORD-003487,2024-05-24,C00609,Mouse,1,25.00
ORD-003488,2024-05-24,C00055,USB-C Hub,1,45.00
ORD-003489,2024-05-24,C00564,Headphones,4,150.00
ORD-003490,2024-05-24,C00496,Mouse,1,25.00
ORD-003490,2024-05-24,C00496,Bluetooth Speaker,1,110.00
ORD-003491,2024-05-24,C00777,Headphones,2,150.00
ORD-003491,2024-05-24,C00777,Microphone,1,130.00
ORD-003491,2024-05-24,C00777,Mouse,1,25.00
ORD-003492,2024-05-24,C01430,Monitor,1,300.00
ORD-003493,2024-05-24,C00638,Monitor,2,300.00
ORD-003494,2024-05-24,C00798,Keyboard,1,64.00
ORD-003494,2024-05-24,C00798,Mouse,1,25.00
ORD-003495,2024-05-24,C00013,USB-C Hub,1,45.00
ORD-003496,2024-05-24,C00693,Hard Drive,1,80.75
ORD-003497,2024-05-24,C00419,Keyboard,1,76.00
ORD-003497,2024-05-24,C00419,Router,1,166.25
ORD-003498,2024-05-24,C00064,External SSD,2,140.00
ORD-003498,2024-05-24,C00064,USB-C Hub,3,36.00
ORD-003498,2024-05-24,C00064,Hard Drive,1,85.00
ORD-003499,2024-05-24,C01292,Router,1,175.00
ORD-003500,2024-05-24,C00419,Ultrawide Monitor,4,620.00
ORD-003501,2024-05-25,C00183,Webcam,3,95.00
ORD-003501,2024-05-25,C00183,Bluetooth Speaker,1,110.00
ORD-003502,2024-05-25,C00255,Monitor,1,300.00
ORD-003503,2024-05-25,C01160,Bluetooth Speaker,2,110.00
ORD-003504,2024-05-25,C01419,Laptop,1,1200.00
ORD-003505,2024-05-25,C00703,Webcam,1,85.50
ORD-003506,2024-05-25,C00757,Mouse,2,25.00
ORD-003507,2024-05-25,C01285,Tablet,1,480.00
ORD-003508,2024-05-25,C01121,Hard Drive,5,68.00
ORD-003508,2024-05-25,C01121,Desktop PC,1,950.00
ORD-003509,2024-05-25,C01160,Laptop,1,1200.00
ORD-003510,2024-05-25,C01289,Router,1,166.25
ORD-003510,2024-05-25,C01289,USB-C Hub,4,45.00
ORD-003511,2024-05-25,C01206,Ultrawide Monitor,1,620.00
ORD-003511,2024-05-25,C01206,Keyboard,3,80.00
ORD-003512,2024-05-25,C00055,Mouse,1,25.00
ORD-003513,2024-05-25,C00354,Webcam,3,95.00
ORD-003514,2024-05-25,C00752,Bluetooth Speaker,4,110.00
ORD-003514,2024-05-25,C00752,USB-C Hub,1,45.00
ORD-003515,2024-05-25,C00829,USB-C Hub,1,42.75
ORD-003515,2024-05-25,C00829,Webcam,3,85.50
ORD-003516,2024-05-25,C00280,Router,1,175.00
ORD-003517,2024-05-25,C00413,USB-C Hub,2,42.75
ORD-003518,2024-05-25,C00064,Mouse,1,25.00
ORD-003519,2024-05-25,C01455,Microphone,1,130.00
ORD-003519,2024-05-25,C01455,USB-C Hub,4,42.75
ORD-003520,2024-05-25,C01497,Bluetooth Speaker,1,110.00
ORD-003521,2024-05-25,C01029,Hard Drive,1,85.00
ORD-003521,2024-05-25,C01029,Webcam,1,95.00
ORD-003521,2024-05-25,C01029,Bluetooth Speaker,2,110.00
ORD-003522,2024-05-25,C01399,Mouse,2,25.00
ORD-003522,2024-05-25,C01399,USB-C Hub,1,45.00
ORD-003523,2024-05-25,C01248,Microphone,2,117.00
ORD-003524,2024-05-25,C01374,USB-C Hub,2,45.00
ORD-003524,2024-05-25,C01374,Desktop PC,1,950.00
ORD-003525,2024-05-25,C01160,Mouse,1,25.00
ORD-003526,2024-05-25,C00798,External SSD,2,140.00
ORD-003527,2024-05-25,C00419,Mouse,1,25.00
ORD-003527,2024-05-25,C00419,Headphones,1,150.00
ORD-003528,2024-05-25,C00248,Hard Drive,2,85.00
ORD-003529,2024-05-25,C00505,Mesh Wi-Fi Kit,3,320.00
ORD-003530,2024-05-25,C00944,Microphone,3,123.50
ORD-003531,2024-05-25,C00829,Headphones,1,150.00
ORD-003532,2024-05-26,C00848,Hard Drive,1,68.00
ORD-003533,2024-05-26,C00388,Desktop PC,4,950.00
ORD-003534,2024-05-26,C00092,Webcam,3,95.00
ORD-003535,2024-05-26,C01186,Keyboard,2,72.00
ORD-003536,2024-05-26,C00808,USB-C Hub,1,45.00
ORD-003537,2024-05-26,C00985,Bluetooth Speaker,2,104.50
ORD-003538,2024-05-26,C00829,Microphone,1,123.50
ORD-003539,2024-05-26,C01302,Bluetooth Speaker,1,110.00
ORD-003539,2024-05-26,C01302,Monitor,1,285.00
ORD-003539,2024-05-26,C01302,Mouse,1,25.00
ORD-003540,2024-05-26,C00703,USB-C Hub,1,45.00
ORD-003541,2024-05-26,C00137,USB-C Hub,1,45.00
ORD-003541,2024-05-26,C00137,External SSD,1,140.00
ORD-003542,2024-05-26,C00703,Monitor,1,300.00
ORD-003542,2024-05-26,C00703,Webcam,1,95.00
ORD-003543,2024-05-26,C00137,Webcam,1,95.00
ORD-003543,2024-05-26,C00137,Mouse,2,22.50
ORD-003544,2024-05-26,C00693,Webcam,1,90.25
ORD-003545,2024-05-26,C00960,External SSD,1,112.00
ORD-003546,2024-05-26,C00703,USB-C Hub,1,45.00
ORD-003547,2024-05-26,C01079,Microphone,2,130.00
ORD-003547,2024-05-26,C01079,Headphones,3,150.00
ORD-003547,2024-05-26,C01079,Keyboard,1,80.00
ORD-003548,2024-05-26,C00419,Mouse,1,25.00
ORD-003549,2024-05-26,C00703,Mesh Wi-Fi Kit,1,288.00
ORD-003550,2024-05-26,C01134,Router,1,175.00
ORD-003551,2024-05-26,C00379,Router,1,166.25
ORD-003551,2024-05-26,C00379,USB-C Hub,1,45.00
ORD-003551,2024-05-26,C00379,Headphones,1,150.00
ORD-003552,2024-05-26,C01160,Mouse,1,25.00
ORD-003552,2024-05-26,C01160,Hard Drive,5,85.00
ORD-003552,2024-05-26,C01160,Microphone,1,130.00
ORD-003553,2024-05-26,C00064,USB-C Hub,3,45.00
ORD-003554,not-a-date,C00703,Mouse,1,25.00
ORD-003555,2024-05-26,C00548,Webcam,1,85.50
ORD-003555,2024-05-26,C00548,Hard Drive,1,80.75
ORD-003556,2024-05-26,C00137,Monitor,2,300.00
ORD-003557,2024-05-26,C00881,External SSD,3,133.00
ORD-003558,2024-05-26,C00998,USB-C Hub,1,45.00
ORD-003559,2024-05-26,C01160,Mesh Wi-Fi Kit,3,320.00
ORD-003559,2024-05-26,C01160,Mouse,2,25.00
ORD-003559,2024-05-26,C01160,Monitor,1,270.00
ORD-003560,2024-05-26,C00626,Mouse,1,25.00
ORD-003560,2024-05-26,C00626,USB-C Hub,1,36.00
ORD-003561,2024-05-27,C00751,Mouse,1,25.00
ORD-003561,2024-05-27,C00751,Microphone,1,130.00
ORD-003561,2024-05-27,C00751,Router,1,175.00
ORD-003562,2024-05-27,C00701,Mouse,2,25.00
ORD-003562,2024-05-27,C00701,USB-C Hub,1,45.00
ORD-003563,2024-05-27,C01415,Bluetooth Speaker,1,110.00
ORD-003563,2024-05-27,C01415,Microphone,3,130.00
ORD-003564,2024-05-27,C01432,Mouse,1,25.00
ORD-003564,2024-05-27,C01432,Microphone,1,130.00
ORD-003565,2024-05-27,C00699,Mouse,1,25.00
ORD-003565,2024-05-27,C00699,Bluetooth Speaker,1,104.50
ORD-003566,2024-05-27,C01176,External SSD,1,140.00
ORD-003566,2024-05-27,C01176,Keyboard,1,76.00
ORD-003567,2024-05-27,C00111,Microphone,2,130.00
ORD-003568,2024-05-27,C01206,Headphones,1,135.00
ORD-003569,2024-05-27,C00461,Headphones,1,150.00
ORD-003569,2024-05-27,C00461,External SSD,1,140.00
ORD-003570,2024-05-27,C00829,Mesh Wi-Fi Kit,1,320.00
ORD-003571,2024-05-27,C01160,Webcam,2,85.50
ORD-003572,2024-05-27,C00419,Headphones,1,150.00
ORD-003573,2024-05-27,C00333,Mouse,1,25.00
ORD-003573,2024-05-27,C00333,External SSD,1,140.00
ORD-003574,2024-05-27,C00842,Hard Drive,1,80.75
ORD-003575,2024-05-27,C00829,Webcam,2,95.00
ORD-003575,2024-05-27,C00829,Mouse,2,25.00
ORD-003575,2024-05-27,C00829,External SSD,1,140.00
ORD-003576,2024-05-27,C01285,Mouse,1,23.75
ORD-003577,2024-05-27,C00064,Mesh Wi-Fi Kit,2,288.00
ORD-003577,2024-05-27,C00064,Keyboard,2,80.00
ORD-003578,2024-13-45,C00703,Bluetooth Speaker,1,110.00
ORD-003578,2024-05-27,C00703,Laptop,4,1200.00
ORD-003579,2024-05-27,C01166,USB-C Hub,1,42.75
ORD-003579,2024-05-27,C01166,Monitor,1,300.00
ORD-003580,2024-05-27,C01361,Tablet,2,456.00
ORD-003580,2024-05-27,C01361,Router,1,175.00
ORD-003581,2024-05-27,C00532,Headphones,1,150.00
ORD-003581,2024-05-27,C00532,Mouse,1,23.75
ORD-003582,2024-05-28,C01082,Microphone,1,123.50
ORD-003582,2024-05-28,C01082,Webcam,1,95.00
ORD-003582,2024-05-28,C01082,Hard Drive,2,85.00
ORD-003583,2024-05-28,C00458,Bluetooth Speaker,1,110.00
ORD-003583,2024-05-28,C00458,USB-C Hub,4,45.00
ORD-003584,2024-05-28,C00553,Laptop,2,1200.00
ORD-003585,2024-05-28,C01487,Tablet,1,456.00
ORD-003586,2024-05-28,C00591,Headphones,1,150.00
ORD-003586,2024-05-28,C00591,Webcam,1,95.00
ORD-003586,2024-05-28,C00591,Router,3,175.00
ORD-003587,2024-05-28,C01443,Router,1,175.00
ORD-003587,2024-05-28,C01443,Webcam,1,95.00
ORD-003588,2024-05-28,C00212,Ultrawide Monitor,2,620.00
ORD-003588,2024-05-28,C00212,Microphone,1,130.00
ORD-003588,2024-05-28,C00212,Tablet,2,480.00
ORD-003589,2024-05-28,C00562,Tablet,3,480.00
ORD-003590,2024-05-28,C00348,Bluetooth Speaker,1,104.50
ORD-003591,2024-05-28,C00829,Keyboard,1,76.00
ORD-003591,2024-05-28,C00829,Desktop PC,1,950.00
ORD-003592,2024-05-28,C00656,Mouse,1,25.00
ORD-003593,2024-05-28,C00699,Bluetooth Speaker,1,104.50
ORD-003594,2024-05-28,C00137,Router,1,175.00
ORD-003595,2024-05-28,C00986,Router,1,140.00
ORD-003595,2024-05-28,C00986,Webcam,1,90.25
ORD-003596,2024-05-28,C01379,External SSD,1,140.00
ORD-003596,2024-05-28,C01379,Headphones,2,150.00
ORD-003597,2024-05-28,C00234,Mouse,1,23.75
ORD-003598,2024-05-28,C00829,Mouse,1,25.00
ORD-003599,2024-05-28,C00989,Mesh Wi-Fi Kit,1,320.00
ORD-003600,2024-05-28,C01364,USB-C Hub,1,45.00
ORD-003600,2024-05-28,C01364,Ultrawide Monitor,1,620.00
ORD-003601,2024-05-28,C00826,Hard Drive,5,85.00
ORD-003602,2024-05-28,C00829,Microphone,1,123.50
ORD-003602,2024-05-28,C00829,Keyboard,0,76.00
ORD-003602,2024-05-28,C00829,Monitor,2,300.00
ORD-003603,2024-05-29,C01300,Ultrawide Monitor,1,620.00
ORD-003603,2024-05-29,C01300,Mouse,4,25.00
ORD-003604,2024-05-29,C00703,Ultrawide Monitor,1,558.00
ORD-003605,2024-05-29,C00374,USB-C Hub,1,45.00
ORD-003606,2024-05-29,C00829,Webcam,1,90.25
ORD-003607,2024-05-29,C01491,USB-C Hub,1,45.00
ORD-003608,2024-05-29,C00073,Mesh Wi-Fi Kit,1,320.00
ORD-003609,2024-05-29,C00055,Keyboard,4,76.00
ORD-003610,2024-05-29,C01384,Webcam,1,95.00
ORD-003611,2024-05-29,C00829,Tablet,2,456.00
ORD-003612,2024-05-29,C01367,Hard Drive,1,85.00
ORD-003613,2024-05-29,C00703,Webcam,1,90.25
ORD-003614,2024-05-29,C01359,Microphone,1,117.00
ORD-003615,2024-05-29,C01289,Laptop,1,1200.00
ORD-003615,2024-05-29,C01289,Bluetooth Speaker,1,110.00
ORD-003616,2024-05-29,C00514,Router,1,175.00
ORD-003616,2024-05-29,C00514,Bluetooth Speaker,2,110.00
ORD-003616,2024-05-29,C00514,Mouse,1,25.00
ORD-003617,2024-05-29,C00176,Mouse,2,25.00
ORD-003617,2024-05-29,C00176,Webcam,1,95.00
ORD-003617,2024-05-29,C00176,USB-C Hub,2,36.00
ORD-003618,2024-05-29,C01289,Router,1,166.25
ORD-003619,2024-05-29,C00061,Hard Drive,2,85.00
ORD-003620,2024-05-29,C01100,Webcam,3,95.00
ORD-003620,2024-05-29,C01100,Router,1,175.00
ORD-003621,2024-05-29,C00600,Headphones,2,150.00
ORD-003621,2024-05-29,C00600,Ultrawide Monitor,1,620.00
ORD-003622,2024-05-29,C01124,Tablet,1,480.00
ORD-003623,2024-05-30,C00829,Webcam,1,95.00
ORD-003624,2024-05-30,C00079,Bluetooth Speaker,4,110.00
ORD-003625,2024-05-30,C01486,  Bluetooth Speaker ,1,110.00
ORD-003626,2024-05-30,C00691,Ultrawide Monitor,4,620.00
ORD-003626,2024-05-30,C00691,Headphones,1,150.00
ORD-003626,2024-05-30,C00691,Keyboard,2,80.00
ORD-003627,2024-05-30,C00829,External SSD,1,112.00
ORD-003628,2024-05-30,C01160,Ultrawide Monitor,1,620.00
ORD-003629,2024-05-30,C01313,Headphones,1,150.00
ORD-003630,2024-05-30,C01383,USB-C Hub,5,45.00
ORD-003630,2024-05-30,C01383,Keyboard,1,80.00
ORD-003631,2024-05-30,C00980,Monitor,1,300.00
ORD-003631,2024-05-30,C00980,External SSD,2,126.00
ORD-003631,2024-05-30,C00980,Mouse,1,20.00
ORD-003632,2024-05-30,C01289,USB-C Hub,3,45.00
ORD-003633,2024-05-30,C00703,Bluetooth Speaker,2,110.00
ORD-003633,2024-05-30,C00703,External SSD,2,140.00
ORD-003634,2024-05-30,C00703,External SSD,1,140.00
ORD-003634,2024-05-30,C00703,USB-C Hub,4,42.75
ORD-003635,2024-05-30,C00458,Mouse,1,20.00
ORD-003635,2024-05-30,C00458,Router,3,175.00
ORD-003635,2024-05-30,C00458,USB-C Hub,1,45.00
ORD-003636,2024-05-30,C00405,Microphone,3,117.00
ORD-003636,2024-05-30,C00405,Hard Drive,4,85.00
ORD-003637,2024-05-30,C00482,Tablet,1,480.00
ORD-003637,2024-05-30,C00482,Ultrawide Monitor,1,496.00
ORD-003638,2024-05-30,C01335,Microphone,4,130.00
ORD-003639,2024-05-30,C00064,Router,1,166.25
ORD-003639,2024-05-30,C00064,External SSD,1,140.00
ORD-003640,2024-05-30,C00656,External SSD,2,112.00
ORD-003641,2024-05-30,C01160,Keyboard,1,76.00
ORD-003642,2024-05-30,C00703,Mouse,2,25.00
ORD-003642,2024-05-30,C00703,Desktop PC,2,950.00
ORD-003642,2024-05-30,C00703,Microphone,1,117.00
ORD-003643,2024-05-30,C01160,Ultrawide Monitor,1,620.00
ORD-003644,2024-05-30,C01469,Hard Drive,2,80.75
ORD-003644,2024-05-30,C01469,Ultrawide Monitor,2,620.00
ORD-003645,2024-05-30,C01228,Router,2,157.50
ORD-003645,2024-05-30,C01228,Monitor,1,300.00
ORD-003645,2024-05-30,C01228,Hard Drive,1,85.00
ORD-003646,2024-05-30,C01353,Router,1,175.00
ORD-003646,2024-05-30,C01353,Mouse,4,25.00
ORD-003646,2024-05-30,C01353,Headphones,3,142.50
ORD-003647,2024-05-30,C00064,Headphones,3,150.00
ORD-003648,2024-05-30,C00339,Hard Drive,1,85.00
ORD-003649,2024-05-30,C01289,Microphone,1,130.00
ORD-003649,2024-05-30,C01289,Keyboard,1,80.00
ORD-003650,2024-05-30,C00064,USB-C Hub,1,45.00
ORD-003651,2024-05-30,C01311,USB-C Hub,2,45.00
ORD-003652,2024-05-31,C00658,Keyboard,1,80.00
ORD-003653,2024-05-31,C00832,Keyboard,1,80.00
ORD-003654,2024-05-31,C01339,Headphones,1,150.00
ORD-003655,2024-05-31,C00703,Tablet,1,480.00
ORD-003655,2024-05-31,C00703,USB-C Hub,1,40.50
ORD-003655,2024-05-31,C00703,External SSD,4,140.00
ORD-003656,2024-13-45,C00064,Ultrawide Monitor,3,620.00
ORD-003656,2024-05-31,C00064,Laptop,1,1200.00
ORD-003657,2024-05-31,C00489,Monitor,2,270.00
ORD-003658,2024-05-31,C00560,Desktop PC,1,950.00
ORD-003659,2024-05-31,C01348,Webcam,1,95.00
ORD-003660,2024-05-31,C01160,Desktop PC,1,950.00
ORD-003660,2024-05-31,C01160,Hard Drive,2,85.00
ORD-003661,2024-05-31,C00137,Hard Drive,1,85.00
ORD-003662,2024-05-31,C00764,Bluetooth Speaker,1,110.00
ORD-003662,2024-05-31,C00764,Tablet,2,456.00
ORD-003663,2024-05-31,C00834,Mouse,4,23.75
ORD-003664,2024-05-31,C01219,Router,1,175.00
ORD-003664,2024-05-31,C01219,Keyboard,3,80.00
ORD-003665,2024-05-31,C00577,Mouse,1,25.00
ORD-003666,2024-05-31,C00236,Webcam,2,95.00
ORD-003667,2024-05-31,C00179,Ultrawide Monitor,1,558.00
ORD-003667,2024-05-31,C00179,Bluetooth Speaker,3,110.00
ORD-003667,2024-05-31,C00179,Hard Drive,2,85.00
ORD-003668,2024-05-31,C00694,Router,2,175.00
ORD-003668,2024-05-31,C00694,Microphone,1,130.00
ORD-003668,2024-05-31,C00694,Webcam,2,95.00
ORD-003669,2024-05-31,C00348,Router,1,166.25
ORD-003669,2024-05-31,C00348,Keyboard,4,80.00
ORD-003670,2024-05-31,C00154,Router,1,175.00
ORD-003671,2024-05-31,C00703,Keyboard,1,76.00
ORD-003672,2024-05-31,C00693,Mouse,2,20.00
ORD-003672,2024-05-31,C00693,Webcam,1,95.00
ORD-003673,2024-05-31,C01215,Mouse,4,25.00
ORD-003673,2024-05-31,,Webcam,1,95.00
ORD-003674,2024-05-31,C00618,Mouse,1,22.50
ORD-003674,2024-05-31,C00618,Microphone,1,123.50
ORD-003674,2024-05-31,C00618,Hard Drive,1,76.50
ORD-003675,2024-05-31,C00829,Hard Drive,1,85.00
ORD-003676,2024-05-31,C01219,Mouse,4,25.00
ORD-003677,2024-05-31,C00881,Hard Drive,2,85.00
ORD-003677,2024-05-31,C00881,Webcam,1,95.00
ORD-003678,2024-05-31,C01314,Webcam,4,95.00
ORD-003679,2024-05-31,C00348,USB-C Hub,1,36.00
ORD-003680,2024-06-01,C00694,Bluetooth Speaker,1,110.00
ORD-003680,2024-06-01,C00694,Keyboard,4,80.00
ORD-003680,2024-06-01,C00694,Microphone,1,123.50
ORD-003681,2024-06-01,C00377,Mesh Wi-Fi Kit,1,320.00
ORD-003682,2024-06-01,C01114,Mouse,3,25.00
ORD-003683,2024-06-01,C01108,Webcam,1,85.50
ORD-003684,2024-06-01,C00137,Hard Drive,2,85.00
ORD-003684,2024-06-01,C00137,Mouse,2,25.00
ORD-003685,2024-06-01,C01023,Webcam,2,85.50
ORD-003685,2024-06-01,C01023,External SSD,5,140.00
ORD-003686,2024-06-01,C00703,Keyboard,1,80.00
ORD-003687,2024-06-01,C01160,Webcam,1,85.50
ORD-003688,2024-06-01,C00829,Tablet,1,480.00
ORD-003688,2024-06-01,C00829,Mouse,2,22.50
ORD-003688,2024-06-01,C00829,Desktop PC,4,950.00
ORD-003689,2024-06-01,C00254,Microphone,1,130.00
ORD-003689,2024-06-01,C00254,Bluetooth Speaker,2,104.50
ORD-003690,2024-06-01,C01160,USB-C Hub,1,45.00
ORD-003690,2024-06-01,C01160,Router,1,175.00
ORD-003691,2024-06-01,C00829,Bluetooth Speaker,2,99.00
ORD-003692,2024-06-01,C00703,External SSD,1,140.00
ORD-003692,2024-06-01,C00703,Keyboard,2,80.00
ORD-003692,2024-06-01,C00703,Bluetooth Speaker,1,110.00
ORD-003693,2024-06-01,C00903,Mouse,4,22.50
ORD-003694,2024-06-01,C01245,Mouse,4,25.00
ORD-003694,2024-06-01,C01245,Tablet,1,480.00
ORD-003695,2024-06-01,C01160,Webcam,1,85.50
ORD-003696,2024-06-01,C01355,Webcam,1,95.00
ORD-003697,2024-06-01,C00348,Mouse,1,25.00
ORD-003698,2024-06-01,C00216,Ultrawide Monitor,5,620.00
ORD-003699,2024-06-01,C00726,Keyboard,1,80.00
ORD-003699,2024-06-01,C00726,USB-C Hub,3,42.75
ORD-003700,2024-06-01,C00794,Microphone,-1,130.00
ORD-003701,2024-06-01,C00724,Mouse,1,25.00
ORD-003702,2024-06-01,C00829,Webcam,2,95.00
ORD-003703,2024-06-01,C00751,Mouse,1,25.00
ORD-003704,2024-06-01,C00829,Mouse,1,25.00
ORD-003705,2024-06-01,C00137,USB-C Hub,1,40.50
ORD-003705,2024-06-01,C00137,Bluetooth Speaker,2,110.00
ORD-003705,2024-06-01,C00137,Keyboard,4,80.00
ORD-003706,2024-06-01,C00346,Mesh Wi-Fi Kit,1,288.00
ORD-003706,2024-06-01,C00346,USB-C Hub,1,45.00
ORD-003707,2024-06-01,C00627,Headphones,1,150.00
ORD-003708,2024-06-01,C00676,Bluetooth Speaker,1,110.00
ORD-003709,2024-06-01,C01451,USB-C Hub,1,45.00
ORD-003709,2024-06-01,C01451,Mouse,1,20.00
ORD-003709,2024-06-01,C01451,Headphones,1,150.00
ORD-003710,2024-06-02,C01289,Keyboard,2,72.00
ORD-003710,2024-06-02,C01289,Microphone,1,130.00
ORD-003711,2024-06-02,C01206,USB-C Hub,2,45.00
ORD-003712,2024-06-02,C00210,USB-C Hub,1,45.00
ORD-003713,2024-06-02,C00703,USB-C Hub,1,36.00
ORD-003714,2024-06-02,C00476,USB-C Hub,3,45.00
ORD-003715,2024-06-02,C00881,Webcam,1,95.00
ORD-003716,2024-06-02,C00703,USB-C Hub,3,45.00
ORD-003717,2024-06-02,C00434,USB-C Hub,2,42.75
ORD-003717,2024-06-02,C00434,Microphone,1,130.00
ORD-003717,2024-06-02,C00434,Headphones,1,135.00
ORD-003718,2024-06-02,C01180,Mouse,1,25.00
ORD-003718,2024-06-02,C01180,Hard Drive,3,85.00
ORD-003719,2024-06-02,C00703,Headphones,2,142.50
ORD-003720,2024-06-02,C00612,USB-C Hub,3,45.00
ORD-003721,2024-06-02,C00199,Hard Drive,2,85.00
ORD-003722,2024-06-02,C00419,Microphone,2,117.00
ORD-003723,2024-06-02,C00419,Hard Drive,1,85.00
ORD-003724,2024-06-02,C00751,Monitor,1,270.00
ORD-003725,2024-06-02,C00429,Mesh Wi-Fi Kit,5,304.00
ORD-003725,2024-06-02,C00429,Hard Drive,3,N/A
ORD-003726,2024-06-02,C00617,Desktop PC,2,950.00
ORD-003727,2024-06-02,C01304,Hard Drive,1,80.75
ORD-003728,2024-06-02,C01102,Mouse,4,25.00
ORD-003729,2024-06-02,C00209,Headphones,4,142.50
ORD-003730,2024-06-02,C00703,Headphones,1,150.00
ORD-003730,2024-06-02,C00703,Keyboard,1,76.00
ORD-003731,2024-06-02,C00453,Router,1,140.00
ORD-003731,2024-06-02,C00453,Webcam,1,95.00
ORD-003731,2024-06-02,C00453,External SSD,-1,133.00
ORD-003732,2024-06-02,C01160,Webcam,1,90.25
ORD-003733,2024-06-02,C01370,USB-C Hub,1,42.75
ORD-003734,2024-06-02,C00842,Headphones,1,150.00
ORD-003735,2024-06-03,C00524,Router,1,175.00
ORD-003736,2024-06-03,C00106,USB-C Hub,4,40.50
ORD-003736,2024-06-03,C00106,Keyboard,1,72.00
ORD-003737,2024-06-03,C00648,Mouse,1,25.00
ORD-003738,2024-06-03,C00703,Microphone,3,130.00
ORD-003739,2024-06-03,C00703,Router,3,175.00
ORD-003740,2024-06-03,C01160,Webcam,1,90.25
ORD-003740,2024-06-03,C01160,Ultrawide Monitor,5,620.00
ORD-003740,2024-06-03,C01160,Laptop,1,1200.00
ORD-003741,2024-06-03,C01134,USB-C Hub,1,45.00
ORD-003742,2024-06-03,C00214,Mouse,1,23.75
ORD-003742,2024-06-03,C00214,Mesh Wi-Fi Kit,1,288.00
ORD-003743,2024-06-03,C00829,Headphones,1,150.00
ORD-003743,2024-06-03,C00829,Mouse,1,23.75
ORD-003743,2024-06-03,C00829,External SSD,1,140.00
ORD-003744,2024-06-03,C00693,Microphone,2,130.00
ORD-003745,2024-06-03,C00102,Mesh Wi-Fi Kit,1,320.00
ORD-003746,2024-06-03,C01485,USB-C Hub,2,45.00
ORD-003747,2024-06-03,C00391,Microphone,1,130.00
ORD-003747,2024-06-03,C00391,Bluetooth Speaker,4,104.50
ORD-003748,2024-06-03,C00273,Bluetooth Speaker,4,104.50
ORD-003749,2024-06-03,C01013,External SSD,1,126.00
ORD-003750,2024-06-04,C00752,Mouse,1,22.50
ORD-003751,2024-06-04,C01155,Mouse,1,25.00
ORD-003752,2024-06-04,C00966,Microphone,1,104.00
ORD-003753,2024-06-04,C00064,Mouse,1,22.50
ORD-003753,2024-06-04,C00064,Ultrawide Monitor,1,620.00
ORD-003754,2024-06-04,C01050,USB-C Hub,3,45.00
ORD-003754,2024-06-04,C01050,Keyboard,2,72.00
ORD-003755,2024-06-04,C01038,Headphones,1,150.00
ORD-003756,2024-06-04,C00703,Mouse,1,23.75
ORD-003757,2024-06-04,C01119,  Router ,2,166.25
ORD-003757,2024-06-04,C01119,  Hard Drive ,1,68.00
ORD-003757,2024-06-04,C01119,Mouse,3,25.00
ORD-003758,2024-06-04,C01124,Headphones,2,150.00
ORD-003759,2024-06-04,C01387,Hard Drive,1,85.00
ORD-003759,2024-06-04,C01387,Mouse,3,25.00
ORD-003760,2024-06-04,C00881,USB-C Hub,1,36.00
ORD-003761,2024-06-04,C00388,Microphone,1,130.00
ORD-003761,2024-06-04,C00388,Webcam,1,95.00
ORD-003762,2024-06-04,C00602,Webcam,1,90.25
ORD-003763,2024-06-04,C00758,Laptop,1,1140.00
ORD-003764,2024-06-04,C01376,Mouse,1,25.00
ORD-003764,2024-06-04,C01376,Router,2,175.00
ORD-003765,2024-06-04,C01077,Router,1,157.50
ORD-003765,2024-06-04,C01077,Keyboard,1,64.00
ORD-003766,2024-06-04,C00456,Keyboard,1,76.00
ORD-003767,2024-06-05,C00703,Bluetooth Speaker,1,110.00
ORD-003767,2024-06-05,C00703,Headphones,1,150.00
ORD-003767,2024-06-05,C00703,Mesh Wi-Fi Kit,2,320.00
ORD-003768,2024-06-05,C00471,Microphone,1,130.00
ORD-003768,2024-06-05,C00471,Webcam,1,90.25
ORD-003769,2024-06-05,C01197,Microphone,1,130.00
ORD-003770,2024-06-05,C00703,USB-C Hub,4,45.00
ORD-003770,2024-06-05,C00703,External SSD,1,126.00
ORD-003771,2024-06-05,C00196,Tablet,1,480.00
ORD-003772,2024-06-05,C00856,Router,1,175.00
ORD-003773,2024-06-05,C00339,Hard Drive,1,85.00
ORD-003773,2024-06-05,C00339,Desktop PC,3,950.00
ORD-003773,2024-06-05,C00339,Microphone,1,130.00
ORD-003774,2024-06-05,C00064,Mesh Wi-Fi Kit,5,320.00
ORD-003774,2024-06-05,C00064,Mouse,1,25.00
ORD-003774,2024-13-45,C00064,Bluetooth Speaker,2,110.00
ORD-003775,2024-06-05,C00711,External SSD,1,126.00
ORD-003776,2024-06-05,C00808,USB-C Hub,1,45.00
ORD-003777,2024-06-05,C00703,Tablet,1,456.00
ORD-003777,2024-06-05,C00703,Mouse,1,25.00
ORD-003777,2024-06-05,C00703,USB-C Hub,1,45.00
ORD-003778,2024-06-05,C00989,Headphones,2,150.00
ORD-003779,2024-06-05,C01436,External SSD,2,140.00
ORD-003780,2024-06-05,C00554,Keyboard,2,80.00
ORD-003780,2024-06-05,C00554,Tablet,2,480.00
ORD-003780,2024-06-05,C00554,Headphones,2,150.00
ORD-003781,2024-06-05,C00480,Mouse,2,25.00
ORD-003782,2024-06-05,C01492,Webcam,2,95.00
ORD-003783,2024-06-05,C00703,Headphones,1,120.00
ORD-003783,2024-06-05,C00703,Webcam,1,95.00
ORD-003784,2024-06-05,C00237,Bluetooth Speaker,3,110.00
ORD-003785,2024-06-05,C00559,Bluetooth Speaker,1,110.00
ORD-003786,2024-06-05,C00703,Webcam,2,95.00
ORD-003787,2024-06-05,C01218,External SSD,1,N/A
ORD-003788,2024-06-05,C00656,Monitor,1,300.00
ORD-003789,2024-06-06,C00473,USB-C Hub,2,45.00
ORD-003790,2024-06-06,C00656,Mouse,2,25.00
ORD-003791,2024-06-06,C01160,USB-C Hub,3,45.00
ORD-003792,2024-06-06,C01096,Router,4,175.00
ORD-003793,2024-06-06,C00499,USB-C Hub,2,45.00
ORD-003794,2024-06-06,C00206,Mouse,5,20.00
ORD-003795,2024-06-06,C00752,Keyboard,5,80.00
ORD-003796,2024-06-06,C01160,Mouse,5,20.00
ORD-003796,2024-06-06,C01160,External SSD,1,140.00
ORD-003797,2024-06-06,C01432,Desktop PC,1,950.00
ORD-003798,2024-06-06,C01199,Router,1,175.00
ORD-003798,2024-06-06,C01199,Headphones,2,150.00
ORD-003798,2024-06-06,C01199,Mesh Wi-Fi Kit,3,288.00
ORD-003799,2024-06-06,C01384,External SSD,2,140.00
ORD-003800,2024-06-06,C01134,Desktop PC,3,950.00
ORD-003801,2024-06-06,C00829,Router,1,175.00
ORD-003802,2024-06-06,C01160,Webcam,1,90.25
ORD-003803,2024-06-06,C00577,Hard Drive,3,85.00
ORD-003804,2024-06-06,C00863,Mouse,2,25.00
ORD-003805,2024-06-06,C00829,Microphone,1,117.00
ORD-003805,2024-06-06,C00829,Mouse,1,25.00
ORD-003806,2024-06-06,C00419,Mouse,2,25.00
ORD-003806,2024-06-06,C00419,Hard Drive,4,85.00
ORD-003807,2024-06-06,C01399,USB-C Hub,1,40.50
ORD-003808,2024-06-07,C00522,USB-C Hub,1,45.00
ORD-003808,2024-06-07,C00522,Router,4,175.00
ORD-003808,2024-06-07,C00522,Mouse,4,25.00
ORD-003809,2024-06-07,C00590,Microphone,1,130.00
ORD-003809,2024-06-07,C00590,Ultrawide Monitor,4,558.00
ORD-003809,2024-06-07,C00590,Webcam,1,95.00
ORD-003810,2024-06-07,C00488,Headphones,4,150.00
ORD-003810,2024-06-07,C00488,USB-C Hub,1,45.00
ORD-003811,2024-06-07,C00839,Microphone,3,130.00
ORD-003811,2024-06-07,C00839,Hard Drive,2,85.00
ORD-003811,2024-06-07,C00839,Keyboard,3,80.00
ORD-003812,2024-06-07,C00419,Bluetooth Speaker,1,110.00
ORD-003813,2024-06-07,C00419,Mesh Wi-Fi Kit,2,320.00
ORD-003813,2024-06-07,C00419,Bluetooth Speaker,1,110.00
ORD-003814,2024-06-07,C00419,Monitor,1,300.00
ORD-003815,2024-06-07,C00792,Headphones,1,150.00
ORD-003816,2024-06-07,C00325,Headphones,1,150.00
ORD-003817,2024-06-07,C00703,Keyboard,1,80.00
ORD-003818,2024-06-07,C00844,External SSD,2,N/A
ORD-003819,2024-06-07,C00703,External SSD,1,140.00
ORD-003820,2024-06-07,C00196,Router,3,175.00
ORD-003820,2024-06-07,C00196,Microphone,1,130.00
ORD-003820,2024-06-07,C00196,Webcam,1,90.25
ORD-003821,2024-06-07,C01216,Hard Drive,2,85.00
ORD-003821,2024-06-07,C01216,Bluetooth Speaker,2,104.50
ORD-003822,2024-06-07,C01251,Bluetooth Speaker,4,88.00
ORD-003822,2024-06-07,C01251,Router,1,175.00
ORD-003822,2024-06-07,C01251,Mouse,3,25.00
ORD-003823,2024-06-07,C00247,USB-C Hub,5,45.00
ORD-003824,2024-06-07,C00829,Hard Drive,1,85.00
ORD-003825,2024-06-07,C00488,Hard Drive,1,85.00
ORD-003825,2024-06-07,C00488,Headphones,1,150.00
ORD-003825,2024-06-07,C00488,Mouse,4,25.00
ORD-003826,2024-06-07,C00881,Mesh Wi-Fi Kit,2,320.00
ORD-003827,2024-06-07,C00348,Monitor,1,300.00
ORD-003827,2024-06-07,C00348,Router,1,166.25
ORD-003827,2024-06-07,C00348,Microphone,2,130.00
ORD-003828,2024-06-07,C00143,Headphones,1,150.00
ORD-003829,2024-06-07,C00064,Keyboard,1,80.00
ORD-003829,2024-06-07,C00064,Bluetooth Speaker,2,110.00
ORD-003829,2024-06-07,C00064,External SSD,1,133.00
ORD-003830,2024-06-07,C01133,USB-C Hub,1,45.00
ORD-003831,2024-06-07,C01432,Keyboard,3,76.00
ORD-003831,2024-06-07,C01432,Tablet,1,480.00
ORD-003832,2024-06-07,C00881,Mouse,1,25.00
ORD-003833,2024-06-07,C00354,Tablet,5,480.00
ORD-003834,2024-06-07,C00114,Hard Drive,3,68.00
ORD-003835,2024-06-07,C00286,Microphone,1,130.00
ORD-003835,2024-06-07,C00286,External SSD,2,140.00
ORD-003836,2024-06-07,C00600,Bluetooth Speaker,4,99.00
ORD-003837,2024-06-07,C00998,Hard Drive,1,85.00
ORD-003838,2024-06-07,C00703,Ultrawide Monitor,2,620.00
ORD-003838,2024-06-07,C00703,Mouse,1,23.75
ORD-003839,2024-06-08,C00703,Webcam,2,90.25
ORD-003839,2024-06-08,C00703,Headphones,3,150.00
ORD-003840,2024-06-08,C00703,USB-C Hub,3,45.00
ORD-003840,2024-06-08,C00703,Keyboard,1,72.00
ORD-003840,2024-06-08,C00703,Headphones,3,135.00
ORD-003841,2024-06-08,C01409,Keyboard,1,72.00
ORD-003842,2024-06-08,C00703,Monitor,1,300.00
ORD-003843,2024-06-08,C00829,USB-C Hub,1,45.00
ORD-003844,2024-06-08,C00703,Hard Drive,1,85.00
ORD-003845,2024-06-08,C00829,Monitor,1,300.00
ORD-003845,2024-06-08,C00829,Microphone,1,130.00
ORD-003846,2024-06-08,C00989,USB-C Hub,1,45.00
ORD-003846,2024-06-08,C00989,Keyboard,1,80.00
ORD-003847,2024-06-08,C00703,USB-C Hub,1,42.75
ORD-003847,2024-06-08,C00703,Hard Drive,1,85.00
ORD-003848,2024-06-08,C00388,Monitor,1,300.00
ORD-003849,2024-06-08,C00064,External SSD,4,140.00
ORD-003850,2024-06-08,C01225,Bluetooth Speaker,2,110.00
ORD-003850,2024-06-08,C01225,External SSD,1,140.00
ORD-003851,2024-06-08,C01394,Tablet,1,480.00
ORD-003852,2024-06-08,C01219,Monitor,2,300.00
ORD-003852,2024-06-08,C01219,Tablet,2,480.00
ORD-003853,2024-06-08,C00829,Mouse,2,25.00
ORD-003854,2024-06-08,C00829,Ultrawide Monitor,1,620.00
ORD-003854,2024-06-08,C00829,Router,1,175.00
ORD-003854,2024-06-08,C00829,Keyboard,1,80.00
ORD-003855,2024-06-08,C01160,Hard Drive,1,68.00
ORD-003855,2024-06-08,C01160,Microphone,1,104.00
ORD-003856,2024-06-08,C00732,Laptop,1,1200.00
ORD-003857,2024-06-08,C01160,Ultrawide Monitor,1,620.00
ORD-003857,2024-06-08,C01160,Mouse,1,25.00
ORD-003858,2024-06-08,C01024,Tablet,1,480.00
ORD-003859,2024-06-08,C00432,Hard Drive,1,85.00
ORD-003860,2024-06-08,C00002,USB-C Hub,3,36.00
ORD-003860,2024-06-08,C00002,External SSD,1,140.00
ORD-003860,2024-06-08,C00002,Hard Drive,2,68.00
ORD-003861,2024-06-09,C01160,Headphones,2,150.00
ORD-003861,2024-06-09,C01160,Bluetooth Speaker,4,88.00
ORD-003861,2024-06-09,C01160,Mouse,0,25.00
ORD-003862,2024-06-09,C00055,Router,2,140.00
ORD-003863,2024-06-09,C00881,Microphone,1,130.00
ORD-003864,2024-06-09,C01199,Bluetooth Speaker,1,110.00
ORD-003865,2024-06-09,C00335,Keyboard,1,80.00
ORD-003866,2024-06-09,C00703,Microphone,2,130.00
ORD-003866,2024-06-09,C00703,Bluetooth Speaker,1,110.00
ORD-003867,2024-06-09,C00522,Webcam,1,95.00
ORD-003867,2024-06-09,C00522,Mesh Wi-Fi Kit,3,320.00
ORD-003868,2024-13-45,C00735,Headphones,3,142.50
ORD-003868,2024-06-09,C00735,Monitor,1,300.00
ORD-003869,2024-06-09,C01080,Router,3,157.50
ORD-003869,2024-06-09,C01080,Monitor,2,300.00
ORD-003870,2024-06-09,C00454,Bluetooth Speaker,1,110.00
ORD-003871,2024-06-09,C00928,Desktop PC,1,855.00
ORD-003871,2024-06-09,C00928,Tablet,1,480.00
ORD-003871,2024-06-09,C00928,Laptop,1,960.00
ORD-003872,2024-06-09,,Router,1,157.50
ORD-003872,2024-06-09,C01384,USB-C Hub,2,45.00
ORD-003873,2024-06-09,C00752,Keyboard,1,72.00
ORD-003874,2024-06-09,C00318,Microphone,1,130.00
ORD-003874,2024-06-09,C00318,Desktop PC,1,902.50
ORD-003875,2024-06-09,C00527,Keyboard,3,76.00
ORD-003875,2024-06-09,C00527,Hard Drive,1,85.00
ORD-003876,2024-06-09,C00829,Mouse,1,25.00
ORD-003877,2024-06-09,C00577,Mouse,1,25.00
ORD-003878,2024-06-09,C01001,Microphone,1,104.00
ORD-003878,2024-06-09,C01001,Router,2,175.00
ORD-003879,2024-06-09,C01160,Mesh Wi-Fi Kit,3,288.00
ORD-003880,2024-06-09,C00388,Webcam,1,95.00
ORD-003881,2024-06-09,C00286,USB-C Hub,4,45.00
ORD-003881,2024-06-09,C00286,Headphones,2,135.00
ORD-003882,2024-06-09,C00575,Headphones,-1,142.50
ORD-003883,2024-06-09,C00137,Webcam,2,95.00
ORD-003884,2024-06-09,C00829,Keyboard,3,80.00
ORD-003884,2024-06-09,C00829,Webcam,3,90.25
ORD-003885,2024-06-10,C00794,Microphone,1,104.00
ORD-003886,2024-06-10,C00379,Bluetooth Speaker,1,110.00
ORD-003887,2024-06-10,C00379,Webcam,1,95.00
ORD-003887,2024-06-10,C00379,Keyboard,1,80.00
ORD-003888,2024-06-10,C00511,Monitor,2,300.00
ORD-003889,2024-06-10,C01160,Bluetooth Speaker,3,110.00
ORD-003890,2024-06-10,C00459,Webcam,1,95.00
ORD-003891,2024-06-10,C00598,Monitor,1,270.00
ORD-003891,not-a-date,C00598,Mouse,1,25.00
ORD-003892,2024-06-10,C00064,Keyboard,3,76.00
ORD-003892,2024-06-10,,Ultrawide Monitor,1,589.00
ORD-003893,2024-06-10,C00813,USB-C Hub,1,42.75
ORD-003893,2024-06-10,C00813,Router,3,157.50
ORD-003893,2024-06-10,C00813,Bluetooth Speaker,4,104.50
ORD-003894,2024-06-10,C01160,Bluetooth Speaker,2,104.50
ORD-003895,2024-06-10,C00829,Hard Drive,2,85.00
ORD-003896,2024-06-10,C00829,Keyboard,2,80.00
ORD-003896,2024-06-10,C00829,USB-C Hub,2,42.75
ORD-003897,2024-06-10,C00829,Bluetooth Speaker,2,99.00
ORD-003898,2024-06-10,C00060,Microphone,1,130.00
ORD-003899,2024-06-10,C01342,Monitor,3,300.00
ORD-003899,2024-06-10,C01342,USB-C Hub,1,45.00
ORD-003900,2024-06-10,C00829,Mouse,1,22.50
ORD-003901,2024-06-10,C00116,Keyboard,1,80.00
ORD-003902,2024-06-11,C00152,Webcam,5,95.00
ORD-003903,2024-06-11,C01484,Mouse,1,25.00
ORD-003904,2024-06-11,C01160,Keyboard,1,72.00
ORD-003904,2024-06-11,C01160,Webcam,2,90.25
ORD-003905,2024-06-11,C00742,Headphones,1,150.00
ORD-003906,2024-06-11,C00200,Microphone,2,123.50
ORD-003906,2024-06-11,C00200,Keyboard,1,80.00
ORD-003906,2024-06-11,C00200,External SSD,1,140.00
ORD-003907,2024-06-11,C00829,Hard Drive,1,68.00
ORD-003908,2024-06-11,C00600,Hard Drive,2,85.00
ORD-003909,2024-06-11,C01187,External SSD,1,140.00
ORD-003910,2024-06-11,C01296,Tablet,2,480.00
ORD-003911,2024-06-11,C00881,Bluetooth Speaker,1,110.00
ORD-003912,2024-06-11,C00413,External SSD,2,140.00
ORD-003912,2024-06-11,C00413,Monitor,1,300.00
ORD-003913,2024-06-11,C00829,Ultrawide Monitor,1,589.00
ORD-003914,2024-06-11,C01176,Keyboard,5,80.00
ORD-003914,2024-06-11,C01176,Microphone,1,123.50
ORD-003915,2024-06-11,C00870,Microphone,1,123.50
ORD-003915,2024-06-11,C00870,USB-C Hub,1,36.00
ORD-003916,2024-06-11,C00068,Router,1,166.25
ORD-003917,2024-06-11,C01331,Mouse,1,25.00
ORD-003918,2024-06-11,C00781,Monitor,1,300.00
ORD-003919,2024-06-12,C00829,Keyboard,2,80.00
ORD-003920,2024-06-12,C01160,Headphones,2,120.00
ORD-003921,2024-06-12,C00591,USB-C Hub,3,45.00
ORD-003921,2024-06-12,C00591,Microphone,1,130.00
ORD-003922,2024-06-12,C00137,Mouse,1,22.50
ORD-003922,2024-06-12,C00137,Webcam,1,95.00
ORD-003923,2024-06-12,C00703,Mouse,1,25.00
ORD-003924,2024-06-12,C01160,USB-C Hub,4,45.00
ORD-003925,2024-06-12,C01160,Microphone,1,130.00
ORD-003926,2024-06-12,C00703,Mouse,2,25.00
ORD-003927,2024-06-12,C01300,Headphones,1,150.00
ORD-003927,2024-06-12,C01300,Bluetooth Speaker,1,104.50
ORD-003928,2024-06-12,C01298,Keyboard,3,80.00
ORD-003929,2024-06-12,C00459,Mouse,5,25.00
ORD-003929,2024-06-12,C00459,Bluetooth Speaker,1,110.00
ORD-003930,2024-06-12,C00379,Hard Drive,5,85.00
ORD-003931,2024-06-12,C00035,Bluetooth Speaker,2,110.00
ORD-003931,2024-06-12,C00035,Router,1,175.00
ORD-003932,2024-06-12,C01160,External SSD,1,140.00
ORD-003933,2024-06-12,C00898,Headphones,1,135.00
ORD-003934,2024-06-12,C00440,USB-C Hub,4,42.75
ORD-003935,2024-06-12,C00637,Desktop PC,1,950.00
ORD-003936,2024-06-12,C01321,External SSD,3,140.00
ORD-003937,2024-06-12,C01255,Webcam,1,95.00
ORD-003937,2024-06-12,C01255,Mouse,5,25.00
ORD-003938,2024-06-13,C00835,Mouse,1,25.00
ORD-003939,2024-06-13,C00182,Hard Drive,4,85.00
ORD-003940,2024-06-13,C00757,Hard Drive,1,85.00
ORD-003940,2024-06-13,C00757,Ultrawide Monitor,1,620.00
ORD-003941,2024-06-13,C00907,Mesh Wi-Fi Kit,2,304.00
ORD-003942,2024-06-13,C00989,Monitor,4,300.00
ORD-003943,2024-06-13,C00183,External SSD,4,140.00
ORD-003944,2024-06-13,C01379,Headphones,1,150.00
ORD-003945,2024-06-13,C01309,Router,2,140.00
ORD-003946,2024-06-13,C00615,Webcam,1,95.00
ORD-003947,2024-06-13,C00136,Laptop,1,1200.00
ORD-003947,2024-06-13,C00136,Mouse,1,25.00
ORD-003948,2024-06-13,C00227,Ultrawide Monitor,1,620.00
ORD-003949,2024-06-13,C00548,Bluetooth Speaker,2,99.00
ORD-003949,2024-06-13,C00548,Webcam,1,95.00
ORD-003950,2024-06-13,C00130,USB-C Hub,4,36.00
ORD-003951,2024-06-13,C00226,Microphone,1,130.00
ORD-003951,2024-06-13,C00226,Bluetooth Speaker,1,99.00
ORD-003951,2024-06-13,C00226,Router,3,166.25
ORD-003952,2024-06-13,C01289,Bluetooth Speaker,3,110.00
ORD-003953,2024-06-13,C00740,Hard Drive,1,85.00
ORD-003953,2024-06-13,C00740,USB-C Hub,2,45.00
ORD-003954,2024-06-13,C01160,Mouse,1,25.00
ORD-003955,2024-06-13,C01129,Laptop,1,1200.00
ORD-003956,2024-06-13,C01085,Laptop,1,1200.00
ORD-003957,2024-06-13,C01124,Laptop,2,1200.00
ORD-003957,2024-06-13,C01124,Headphones,2,150.00
ORD-003958,2024-06-13,C00881,Webcam,3,95.00
ORD-003958,2024-06-13,C00881,Laptop,1,1200.00
ORD-003959,2024-06-13,C00809,Mouse,1,25.00
ORD-003960,2024-06-13,C01358,Bluetooth Speaker,3,110.00
ORD-003961,2024-06-13,C01176,USB-C Hub,2,36.00
ORD-003962,2024-06-13,C00008,Mouse,1,20.00
ORD-003962,2024-06-13,C00008,Hard Drive,1,85.00
ORD-003963,2024-06-13,C01308,Hard Drive,1,85.00
ORD-003963,2024-06-13,C01308,Desktop PC,1,950.00
ORD-003964,2024-06-13,C00451,Bluetooth Speaker,2,110.00
ORD-003964,2024-06-13,C00451,External SSD,1,140.00
ORD-003965,2024-06-13,C00847,Monitor,2,300.00
ORD-003965,2024-06-13,C00847,External SSD,2,126.00
ORD-003966,2024-06-13,C00829,USB-C Hub,5,42.75
ORD-003967,2024-06-13,C01143,Microphone,1,130.00
ORD-003967,2024-06-13,C01143,External SSD,1,140.00
ORD-003968,2024-06-13,C00829,Hard Drive,3,85.00
ORD-003968,2024-06-13,C00829,Microphone,2,130.00
ORD-003968,2024-06-13,C00829,Headphones,1,150.00
ORD-003969,2024-06-13,C00571,Hard Drive,4,85.00
ORD-003969,2024-06-13,C00571,Laptop,2,1200.00
ORD-003970,2024-06-14,C01160,Desktop PC,1,760.00
ORD-003970,2024-06-14,C01160,Microphone,1,123.50
ORD-003971,2024-06-14,C01490,Mouse,4,25.00
ORD-003972,2024-06-14,C00829,Ultrawide Monitor,1,558.00
ORD-003973,2024-06-14,C00885,External SSD,1,133.00
ORD-003973,2024-06-14,C00885,Bluetooth Speaker,1,110.00
ORD-003974,2024-06-14,C00701,Headphones,4,135.00
ORD-003975,2024-06-14,C00554,Microphone,2,130.00
ORD-003975,2024-06-14,C00554,Router,1,175.00
ORD-003976,2024-06-14,C00861,Desktop PC,1,902.50
ORD-003977,2024-06-14,C00587,Headphones,5,150.00
ORD-003978,2024-06-14,C00697,Ultrawide Monitor,1,620.00
ORD-003979,2024-06-14,C01342,Webcam,2,85.50
ORD-003980,2024-06-14,C01056,Mouse,1,25.00
ORD-003981,2024-06-14,C00829,USB-C Hub,3,45.00
ORD-003981,2024-06-14,C00829,Tablet,1,480.00
ORD-003982,2024-06-14,C01160,Microphone,2,130.00
ORD-003983,2024-06-14,C00137,Mouse,1,22.50
ORD-003984,2024-06-14,C01213,External SSD,1,140.00
ORD-003985,2024-06-14,C00925,Router,1,157.50
ORD-003986,2024-06-14,C01348,Bluetooth Speaker,1,104.50
ORD-003987,2024-06-14,C00227,Webcam,1,90.25
ORD-003987,2024-06-14,C00227,USB-C Hub,4,45.00
ORD-003988,2024-06-14,C01018,Mouse,1,25.00
ORD-003988,2024-06-14,C01018,Mesh Wi-Fi Kit,2,320.00
ORD-003989,2024-06-14,C00419,USB-C Hub,1,45.00
ORD-003990,2024-06-14,C00915,Mouse,5,25.00
ORD-003991,2024-06-14,C00998,Mouse,1,25.00
ORD-003992,2024-06-14,C01020,Router,1,175.00
ORD-003993,2024-06-14,C00255,Hard Drive,2,85.00
ORD-003994,2024-06-14,C00419,Webcam,1,95.00
ORD-003995,2024-06-14,C00090,Bluetooth Speaker,2,110.00
ORD-003995,2024-06-14,C00090,Tablet,1,432.00
ORD-003995,2024-06-14,C00090,External SSD,1,112.00
ORD-003996,2024-06-15,C00520,Microphone,1,130.00
ORD-003996,2024-06-15,C00520,Keyboard,1,80.00
ORD-003997,2024-06-15,C00348,External SSD,1,140.00
ORD-003997,2024-06-15,C00348,Mesh Wi-Fi Kit,2,320.00
ORD-003997,2024-06-15,C00348,Monitor,3,300.00
ORD-003998,2024-06-15,C00752,USB-C Hub,1,45.00
ORD-003999,2024-06-15,C01495,Tablet,1,480.00
ORD-004000,2024-06-15,C01364,USB-C Hub,3,45.00
ORD-004000,2024-06-15,C01364,Router,3,175.00
ORD-004001,2024-06-15,C01321,Keyboard,1,80.00
ORD-004002,2024-06-15,C00419,USB-C Hub,4,45.00
ORD-004003,2024-06-15,C00003,Laptop,1,960.00
ORD-004004,2024-06-15,C00379,Mouse,1,20.00
ORD-004005,2024-06-15,C00610,Monitor,1,300.00
ORD-004006,2024-06-15,C01092,Ultrawide Monitor,2,620.00
ORD-004007,2024-06-15,C00757,Hard Drive,4,85.00
ORD-004007,2024-06-15,C00757,Router,2,166.25
ORD-004008,2024-06-15,C00829,USB-C Hub,5,42.75
ORD-004009,2024-06-15,C00703,Keyboard,1,80.00
ORD-004009,2024-06-15,C00703,Router,1,140.00
ORD-004009,2024-06-15,C00703,Headphones,3,150.00
ORD-004010,2024-06-15,C00339,USB-C Hub,4,42.75
ORD-004011,2024-06-15,C00445,USB-C Hub,1,45.00
ORD-004011,2024-06-15,C00445,Bluetooth Speaker,1,110.00
ORD-004012,2024-06-15,C01062,Router,2,157.50
ORD-004013,2024-06-15,C01291,External SSD,2,133.00
ORD-004013,2024-06-15,C01291,Bluetooth Speaker,1,110.00
ORD-004013,2024-06-15,C01291,Webcam,2,95.00
ORD-004014,2024-06-15,C01289,Monitor,1,240.00
ORD-004015,2024-06-15,C01110,USB-C Hub,1,45.00
ORD-004016,2024-06-15,C00829,External SSD,3,112.00
ORD-004017,2024-06-15,C00703,Keyboard,1,80.00
ORD-004018,2024-06-15,C01241,Keyboard,3,80.00
ORD-004018,2024-06-15,C01241,Webcam,2,95.00
ORD-004019,2024-06-15,C00348,Headphones,2,135.00
ORD-004019,2024-06-15,C00348,External SSD,1,140.00
ORD-004019,2024-06-15,C00348,Webcam,3,95.00
ORD-004020,2024-06-15,C01160,Mouse,3,22.50
ORD-004021,2024-06-15,C00766,Mouse,1,23.75
ORD-004021,2024-06-15,C00766,Router,1,175.00
ORD-004022,2024-06-15,C00419,Ultrawide Monitor,1,620.00
ORD-004022,2024-06-15,C00419,Mouse,1,25.00
ORD-004022,2024-06-15,C00419,Hard Drive,1,85.00
ORD-004023,2024-06-15,C01414,Monitor,1,300.00
ORD-004023,2024-06-15,C01414,Headphones,1,150.00
ORD-004024,2024-06-16,C00703,Keyboard,1,72.00
ORD-004024,2024-06-16,C00703,Desktop PC,3,902.50
ORD-004024,2024-06-16,C00703,Hard Drive,2,85.00
ORD-004025,2024-06-16,C01110,Router,1,140.00
ORD-004026,2024-06-16,C00139,USB-C Hub,1,45.00
ORD-004026,2024-06-16,C00139,Ultrawide Monitor,3,620.00
ORD-004026,2024-06-16,C00139,Microphone,1,104.00
ORD-004027,2024-06-16,C00269,USB-C Hub,2,45.00
ORD-004028,2024-06-16,C00015,Hard Drive,2,85.00
ORD-004028,2024-06-16,C00015,External SSD,1,140.00
ORD-004029,2024-06-16,C01041,Hard Drive,1,85.00
ORD-004029,2024-06-16,C01041,Keyboard,1,80.00
ORD-004030,2024-06-16,C01160,Mouse,1,25.00
ORD-004030,2024-06-16,C01160,Hard Drive,1,85.00
ORD-004030,2024-06-16,C01160,Microphone,2,130.00
ORD-004031,2024-06-16,C00419,Hard Drive,1,85.00
ORD-004032,2024-06-16,C01107,External SSD,1,140.00
ORD-004033,2024-06-16,C01379,Ultrawide Monitor,1,620.00
ORD-004034,2024-06-16,C01206,Laptop,1,1080.00
ORD-004035,2024-06-16,C00142,Hard Drive,2,85.00
ORD-004036,2024-06-16,C00859,External SSD,2,126.00
ORD-004037,2024-06-16,C01215,USB-C Hub,1,45.00
ORD-004038,2024-06-16,C00336,Mouse,1,23.75
ORD-004039,2024-06-16,C00830,Headphones,1,150.00
ORD-004040,2024-06-16,C00703,Mouse,4,25.00
ORD-004041,2024-06-16,C00863,USB-C Hub,-1,45.00
ORD-004042,2024-06-16,C00829,External SSD,1,140.00
ORD-004043,2024-06-16,C00884,External SSD,5,140.00
ORD-004043,2024-06-16,C00884,Mouse,1,25.00
ORD-004044,2024-06-17,C00548,Mouse,1,25.00
ORD-004044,2024-06-17,C00548,Microphone,1,130.00
ORD-004045,2024-06-17,C01225,Desktop PC,1,855.00
ORD-004046,2024-06-17,C00829,Router,1,175.00
ORD-004047,2024-06-17,C00881,Mouse,1,25.00
ORD-004048,2024-06-17,C00870,Microphone,2,130.00
ORD-004049,2024-06-17,C00352,USB-C Hub,2,45.00
ORD-004050,2024-06-17,C00790,Router,1,175.00
ORD-004050,2024-06-17,C00790,Mesh Wi-Fi Kit,1,304.00
ORD-004051,2024-06-17,C01160,External SSD,3,140.00
ORD-004052,2024-06-17,C00908,USB-C Hub,3,45.00
ORD-004053,2024-06-17,C00829,Mouse,1,23.75
ORD-004054,2024-06-17,C01436,Hard Drive,1,85.00
ORD-004054,2024-06-17,C01436,External SSD,1,140.00
ORD-004055,2024-06-17,C00045,USB-C Hub,1,45.00
ORD-004055,2024-06-17,C00045,Headphones,1,150.00
ORD-004056,2024-06-17,C01292,Keyboard,1,80.00
ORD-004056,2024-06-17,C01292,Microphone,1,130.00
ORD-004057,2024-06-17,C01160,Headphones,1,150.00
ORD-004057,2024-06-17,C01160,Laptop,1,1200.00
ORD-004058,2024-06-17,C00135,Headphones,2,150.00
ORD-004059,2024-06-17,C01160,Mesh Wi-Fi Kit,2,304.00
ORD-004059,2024-06-17,C01160,Bluetooth Speaker,1,104.50
ORD-004060,2024-06-17,C00703,Headphones,5,150.00
ORD-004061,2024-06-17,C00832,USB-C Hub,3,42.75
ORD-004062,2024-06-17,C00881,Hard Drive,3,76.50
ORD-004063,2024-06-17,C00959,Router,1,175.00
ORD-004064,2024-06-17,C00881,Microphone,1,130.00
ORD-004065,2024-06-17,C00883,Hard Drive,-1,85.00
ORD-004065,2024-06-17,C00883,Keyboard,2,76.00
ORD-004066,2024-06-17,C00750,External SSD,1,133.00
ORD-004067,2024-06-17,C00243,Hard Drive,2,85.00
ORD-004068,2024-06-17,C00515,Monitor,1,300.00
ORD-004069,2024-06-18,C00829,Hard Drive,1,85.00
ORD-004070,2024-06-18,C00156,Microphone,2,130.00
ORD-004071,2024-06-18,C01244,USB-C Hub,-1,45.00
ORD-004072,2024-06-18,C00642,Hard Drive,3,85.00
ORD-004072,2024-06-18,C00642,Mouse,2,23.75
ORD-004073,2024-06-18,C00703,Microphone,1,130.00
ORD-004074,2024-06-18,C00131,Headphones,1,150.00
ORD-004074,2024-06-18,C00131,Tablet,4,456.00
ORD-004075,2024-06-18,C00565,Hard Drive,2,80.75
ORD-004076,2024-06-18,C00615,Mesh Wi-Fi Kit,1,320.00
ORD-004077,2024-06-18,C01160,Desktop PC,1,950.00
ORD-004077,2024-06-18,C01160,Router,1,175.00
ORD-004078,2024-06-18,C00829,USB-C Hub,1,45.00
ORD-004079,2024-06-18,C01443,Hard Drive,1,85.00
ORD-004080,2024-06-18,C00321,Desktop PC,1,950.00
ORD-004080,2024-06-18,C00321,Keyboard,1,80.00
ORD-004080,2024-06-18,C00321,Mouse,3,22.50
ORD-004081,2024-06-18,C01483,Ultrawide Monitor,3,620.00
ORD-004082,2024-06-18,C01124,USB-C Hub,1,45.00
ORD-004082,2024-06-18,C01124,Webcam,1,95.00
ORD-004083,2024-06-18,C00398,Mesh Wi-Fi Kit,1,320.00
ORD-004083,2024-06-18,C00398,Microphone,1,130.00
ORD-004083,2024-06-18,C00398,Hard Drive,1,80.75
ORD-004084,2024-06-18,C01409,Keyboard,1,76.00
ORD-004084,2024-06-18,C01409,External SSD,1,140.00
ORD-004085,2024-06-18,C00829,Mouse,5,25.00
ORD-004085,2024-06-18,C00829,Hard Drive,3,85.00
ORD-004086,2024-06-18,C00263,Hard Drive,5,85.00
ORD-004086,2024-06-18,C00263,Mouse,2,20.00
ORD-004087,2024-06-18,C00683,Webcam,1,90.25
ORD-004088,2024-06-19,C00048,Microphone,1,130.00
ORD-004088,2024-06-19,C00048,Bluetooth Speaker,5,99.00
ORD-004088,2024-06-19,C00048,Router,1,175.00
ORD-004089,2024-06-19,C00626,Keyboard,2,80.00
ORD-004090,2024-06-19,C00210,Headphones,2,142.50
ORD-004090,2024-06-19,C00210,Mouse,3,23.75
ORD-004091,2024-06-19,C01160,Microphone,1,130.00
ORD-004091,2024-06-19,C01160,Mouse,1,20.00
ORD-004092,2024-06-19,C00419,Webcam,1,95.00
ORD-004093,2024-06-19,C01409,Mesh Wi-Fi Kit,1,304.00
ORD-004094,2024-06-19,C00494,External SSD,2,140.00
ORD-004094,2024-06-19,C00494,Ultrawide Monitor,1,620.00
ORD-004094,2024-06-19,C00494,Headphones,1,150.00
ORD-004095,2024-06-19,C00419,External SSD,2,126.00
ORD-004095,2024-06-19,C00419,Bluetooth Speaker,1,110.00
ORD-004096,2024-06-19,C00928,Mesh Wi-Fi Kit,3,320.00
ORD-004096,2024-06-19,C00928,Laptop,1,1080.00
ORD-004097,2024-06-19,C00748,USB-C Hub,1,40.50
ORD-004097,2024-06-19,C00748,External SSD,4,140.00
ORD-004098,2024-06-19,C00703,USB-C Hub,1,45.00
ORD-004099,2024-06-19,C01087,Monitor,1,300.00
ORD-004100,2024-06-20,C01235,Hard Drive,1,85.00
ORD-004101,2024-06-20,C00703,Headphones,4,150.00
ORD-004101,2024-06-20,C00703,External SSD,0,133.00
ORD-004102,2024-06-20,C00453,Headphones,2,150.00
ORD-004103,2024-06-20,C00189,Keyboard,1,80.00
ORD-004104,2024-06-20,C01342,Headphones,1,150.00
ORD-004105,2024-06-20,C00757,USB-C Hub,2,45.00
ORD-004106,2024-06-20,C01271,Tablet,1,480.00
ORD-004106,2024-06-20,C01271,USB-C Hub,1,42.75
ORD-004107,2024-06-20,C00436,Webcam,1,85.50
ORD-004107,2024-06-20,C00436,Mouse,1,23.75
ORD-004108,2024-06-20,C01430,Mouse,3,25.00
ORD-004108,2024-06-20,C01430,Mesh Wi-Fi Kit,1,320.00
ORD-004109,2024-06-20,C00829,Headphones,1,150.00
ORD-004110,2024-06-20,C01173,USB-C Hub,3,36.00
ORD-004110,2024-06-20,C01173,Bluetooth Speaker,2,99.00
ORD-004110,2024-06-20,C01173,Ultrawide Monitor,1,620.00
ORD-004111,2024-06-20,C00777,USB-C Hub,2,45.00
ORD-004112,2024-06-20,C00877,Microphone,1,130.00
ORD-004113,2024-06-20,C00703,Mouse,1,25.00
ORD-004114,2024-06-20,C00533,Hard Drive,1,85.00
ORD-004115,2024-06-20,C00064,Mouse,2,25.00
ORD-004116,2024-06-21,C01157,Router,1,175.00
ORD-004116,2024-06-21,C01157,Monitor,5,300.00
ORD-004116,2024-06-21,C01157,USB-C Hub,4,45.00
ORD-004117,2024-06-21,C01471,Ultrawide Monitor,1,620.00
ORD-004118,2024-06-21,C01289,Keyboard,2,80.00
ORD-004118,2024-06-21,C01289,Laptop,1,1200.00
ORD-004118,2024-06-21,C01289,Hard Drive,1,85.00
ORD-004119,2024-06-21,C00680,USB-C Hub,1,42.75
ORD-004120,2024-06-21,C01304,Bluetooth Speaker,3,110.00
ORD-004121,2024-06-21,C00023,Mesh Wi-Fi Kit,2,320.00
ORD-004122,2024-06-21,C01085,Tablet,4,456.00
ORD-004123,2024-06-21,C00250,Hard Drive,1,80.75
ORD-004123,2024-06-21,C00250,Headphones,5,150.00
ORD-004124,2024-06-21,C01160,Headphones,1,150.00
ORD-004125,2024-06-21,C00365,USB-C Hub,2,45.00
ORD-004126,2024-06-21,C01298,Keyboard,1,64.00
ORD-004127,2024-06-21,C00829,Router,4,175.00
ORD-004128,2024-06-21,C01441,External SSD,0,140.00
ORD-004128,2024-06-21,C01441,Microphone,0,130.00
ORD-004128,2024-06-21,C01441,Router,5,175.00
ORD-004129,2024-06-21,C00577,Bluetooth Speaker,1,110.00
ORD-004130,2024-06-21,C00829,Router,2,175.00
ORD-004130,2024-06-21,C00829,Keyboard,2,80.00
ORD-004131,2024-06-21,C01225,Hard Drive,5,85.00
ORD-004132,2024-06-21,C00703,Keyboard,2,80.00
ORD-004132,2024-06-21,C00703,USB-C Hub,3,40.50
ORD-004133,2024-06-21,C00973,Mesh Wi-Fi Kit,2,320.00
ORD-004134,2024-06-21,C00472,Mouse,1,25.00
ORD-004134,2024-06-21,C00472,Webcam,4,95.00
ORD-004135,2024-06-21,C01160,Webcam,1,95.00
ORD-004135,2024-06-21,C01160,Bluetooth Speaker,1,110.00
ORD-004135,2024-06-21,C01160,Router,1,157.50
ORD-004136,2024-06-21,C00908,Monitor,2,240.00
ORD-004137,2024-06-21,C01414,Microphone,2,130.00
ORD-004138,2024-06-22,C00077,Keyboard,2,76.00
ORD-004139,2024-06-22,C00897,External SSD,3,140.00
ORD-004140,2024-06-22,C00677,Keyboard,1,80.00
ORD-004140,2024-06-22,C00677,Mouse,1,25.00
ORD-004141,2024-06-22,C00137,Webcam,2,95.00
ORD-004141,2024-06-22,C00137,Headphones,1,135.00
ORD-004141,2024-06-22,C00137,External SSD,1,140.00
ORD-004142,2024-06-22,C01387,Laptop,3,1080.00
ORD-004143,2024-06-22,C00703,Headphones,1,142.50
ORD-004144,2024-06-22,C00348,External SSD,4,140.00
ORD-004144,2024-06-22,C00348,Webcam,1,95.00
ORD-004144,2024-06-22,C00348,Router,1,175.00
ORD-004145,2024-06-22,C00609,Headphones,2,150.00
ORD-004145,2024-06-22,C00609,Mouse,1,25.00
ORD-004146,2024-06-22,C00450,Hard Drive,2,80.75
ORD-004147,2024-06-22,C00829,Webcam,1,95.00
ORD-004148,2024-06-22,C00419,Router,3,175.00
ORD-004149,2024-06-22,C00962,Keyboard,1,80.00
ORD-004149,2024-06-22,C00962,Monitor,2,300.00
ORD-004150,2024-06-22,C00348,Mesh Wi-Fi Kit,1,320.00
ORD-004151,2024-06-22,C00190,Router,1,175.00
ORD-004151,2024-06-22,C00190,Mouse,1,25.00
ORD-004151,2024-06-22,C00190,Webcam,2,95.00
ORD-004152,2024-06-22,C00555,Mouse,4,25.00
ORD-004153,2024-06-22,C00751,USB-C Hub,2,40.50
ORD-004154,2024-06-22,C00064,Headphones,1,142.50
ORD-004155,2024-06-22,C00760,Webcam,2,95.00
ORD-004155,2024-06-22,C00760,Bluetooth Speaker,4,N/A
ORD-004156,2024-06-22,C00881,Microphone,1,123.50
ORD-004157,2024-06-22,C00626,Bluetooth Speaker,1,110.00
ORD-004158,2024-06-22,C00829,Tablet,1,384.00
ORD-004158,2024-06-22,C00829,USB-C Hub,1,45.00
ORD-004158,2024-06-22,C00829,Router,1,175.00
ORD-004159,2024-06-22,C00829,Bluetooth Speaker,1,104.50
ORD-004159,2024-06-22,C00829,Hard Drive,3,85.00
ORD-004160,2024-06-22,C01056,Keyboard,1,80.00
ORD-004161,2024-06-22,C01160,Headphones,1,150.00
ORD-004162,2024-06-22,C01160,Desktop PC,1,950.00
ORD-004163,2024-06-22,C00703,Webcam,3,95.00
ORD-004164,2024-06-22,C00419,Mesh Wi-Fi Kit,1,304.00
ORD-004164,2024-06-22,C00419,Headphones,4,150.00
ORD-004165,2024-06-22,C01400,Keyboard,1,80.00
ORD-004166,2024-06-22,C01364,Headphones,1,142.50
ORD-004167,2024-06-22,C00852,Tablet,1,480.00
ORD-004168,2024-06-22,C00982,External SSD,4,140.00
ORD-004169,2024-06-22,C01113,Mouse,2,23.75
ORD-004169,2024-06-22,C01113,Webcam,1,95.00
ORD-004170,2024-06-22,C00051,Desktop PC,1,902.50
ORD-004171,2024-06-22,C00765,External SSD,1,140.00
ORD-004172,2024-06-23,C01160,Monitor,2,300.00
ORD-004172,2024-06-23,C01160,Tablet,1,480.00
ORD-004173,2024-06-23,C00618,Microphone,1,123.50
ORD-004174,2024-06-23,C00158,Keyboard,1,80.00
ORD-004175,2024-06-23,C01189,Microphone,1,123.50
ORD-004175,2024-06-23,C01189,Mouse,1,25.00
ORD-004176,2024-06-23,C01285,Mouse,1,25.00
ORD-004177,2024-06-23,C01487,Hard Drive,3,85.00
ORD-004177,2024-06-23,C01487,Router,1,157.50
ORD-004178,2024-06-23,C00460,Headphones,1,142.50
ORD-004179,2024-06-23,C01211,Mouse,1,22.50
ORD-004179,2024-06-23,C01211,Bluetooth Speaker,2,110.00
ORD-004180,2024-06-23,C00703,Hard Drive,1,85.00
ORD-004181,2024-06-23,C01270,Webcam,4,95.00
ORD-004181,2024-06-23,C01270,Keyboard,1,80.00
ORD-004182,2024-06-23,C01130,Microphone,5,130.00
ORD-004182,2024-06-23,C01130,Mouse,3,23.75
ORD-004183,2024-06-23,C00703,Mesh Wi-Fi Kit,1,320.00
ORD-004183,2024-06-23,C00703,Mouse,1,23.75
ORD-004184,2024-06-23,C00443,Microphone,1,117.00
ORD-004184,2024-06-23,C00443,Webcam,2,95.00
ORD-004185,2024-06-23,C00860,Bluetooth Speaker,5,104.50
ORD-004185,2024-06-23,C00860,External SSD,1,126.00
ORD-004186,2024-06-23,C01036,Bluetooth Speaker,1,110.00
ORD-004187,2024-06-23,C01342,Laptop,3,1200.00
ORD-004187,2024-06-23,C01342,USB-C Hub,2,45.00
ORD-004188,2024-06-23,C01050,Mouse,2,23.75
ORD-004189,2024-06-23,C00622,Bluetooth Speaker,1,110.00
ORD-004190,2024-06-23,C00703,Hard Drive,2,68.00
ORD-004191,2024-06-23,C00167,Keyboard,1,80.00
ORD-004192,2024-06-23,C01461,Monitor,1,300.00
ORD-004193,2024-06-23,C00348,Mouse,1,25.00
ORD-004194,2024-06-23,C01160,Mouse,5,23.75
ORD-004194,2024-06-23,C01160,Webcam,1,90.25
ORD-004195,2024-06-23,C01275,Monitor,1,270.00
ORD-004195,2024-06-23,C01275,Router,1,175.00
ORD-004196,2024-06-23,C01024,Mouse,1,25.00
ORD-004197,2024-06-23,C01389,Keyboard,1,80.00
ORD-004197,2024-06-23,C01389,Mouse,1,25.00
ORD-004198,2024-06-23,C00243,External SSD,2,140.00
ORD-004198,2024-06-23,C00243,Keyboard,1,80.00
ORD-004198,2024-06-23,C00243,Microphone,5,130.00
ORD-004199,2024-06-23,C01124,Hard Drive,1,85.00
ORD-004199,2024-06-23,C01124,External SSD,5,133.00
ORD-004200,2024-06-24,C00829,Bluetooth Speaker,1,104.50
ORD-004200,2024-06-24,C00829,Monitor,1,285.00
ORD-004200,2024-06-24,C00829,Router,1,175.00
ORD-004201,2024-06-24,C00814,Tablet,1,480.00
ORD-004201,2024-06-24,C00814,Monitor,1,300.00
ORD-004202,2024-06-24,C00758,External SSD,2,133.00
ORD-004203,2024-06-24,C00064,USB-C Hub,2,45.00
ORD-004203,2024-06-24,C00064,Microphone,3,104.00
ORD-004204,2024-06-24,C01298,USB-C Hub,1,45.00
ORD-004205,2024-06-24,C01037,Mesh Wi-Fi Kit,4,320.00
ORD-004205,2024-06-24,,Router,2,157.50
ORD-004206,2024-06-24,C00445,Webcam,1,95.00
ORD-004207,2024-06-24,C00137,Headphones,3,150.00
ORD-004208,2024-06-24,C00188,USB-C Hub,1,45.00
ORD-004209,2024-06-24,C01052,Mouse,1,25.00
ORD-004210,2024-06-24,C01436,Ultrawide Monitor,2,589.00
ORD-004211,2024-06-24,C00703,USB-C Hub,1,40.50
ORD-004211,2024-06-24,C00703,Keyboard,2,80.00
ORD-004211,2024-06-24,C00703,External SSD,1,133.00
ORD-004212,2024-06-24,C01432,External SSD,1,126.00
ORD-004213,2024-06-24,C00758,Bluetooth Speaker,2,110.00
ORD-004214,2024-06-24,C00758,Ultrawide Monitor,1,620.00
ORD-004215,2024-06-24,C01352,Webcam,5,95.00
ORD-004215,2024-06-24,C01352,Mesh Wi-Fi Kit,1,320.00
ORD-004216,2024-06-25,C01244,Hard Drive,1,80.75
ORD-004217,2024-06-25,C00239,USB-C Hub,1,45.00
ORD-004218,2024-06-25,C00413,Laptop,1,1200.00
ORD-004219,2024-06-25,C01285,Keyboard,1,80.00
ORD-004219,2024-06-25,C01285,External SSD,1,140.00
ORD-004220,2024-06-25,C01289,Headphones,1,150.00
ORD-004221,2024-06-25,C00829,Tablet,1,480.00
ORD-004222,2024-06-25,C01358,Hard Drive,3,85.00
ORD-004222,2024-06-25,C01358,Router,1,140.00
ORD-004223,2024-06-25,C00881,Monitor,1,300.00
ORD-004224,2024-06-25,C00752,Laptop,5,1200.00
ORD-004224,2024-06-25,C00752,Keyboard,1,76.00
ORD-004225,2024-06-25,C01160,External SSD,1,140.00
ORD-004225,2024-06-25,C01160,Hard Drive,3,76.50
ORD-004226,2024-06-25,C00477,USB-C Hub,2,45.00
ORD-004227,2024-06-25,C00156,Mouse,1,25.00
ORD-004228,2024-06-25,C00628,Monitor,1,300.00
ORD-004229,2024-06-25,C00001,Bluetooth Speaker,1,110.00
ORD-004229,2024-06-25,C00001,USB-C Hub,1,45.00
ORD-004230,2024-06-25,C01160,External SSD,4,140.00
ORD-004230,2024-06-25,C01160,Hard Drive,1,85.00
ORD-004231,2024-06-25,C00761,Tablet,1,480.00
ORD-004232,2024-06-25,C00387,Desktop PC,1,760.00
ORD-004233,2024-06-25,C01462,Keyboard,1,80.00
ORD-004234,2024-06-25,C00626,Hard Drive,1,85.00
ORD-004235,2024-06-25,C00758,Mesh Wi-Fi Kit,5,320.00
ORD-004235,2024-06-25,C00758,Webcam,2,76.00
ORD-004236,2024-06-25,C01160,USB-C Hub,2,45.00
ORD-004237,not-a-date,C01176,USB-C Hub,1,42.75
ORD-004238,2024-06-25,C00848,Tablet,1,480.00
ORD-004238,2024-06-25,C00848,Mouse,2,25.00
ORD-004239,2024-06-26,C00676,Keyboard,2,80.00
ORD-004239,2024-06-26,C00676,Hard Drive,3,85.00
ORD-004240,2024-06-26,C00792,Webcam,1,95.00
ORD-004240,2024-06-26,C00792,Hard Drive,1,80.75
ORD-004240,2024-06-26,C00792,Monitor,1,285.00
ORD-004241,2024-06-26,C00829,Bluetooth Speaker,3,110.00
ORD-004241,2024-06-26,C00829,Headphones,1,150.00
ORD-004242,2024-06-26,C01108,Hard Drive,3,68.00
ORD-004243,2024-06-26,C00829,Mouse,2,23.75
ORD-004243,2024-06-26,C00829,Laptop,3,1200.00
ORD-004244,2024-06-26,C01289,Laptop,1,1080.00
ORD-004245,2024-06-26,C00419,External SSD,2,133.00
ORD-004246,2024-06-26,C01181,Bluetooth Speaker,1,110.00
ORD-004246,2024-06-26,C01181,Keyboard,1,80.00
ORD-004247,2024-06-26,C00419,USB-C Hub,1,45.00
ORD-004248,2024-06-26,C01160,Bluetooth Speaker,2,110.00
ORD-004248,2024-06-26,C01160,Keyboard,1,80.00
ORD-004249,2024-06-26,C00703,Keyboard,1,80.00
ORD-004250,2024-06-26,C00814,Mesh Wi-Fi Kit,2,320.00
ORD-004251,2024-06-26,C00610,Microphone,2,130.00
ORD-004251,2024-06-26,C00610,Headphones,1,142.50
ORD-004252,2024-06-26,C00621,USB-C Hub,5,36.00
ORD-004252,2024-06-26,C00621,Ultrawide Monitor,1,620.00
ORD-004253,2024-06-26,C00514,Mesh Wi-Fi Kit,1,320.00
ORD-004254,2024-06-27,C01307,Mesh Wi-Fi Kit,1,320.00
ORD-004255,2024-06-27,C01414,Bluetooth Speaker,2,110.00
ORD-004256,2024-06-27,C00416,Mesh Wi-Fi Kit,2,320.00
ORD-004256,2024-06-27,C00416,Tablet,1,384.00
ORD-004257,2024-06-27,C01487,Microphone,2,130.00
ORD-004257,2024-06-27,C01487,Webcam,1,95.00
ORD-004258,2024-06-27,C00829,USB-C Hub,1,45.00
ORD-004258,2024-06-27,C00829,Headphones,1,150.00
ORD-004259,2024-06-27,C00881,Monitor,1,285.00
ORD-004259,2024-06-27,C00881,Mouse,2,20.00
ORD-004260,2024-06-27,C01384,Mesh Wi-Fi Kit,3,320.00
ORD-004260,2024-06-27,C01384,Bluetooth Speaker,1,110.00
ORD-004261,2024-06-27,C00647,Microphone,5,130.00
ORD-004261,2024-06-27,C00647,Hard Drive,1,80.75
ORD-004262,2024-06-27,C00250,Monitor,1,300.00
ORD-004263,2024-06-27,C00703,Webcam,1,95.00
ORD-004263,2024-06-27,C00703,Hard Drive,1,76.50
ORD-004264,2024-06-27,C00712,USB-C Hub,2,45.00
ORD-004264,2024-06-27,C00712,Hard Drive,5,85.00
ORD-004264,2024-06-27,C00712,Router,2,175.00
ORD-004265,2024-06-27,C00606,External SSD,1,140.00
ORD-004265,2024-06-27,,Mesh Wi-Fi Kit,2,256.00
ORD-004266,2024-06-27,C00050,Router,1,140.00
ORD-004267,2024-06-27,C01160,Webcam,1,90.25
ORD-004268,2024-06-27,C00703,Ultrawide Monitor,4,620.00
ORD-004269,2024-06-27,C00703,Mouse,4,25.00
ORD-004269,2024-06-27,C00703,Hard Drive,1,85.00
ORD-004270,2024-06-27,C00368,Headphones,1,142.50
ORD-004271,2024-06-27,C01028,USB-C Hub,4,45.00
ORD-004271,2024-06-27,C01028,External SSD,3,133.00
ORD-004272,2024-06-27,C00623,Mesh Wi-Fi Kit,3,320.00
ORD-004272,2024-06-27,C00623,Keyboard,1,80.00
ORD-004273,2024-06-27,C01124,Keyboard,1,80.00
ORD-004273,2024-06-27,C01124,Webcam,2,95.00
ORD-004274,2024-13-45,C01225,Router,1,175.00
ORD-004274,2024-06-27,C01225,Mesh Wi-Fi Kit,5,320.00
ORD-004274,2024-06-27,C01225,Monitor,1,300.00
ORD-004275,2024-06-27,C00829,Hard Drive,1,85.00
ORD-004276,2024-06-27,C01430,Webcam,1,90.25
ORD-004277,2024-06-27,C00832,Mouse,3,25.00
ORD-004278,2024-06-27,C00480,Laptop,2,1200.00
ORD-004278,2024-06-27,C00480,Hard Drive,2,80.75
ORD-004278,2024-06-27,C00480,Router,1,157.50
ORD-004279,2024-06-27,C01409,Mouse,1,25.00
ORD-004280,2024-06-27,C00703,Hard Drive,1,N/A
ORD-004281,2024-06-27,C01339,External SSD,1,140.00
ORD-004281,2024-06-27,C01339,Desktop PC,1,855.00
ORD-004281,2024-06-27,C01339,Router,1,175.00
ORD-004282,2024-06-27,C00703,External SSD,5,126.00
ORD-004283,2024-06-27,C00241,Hard Drive,1,85.00
ORD-004283,2024-06-27,C00241,Mouse,1,25.00
ORD-004284,2024-06-27,C01038,Desktop PC,1,950.00
ORD-004284,2024-06-27,C01038,Headphones,1,135.00
ORD-004285,2024-06-27,C01160,Monitor,1,270.00
ORD-004286,2024-06-28,C00608,Headphones,1,120.00
ORD-004286,2024-06-28,C00608,Router,2,175.00
ORD-004287,2024-06-28,C00298,Mouse,4,22.50
ORD-004288,2024-06-28,C00445,Mesh Wi-Fi Kit,1,320.00
ORD-004289,2024-06-28,C00437,Ultrawide Monitor,1,620.00
ORD-004290,2024-06-28,C01160,External SSD,1,140.00
ORD-004291,2024-06-28,C01441,Keyboard,1,80.00
ORD-004292,2024-06-28,C00485,Hard Drive,1,85.00
ORD-004292,2024-06-28,C00485,USB-C Hub,1,45.00
ORD-004292,2024-06-28,C00485,Headphones,2,150.00
ORD-004293,2024-06-28,C00829,Router,1,166.25
ORD-004294,2024-06-28,C00395,Bluetooth Speaker,1,110.00
ORD-004294,2024-06-28,C00395,Headphones,3,150.00
ORD-004295,2024-06-28,C00276,Hard Drive,5,85.00
ORD-004296,2024-06-28,C01289,Microphone,2,130.00
ORD-004296,2024-06-28,C01289,Hard Drive,3,85.00
ORD-004297,2024-06-28,C00829,Keyboard,1,76.00
ORD-004297,2024-06-28,C00829,Mouse,2,25.00
ORD-004298,2024-06-28,C00346,Mouse,1,22.50
ORD-004299,2024-06-28,C00642,Hard Drive,4,80.75
ORD-004299,2024-06-28,C00642,Bluetooth Speaker,2,99.00
ORD-004299,2024-06-28,C00642,USB-C Hub,2,42.75
ORD-004300,2024-06-28,C01160,Keyboard,1,80.00
ORD-004300,2024-06-28,C01160,Microphone,1,130.00
ORD-004301,2024-06-28,C00775,Bluetooth Speaker,1,88.00
ORD-004302,2024-06-28,C00257,External SSD,1,140.00
ORD-004303,2024-06-28,C00322,Microphone,1,123.50
ORD-004304,2024-06-28,C00703,Mesh Wi-Fi Kit,5,304.00
ORD-004304,2024-06-28,C00703,Microphone,1,130.00
ORD-004305,2024-06-28,C01124,Webcam,1,90.25
ORD-004306,2024-06-28,C00636,Mouse,1,25.00
ORD-004307,2024-06-28,C00125,Webcam,1,95.00
ORD-004307,2024-06-28,C00125,Hard Drive,1,76.50
ORD-004307,2024-06-28,C00125,Router,1,175.00
ORD-004308,2024-06-28,C01133,Headphones,1,150.00
ORD-004308,2024-06-28,C01133,Webcam,4,95.00
ORD-004309,2024-06-28,C00430,Keyboard,4,80.00
ORD-004310,2024-06-28,C00583,Mesh Wi-Fi Kit,3,320.00
ORD-004311,2024-06-28,C01424,Mouse,1,25.00
ORD-004311,2024-06-28,C01424,Bluetooth Speaker,1,110.00
ORD-004312,2024-06-28,C01451,Mouse,1,25.00
ORD-004312,2024-06-28,C01451,Headphones,1,150.00
ORD-004313,2024-06-28,C01206,Hard Drive,1,85.00
ORD-004314,2024-06-28,C00295,Mouse,3,25.00
ORD-004315,2024-06-28,C00703,Mouse,4,25.00
ORD-004316,2024-06-28,C00419,Microphone,1,130.00
ORD-004317,2024-06-29,C00911,  Bluetooth Speaker ,1,110.00
ORD-004317,2024-06-29,C00911,Monitor,4,300.00
ORD-004318,2024-06-29,C00064,USB-C Hub,1,45.00
ORD-004319,2024-06-29,C00210,Mouse,1,25.00
ORD-004319,2024-06-29,C00210,USB-C Hub,1,45.00
ORD-004320,2024-06-29,C01160,USB-C Hub,1,45.00
ORD-004321,2024-06-29,C01083,USB-C Hub,2,40.50
ORD-004322,2024-06-29,C00752,Webcam,1,95.00
ORD-004322,2024-06-29,C00752,USB-C Hub,2,45.00
ORD-004323,2024-06-29,C00703,Keyboard,1,80.00
ORD-004323,2024-06-29,C00703,Mouse,1,25.00
ORD-004323,2024-06-29,C00703,Bluetooth Speaker,1,110.00
ORD-004324,2024-06-29,C00402,Mouse,5,25.00
ORD-004325,2024-06-29,C00997,Mouse,1,25.00
ORD-004326,2024-06-29,C01384,Hard Drive,2,80.75
ORD-004327,2024-06-29,C00757,Hard Drive,1,80.75
ORD-004328,2024-06-29,C00100,Tablet,1,480.00
ORD-004329,2024-06-29,C01229,Headphones,1,150.00
ORD-004329,2024-06-29,C01229,Microphone,1,123.50
ORD-004330,2024-06-29,C01370,Bluetooth Speaker,1,110.00
ORD-004331,2024-06-29,C00703,Microphone,1,130.00
ORD-004332,2024-06-29,C01223,Hard Drive,1,85.00
ORD-004333,2024-06-29,C00419,External SSD,1,140.00
ORD-004333,2024-06-29,C00419,Hard Drive,1,85.00
ORD-004334,2024-06-29,C00055,Hard Drive,1,85.00
ORD-004334,2024-06-29,C00055,Mouse,1,25.00
ORD-004335,2024-06-29,C00815,Webcam,2,95.00
ORD-004335,2024-06-29,C00815,Keyboard,2,80.00
ORD-004336,2024-06-29,C00419,  Mouse ,2,25.00
ORD-004336,2024-06-29,C00419,Tablet,5,432.00
ORD-004337,2024-06-29,C00703,USB-C Hub,5,45.00
ORD-004337,2024-06-29,C00703,Monitor,1,300.00
ORD-004338,2024-06-29,C00143,USB-C Hub,1,45.00
ORD-004339,2024-06-29,C01160,Microphone,1,123.50
ORD-004340,2024-06-29,C00565,Mouse,1,22.50
ORD-004340,2024-06-29,C00565,Tablet,2,480.00
ORD-004340,2024-06-29,C00565,Ultrawide Monitor,2,620.00
ORD-004341,2024-06-29,C00607,Laptop,1,1200.00
ORD-004341,2024-06-29,C00607,Mouse,1,25.00
ORD-004342,2024-06-29,C00348,Tablet,3,480.00
ORD-004343,2024-13-45,C00566,Webcam,1,95.00
ORD-004343,2024-06-29,C00566,Mouse,1,23.75
ORD-004344,2024-06-29,C01449,Webcam,2,95.00
ORD-004344,2024-06-29,C01449,Mesh Wi-Fi Kit,1,320.00
ORD-004345,2024-06-29,C00112,Mouse,1,22.50
ORD-004345,2024-06-29,C00112,Headphones,1,120.00
ORD-004346,2024-06-29,C01160,External SSD,1,126.00
ORD-004347,2024-06-29,C01077,Microphone,2,123.50
ORD-004347,2024-06-29,C01077,Router,1,175.00
ORD-004347,2024-06-29,C01077,Mouse,2,25.00
ORD-004348,2024-06-29,C01160,Tablet,3,480.00
ORD-004348,2024-06-29,C01160,Mouse,1,22.50
ORD-004349,2024-06-29,C01160,Router,2,175.00
ORD-004349,2024-06-29,C01160,External SSD,2,140.00
ORD-004350,2024-06-30,C01160,Mouse,2,25.00
ORD-004350,2024-06-30,C01160,Hard Drive,1,76.50
ORD-004351,2024-06-30,C00878,External SSD,5,126.00
ORD-004351,2024-06-30,C00878,Monitor,1,300.00
ORD-004352,2024-06-30,C00881,Microphone,1,130.00
ORD-004353,2024-06-30,C00285,Headphones,1,150.00
ORD-004353,2024-06-30,C00285,Microphone,2,130.00
ORD-004354,2024-06-30,C00199,Webcam,1,95.00
ORD-004354,2024-06-30,C00199,Router,1,175.00
ORD-004355,2024-06-30,C00419,Microphone,1,117.00
ORD-004355,2024-06-30,C00419,Tablet,1,456.00
ORD-004356,2024-06-30,C00656,Mouse,2,23.75
ORD-004356,2024-06-30,C00656,Monitor,2,270.00
ORD-004357,2024-06-30,C00137,External SSD,2,140.00
ORD-004357,2024-06-30,C00137,Monitor,1,285.00
ORD-004358,2024-06-30,C01108,Webcam,1,90.25
ORD-004359,2024-06-30,C00607,Mouse,2,20.00
ORD-004359,2024-13-45,C00607,Hard Drive,4,80.75
ORD-004360,2024-06-30,C01024,Monitor,1,300.00
ORD-004360,2024-06-30,C01024,Hard Drive,1,85.00
ORD-004361,2024-06-30,C00152,Monitor,2,240.00
ORD-004361,2024-06-30,C00152,Hard Drive,1,85.00
ORD-004362,2024-06-30,C00064,Mouse,5,25.00
ORD-004362,2024-06-30,C00064,Webcam,1,95.00
ORD-004363,2024-06-30,C00445,Router,1,175.00
ORD-004364,2024-06-30,C00137,Headphones,3,142.50
ORD-004365,2024-06-30,C00197,Hard Drive,2,80.75
ORD-004365,2024-06-30,C00197,Bluetooth Speaker,1,110.00
ORD-004365,2024-06-30,C00197,Mouse,1,25.00
ORD-004366,2024-06-30,C00323,Keyboard,2,80.00
ORD-004366,2024-06-30,C00323,Mouse,1,25.00
ORD-004366,2024-06-30,C00323,Microphone,1,130.00
ORD-004367,2024-06-30,C00703,USB-C Hub,5,45.00
ORD-004368,2024-06-30,C01054,USB-C Hub,1,45.00
ORD-004369,2024-06-30,C00595,USB-C Hub,1,45.00
ORD-004369,2024-06-30,C00595,Hard Drive,2,85.00
ORD-004369,2024-06-30,C00595,Headphones,1,135.00
ORD-004370,2024-06-30,C00752,Webcam,1,85.50
ORD-004371,2024-06-30,C00514,Mouse,2,25.00
ORD-004371,2024-06-30,C00514,Monitor,3,240.00
ORD-004372,2024-06-30,C00829,Headphones,1,150.00
ORD-004372,2024-06-30,C00829,USB-C Hub,5,45.00
ORD-004373,2024-06-30,C00842,Mouse,1,25.00
ORD-004373,2024-06-30,C00842,Tablet,3,480.00
ORD-004373,2024-06-30,C00842,Mesh Wi-Fi Kit,4,320.00
ORD-004374,2024-07-01,C00339,Hard Drive,1,85.00
ORD-004375,2024-07-01,C00829,Mouse,1,25.00
ORD-004376,2024-07-01,C00253,Microphone,1,130.00
ORD-004376,2024-07-01,C00253,Mouse,1,25.00
ORD-004377,2024-07-01,C00909,USB-C Hub,4,45.00
ORD-004378,2024-07-01,C00697,USB-C Hub,1,45.00
ORD-004378,2024-07-01,C00697,Desktop PC,2,950.00
ORD-004379,2024-07-01,C00362,Mouse,1,25.00
ORD-004380,2024-07-01,C01303,Webcam,2,90.25
ORD-004381,2024-07-01,C00703,Monitor,2,300.00
ORD-004382,2024-07-01,C00912,Laptop,1,1200.00
ORD-004383,2024-07-01,C01160,Mouse,1,25.00
ORD-004383,2024-07-01,C01160,Microphone,2,130.00
ORD-004384,2024-07-01,C00379,Mouse,2,23.75
ORD-004385,2024-07-01,C00462,Desktop PC,1,950.00
ORD-004386,2024-07-01,C01026,Hard Drive,1,80.75
ORD-004386,2024-07-01,C01026,Webcam,1,90.25
ORD-004387,2024-07-01,C01359,Bluetooth Speaker,5,110.00
ORD-004388,2024-07-01,C00143,Keyboard,2,72.00
ORD-004389,2024-07-01,C00934,Bluetooth Speaker,1,110.00
ORD-004390,2024-07-01,C01160,Mouse,1,25.00
ORD-004391,2024-07-01,C01069,Bluetooth Speaker,2,110.00
ORD-004392,2024-07-01,C01077,USB-C Hub,1,45.00
ORD-004392,2024-07-01,C01077,Bluetooth Speaker,1,110.00
ORD-004393,2024-07-01,C01160,Microphone,1,130.00
ORD-004394,2024-07-01,C00001,Webcam,3,95.00
ORD-004395,2024-07-01,C01419,Keyboard,4,80.00
ORD-004396,2024-07-01,C01379,Webcam,2,95.00
ORD-004396,2024-07-01,C01379,Mesh Wi-Fi Kit,2,320.00
ORD-004396,2024-07-01,C01379,Mouse,3,25.00
ORD-004397,2024-07-02,C00600,Microphone,1,130.00
ORD-004398,2024-07-02,C00655,Router,3,166.25
ORD-004398,2024-07-02,C00655,Microphone,1,130.00
ORD-004399,2024-07-02,C00829,Laptop,1,1200.00
ORD-004399,2024-07-02,C00829,Mesh Wi-Fi Kit,2,320.00
ORD-004399,2024-07-02,C00829,Microphone,2,130.00
ORD-004400,2024-07-02,C00829,Mouse,2,22.50
ORD-004400,2024-07-02,C00829,Hard Drive,5,85.00
ORD-004401,2024-07-02,C01160,Laptop,1,1200.00
ORD-004401,2024-07-02,C01160,Hard Drive,1,80.75
ORD-004402,2024-07-02,C00419,Mouse,1,25.00
ORD-004403,2024-07-02,C00703,Mesh Wi-Fi Kit,1,320.00
ORD-004404,2024-07-02,C01475,Bluetooth Speaker,3,110.00
ORD-004404,2024-07-02,C01475,USB-C Hub,1,36.00
ORD-004404,2024-07-02,C01475,Mouse,3,25.00
ORD-004405,2024-07-02,C01249,Monitor,1,300.00
ORD-004405,2024-07-02,C01249,Microphone,1,130.00
ORD-004406,2024-07-02,C00829,USB-C Hub,1,45.00
ORD-004407,2024-07-02,C01426,Tablet,1,480.00
ORD-004407,2024-07-02,C01426,Bluetooth Speaker,4,110.00
ORD-004408,2024-07-02,C00112,Microphone,1,117.00
ORD-004408,2024-07-02,C00112,Mouse,2,25.00
ORD-004409,2024-07-03,C00499,Hard Drive,4,85.00
ORD-004410,2024-07-03,C00565,Webcam,5,95.00
ORD-004411,2024-07-03,C00423,Mouse,1,25.00
ORD-004411,2024-07-03,C00423,Ultrawide Monitor,1,620.00
ORD-004412,2024-07-03,C01470,Hard Drive,2,85.00
ORD-004413,2024-07-03,C00542,Hard Drive,1,80.75
ORD-004414,2024-07-03,C01105,Tablet,4,480.00
ORD-004415,2024-07-03,C00156,Hard Drive,1,85.00
ORD-004415,2024-07-03,C00156,Headphones,1,150.00
ORD-004416,2024-07-03,C00881,USB-C Hub,1,45.00
ORD-004417,2024-07-03,C01124,Headphones,1,150.00
ORD-004417,2024-07-03,C01124,USB-C Hub,2,42.75
ORD-004418,2024-07-03,C01113,External SSD,1,140.00
ORD-004419,2024-07-03,C00236,Headphones,3,150.00
ORD-004419,2024-07-03,C00236,Hard Drive,2,85.00
ORD-004420,2024-07-03,C00118,Headphones,1,150.00
ORD-004420,2024-07-03,C00118,Mouse,2,25.00
ORD-004421,2024-07-03,C00829,USB-C Hub,1,45.00
ORD-004421,2024-07-03,C00829,Microphone,1,130.00
ORD-004421,2024-07-03,C00829,Bluetooth Speaker,1,110.00
ORD-004422,2024-07-03,C00829,Bluetooth Speaker,3,110.00
ORD-004422,2024-07-03,C00829,Mouse,1,23.75
ORD-004422,2024-07-03,C00829,USB-C Hub,1,40.50
ORD-004423,2024-07-03,C00484,Mouse,1,25.00
ORD-004424,2024-07-03,C00033,Router,2,166.25
ORD-004425,2024-07-03,C01160,Tablet,1,480.00
ORD-004425,2024-07-03,C01160,Router,1,157.50
ORD-004426,2024-07-03,C00564,USB-C Hub,3,36.00
ORD-004426,2024-07-03,C00564,Webcam,1,85.50
ORD-004427,2024-07-03,C01215,Bluetooth Speaker,1,110.00
ORD-004427,2024-07-03,C01215,Tablet,1,432.00
ORD-004428,2024-07-03,C00860,Webcam,3,95.00
ORD-004429,2024-07-03,C00852,Webcam,1,95.00
ORD-004430,2024-07-03,C00703,Keyboard,1,80.00
ORD-004431,2024-07-03,C00109,USB-C Hub,1,45.00
ORD-004432,2024-07-03,C00593,Ultrawide Monitor,2,620.00
ORD-004432,2024-07-03,C00593,Router,1,140.00
ORD-004433,2024-07-03,C00829,Monitor,1,285.00
ORD-004434,2024-07-03,C01273,Bluetooth Speaker,1,104.50
ORD-004434,2024-07-03,C01273,Headphones,1,142.50
ORD-004435,2024-07-04,C00055,Mouse,2,25.00
ORD-004436,2024-07-04,C00829,External SSD,1,140.00
ORD-004436,2024-07-04,C00829,Hard Drive,1,85.00
ORD-004436,2024-07-04,C00829,Bluetooth Speaker,1,99.00
ORD-004437,2024-07-04,C01285,Router,1,175.00
ORD-004438,2024-07-04,C01323,Microphone,3,130.00
ORD-004439,2024-07-04,C00881,USB-C Hub,1,45.00
ORD-004439,2024-07-04,C00881,Bluetooth Speaker,1,110.00
ORD-004440,2024-07-04,C01160,Laptop,2,1200.00
ORD-004441,2024-07-04,C01082,USB-C Hub,2,45.00
ORD-004441,2024-07-04,C01082,Mesh Wi-Fi Kit,5,320.00
ORD-004441,2024-07-04,C01082,Headphones,1,150.00
ORD-004442,2024-07-04,C00919,Monitor,3,300.00
ORD-004443,2024-07-04,C00064,USB-C Hub,4,40.50
ORD-004444,2024-07-04,C01358,USB-C Hub,1,42.75
ORD-004445,2024-07-04,C00233,Desktop PC,5,950.00
ORD-004445,2024-07-04,C00233,Webcam,1,95.00
ORD-004445,2024-07-04,C00233,Keyboard,1,80.00
ORD-004446,2024-07-04,C01160,Headphones,1,150.00
ORD-004446,2024-07-04,C01160,USB-C Hub,-1,40.50
ORD-004447,2024-07-04,C00137,Hard Drive,5,80.75
ORD-004447,2024-07-04,C00137,External SSD,1,N/A
ORD-004448,2024-07-04,C01436,Bluetooth Speaker,1,110.00
ORD-004449,2024-07-04,C01451,USB-C Hub,5,45.00
ORD-004450,2024-07-04,C00445,Mouse,1,25.00
ORD-004450,2024-07-04,C00445,Router,2,175.00
ORD-004450,2024-07-04,C00445,Hard Drive,1,85.00
ORD-004451,2024-07-04,C00377,Headphones,1,150.00
ORD-004451,2024-07-04,C00377,Bluetooth Speaker,1,110.00
ORD-004452,2024-07-04,C01395,USB-C Hub,1,45.00
ORD-004453,2024-07-04,C00985,External SSD,4,126.00
ORD-004453,2024-07-04,C00985,Tablet,1,384.00
ORD-004454,2024-07-04,C00752,Microphone,2,123.50
ORD-004454,2024-07-04,C00752,Tablet,2,480.00
ORD-004454,2024-07-04,C00752,Hard Drive,1,80.75
ORD-004455,2024-07-04,C01160,Keyboard,1,72.00
ORD-004456,2024-07-05,C00119,External SSD,1,140.00
ORD-004456,2024-07-05,C00119,Mouse,1,25.00
ORD-004457,2024-07-05,C00808,Ultrawide Monitor,1,496.00
ORD-004457,2024-07-05,C00808,Hard Drive,2,80.75
ORD-004458,2024-07-05,C00760,Microphone,2,130.00
ORD-004459,2024-07-05,C00453,USB-C Hub,2,45.00
ORD-004460,2024-07-05,C00906,Hard Drive,2,85.00
ORD-004461,2024-07-05,C00458,Hard Drive,1,76.50
ORD-004462,2024-07-05,C00565,Keyboard,1,80.00
ORD-004462,2024-07-05,C00565,Hard Drive,1,85.00
ORD-004463,2024-07-05,C01263,Monitor,1,300.00
ORD-004463,2024-07-05,C01263,Mouse,2,25.00
ORD-004464,2024-07-05,C00881,USB-C Hub,1,40.50
ORD-004464,2024-07-05,C00881,Mouse,1,25.00
ORD-004464,2024-07-05,C00881,Monitor,1,300.00
ORD-004465,2024-07-05,C01062,Microphone,1,117.00
ORD-004466,2024-07-05,C00065,Mouse,2,23.75
ORD-004466,2024-07-05,C00065,Webcam,1,95.00
ORD-004466,2024-07-05,C00065,Bluetooth Speaker,1,110.00
ORD-004467,2024-07-05,C00870,Hard Drive,2,85.00
ORD-004467,2024-07-05,C00870,Laptop,1,1200.00
ORD-004468,2024-07-05,C01388,USB-C Hub,1,45.00
ORD-004468,2024-07-05,C01388,External SSD,1,140.00
ORD-004469,2024-07-05,C00723,USB-C Hub,1,45.00
ORD-004469,2024-07-05,C00723,Laptop,2,1140.00
ORD-004470,2024-07-05,C00829,Keyboard,1,80.00
ORD-004471,2024-07-05,C00832,Headphones,1,150.00
ORD-004472,2024-07-05,C00704,Mouse,1,23.75
ORD-004472,2024-07-05,C00704,USB-C Hub,1,45.00
ORD-004473,2024-07-05,C00243,Mesh Wi-Fi Kit,1,320.00
ORD-004474,2024-07-05,C00388,Webcam,2,95.00
ORD-004474,2024-07-05,C00388,External SSD,1,126.00
ORD-004475,2024-07-05,C01465,Laptop,2,1140.00
ORD-004475,not-a-date,C01465,USB-C Hub,1,45.00
ORD-004475,2024-07-05,C01465,Bluetooth Speaker,1,104.50
ORD-004476,2024-07-06,C00923,External SSD,1,133.00
ORD-004477,2024-07-06,C01160,Tablet,1,480.00
ORD-004477,2024-07-06,C01160,Webcam,1,90.25
ORD-004478,2024-07-06,C00887,Monitor,1,300.00
ORD-004479,2024-07-06,C01289,Headphones,2,142.50
ORD-004480,2024-07-06,C00973,External SSD,2,140.00
ORD-004481,2024-07-06,C00238,Webcam,1,95.00
ORD-004482,2024-07-06,C00154,Tablet,3,480.00
ORD-004483,2024-07-06,C01379,Keyboard,3,80.00
ORD-004484,2024-07-06,C01370,Desktop PC,1,950.00
ORD-004485,2024-07-06,C00004,Ultrawide Monitor,2,589.00
ORD-004485,2024-07-06,C00004,Monitor,2,300.00
ORD-004486,2024-07-06,C00521,Ultrawide Monitor,1,620.00
ORD-004487,2024-07-06,C00962,Tablet,1,480.00
ORD-004487,2024-07-06,C00962,Mouse,1,23.75
ORD-004488,2024-07-06,C00858,Hard Drive,1,85.00
ORD-004489,2024-07-06,C00257,USB-C Hub,1,45.00
ORD-004489,2024-07-06,C00257,Headphones,1,150.00
ORD-004490,2024-07-06,C01370,Keyboard,4,80.00
ORD-004490,2024-07-06,C01370,Headphones,1,150.00
ORD-004491,2024-07-06,C00973,Mouse,1,25.00
ORD-004492,2024-07-06,C00159,USB-C Hub,2,42.75
ORD-004492,2024-07-06,C00159,Hard Drive,3,85.00
ORD-004492,2024-07-06,C00159,Tablet,2,480.00
ORD-004493,2024-07-06,C01316,Tablet,3,384.00
ORD-004494,2024-07-06,C00780,Hard Drive,1,85.00
ORD-004494,2024-07-06,C00780,USB-C Hub,1,45.00
ORD-004495,2024-07-06,C01423,External SSD,1,140.00
ORD-004495,2024-07-06,C01423,Headphones,1,150.00
ORD-004496,2024-07-07,C00250,Mouse,5,25.00
ORD-004496,2024-07-07,C00250,Webcam,1,95.00
ORD-004497,2024-07-07,C01441,Keyboard,2,80.00
ORD-004497,2024-07-07,C01441,Hard Drive,3,85.00
ORD-004497,2024-07-07,C01441,Router,2,175.00
ORD-004498,2024-07-07,C01160,Microphone,1,130.00
ORD-004499,2024-07-07,C01357,Microphone,3,130.00
ORD-004499,2024-07-07,C01357,Hard Drive,1,76.50
ORD-004499,2024-07-07,C01357,Laptop,2,1200.00
ORD-004500,2024-07-07,C00130,Mouse,2,25.00
ORD-004500,2024-07-07,C00130,USB-C Hub,1,36.00
ORD-004501,2024-07-07,C01413,Mouse,1,23.75
ORD-004502,2024-07-07,C00494,Keyboard,1,80.00
ORD-004502,2024-07-07,C00494,Hard Drive,1,85.00
ORD-004503,2024-07-07,C01022,Hard Drive,1,85.00
ORD-004504,2024-07-07,C00880,USB-C Hub,1,45.00
ORD-004505,2024-07-07,C00829,Laptop,1,1080.00
ORD-004505,2024-07-07,C00829,Headphones,1,150.00
ORD-004505,2024-07-07,C00829,Mouse,1,25.00
ORD-004506,2024-07-07,C01160,Router,2,157.50
ORD-004507,2024-07-07,C01110,External SSD,1,133.00
ORD-004507,2024-07-07,C01110,Keyboard,1,76.00
ORD-004508,2024-07-07,C00881,Webcam,2,95.00
ORD-004509,2024-07-07,C00379,Hard Drive,1,76.50
ORD-004509,2024-07-07,C00379,Router,1,175.00
ORD-004509,2024-07-07,C00379,Mouse,1,25.00
ORD-004510,2024-07-07,C00618,Mouse,2,22.50
ORD-004510,2024-07-07,C00618,Router,1,140.00
ORD-004510,2024-07-07,C00618,External SSD,1,140.00
ORD-004511,2024-07-07,C00499,USB-C Hub,1,36.00
ORD-004512,2024-07-07,C01342,Bluetooth Speaker,5,110.00
ORD-004513,2024-07-07,C00881,Router,4,175.00
ORD-004514,2024-07-07,C00037,Mouse,2,25.00
ORD-004515,2024-07-07,C00881,Webcam,1,95.00
ORD-004516,2024-07-07,C00703,USB-C Hub,1,45.00
ORD-004517,2024-07-07,C01324,External SSD,1,112.00
ORD-004517,2024-07-07,C01324,USB-C Hub,3,45.00
ORD-004518,2024-07-07,C01273,Hard Drive,1,85.00
ORD-004519,2024-07-07,C01333,Hard Drive,1,80.75
ORD-004520,2024-07-07,C01280,External SSD,2,133.00
ORD-004521,2024-07-07,C01358,Mouse,1,25.00
ORD-004521,2024-07-07,C01358,Headphones,1,150.00
ORD-004522,2024-07-07,C01311,Hard Drive,2,76.50
ORD-004522,2024-07-07,C01311,USB-C Hub,1,45.00
ORD-004523,2024-07-07,C01492,Webcam,1,95.00
ORD-004523,2024-07-07,C01492,Hard Drive,1,80.75
ORD-004523,2024-07-07,C01492,Router,1,166.25
ORD-004524,2024-07-07,C00735,Microphone,1,130.00
ORD-004525,2024-07-08,C00456,Hard Drive,1,85.00
ORD-004526,2024-07-08,C00095,Mouse,2,25.00
ORD-004527,2024-07-08,C00092,Webcam,1,85.50
ORD-004528,2024-07-08,C01124,Tablet,1,432.00
ORD-004528,2024-07-08,C01124,Mouse,2,25.00
ORD-004528,2024-07-08,C01124,External SSD,2,140.00
ORD-004529,2024-07-08,C00829,USB-C Hub,1,45.00
ORD-004529,2024-07-08,C00829,Bluetooth Speaker,1,110.00
ORD-004529,2024-07-08,C00829,Ultrawide Monitor,2,589.00
ORD-004530,2024-07-08,C00703,Mouse,1,25.00
ORD-004530,2024-07-08,C00703,Webcam,5,90.25
ORD-004531,2024-07-08,C00752,Monitor,3,300.00
ORD-004532,2024-07-08,C00703,Mouse,1,25.00
ORD-004532,2024-07-08,C00703,Headphones,2,150.00
ORD-004533,2024-07-08,C00056,USB-C Hub,5,36.00
ORD-004534,2024-07-08,C00218,External SSD,5,140.00
ORD-004534,2024-07-08,C00218,Hard Drive,2,80.75
ORD-004535,2024-07-08,C00137,Mouse,2,22.50
ORD-004536,2024-07-08,C01385,Router,1,157.50
ORD-004537,2024-07-08,C00419,Bluetooth Speaker,1,104.50
ORD-004537,2024-07-08,C00419,Keyboard,4,80.00
ORD-004538,2024-07-08,C00419,Bluetooth Speaker,1,104.50
ORD-004539,2024-07-08,C00703,External SSD,1,140.00
ORD-004540,2024-07-08,C00472,Ultrawide Monitor,3,620.00
ORD-004541,2024-07-08,C01186,Hard Drive,2,85.00
ORD-004542,2024-07-09,C01289,Bluetooth Speaker,4,110.00
ORD-004543,2024-07-09,C00526,Keyboard,2,80.00
ORD-004543,2024-07-09,C00526,Mouse,1,25.00
ORD-004544,2024-07-09,C00021,Mouse,1,25.00
ORD-004545,2024-07-09,C01455,Tablet,1,456.00
ORD-004546,2024-07-09,C01206,Tablet,1,384.00
ORD-004547,2024-07-09,C01231,USB-C Hub,1,45.00
ORD-004548,2024-07-09,C01160,USB-C Hub,1,45.00
ORD-004549,2024-07-09,C00411,USB-C Hub,4,42.75
ORD-004550,2024-07-09,C00419,Mouse,1,25.00
ORD-004551,2024-07-09,C00189,Desktop PC,1,855.00
ORD-004551,2024-07-09,C00189,Hard Drive,1,85.00
ORD-004552,2024-07-09,C00607,External SSD,1,140.00
ORD-004552,2024-07-09,C00607,Mouse,1,23.75
ORD-004553,2024-07-09,C01035,Keyboard,1,76.00
ORD-004553,2024-07-09,C01035,Hard Drive,1,85.00
ORD-004554,2024-07-09,C00179,Mouse,1,23.75
ORD-004555,2024-07-09,C00703,Headphones,1,150.00
ORD-004555,2024-07-09,C00703,Webcam,2,95.00
ORD-004555,2024-07-09,C00703,Mesh Wi-Fi Kit,2,304.00
ORD-004556,2024-07-09,C00427,USB-C Hub,4,45.00
ORD-004556,2024-07-09,C00427,Hard Drive,1,85.00
ORD-004556,2024-07-09,C00427,Laptop,1,1140.00
ORD-004557,2024-07-09,C00638,Mouse,2,25.00
ORD-004558,2024-07-09,C01124,Headphones,5,150.00
ORD-004559,2024-07-09,C01160,Hard Drive,2,76.50
ORD-004559,2024-07-09,C01160,Bluetooth Speaker,1,110.00
ORD-004559,2024-07-09,C01160,Tablet,1,480.00
ORD-004560,2024-07-09,C01436,Keyboard,1,80.00
ORD-004561,2024-07-09,C01123,Keyboard,1,72.00
ORD-004562,2024-07-09,C00290,Webcam,2,95.00
ORD-004563,2024-07-09,C00137,Mouse,5,25.00
ORD-004563,2024-07-09,C00137,Microphone,1,130.00
ORD-004564,2024-07-09,C01441,Bluetooth Speaker,1,110.00
ORD-004565,2024-07-10,C01469,Mesh Wi-Fi Kit,1,320.00
ORD-004565,2024-07-10,C01469,Hard Drive,2,80.75
ORD-004565,2024-07-10,C01469,USB-C Hub,1,42.75
ORD-004566,2024-07-10,C00456,Mesh Wi-Fi Kit,4,320.00
ORD-004566,2024-07-10,C00456,Webcam,2,95.00
ORD-004567,2024-07-10,C01397,Headphones,1,150.00
ORD-004567,2024-13-45,C01397,Microphone,2,130.00
ORD-004568,2024-07-10,C00419,Webcam,1,95.00
ORD-004568,2024-07-10,C00419,Bluetooth Speaker,1,104.50
ORD-004568,2024-07-10,C00419,Desktop PC,3,950.00
ORD-004569,2024-07-10,C00957,External SSD,1,140.00
ORD-004569,2024-07-10,C00957,Bluetooth Speaker,1,110.00
ORD-004570,2024-07-10,C00829,Headphones,1,142.50
ORD-004570,2024-07-10,C00829,Webcam,1,95.00
ORD-004571,2024-07-10,C01181,Headphones,1,150.00
ORD-004571,2024-07-10,C01181,Microphone,1,130.00
ORD-004572,2024-07-10,C00518,Tablet,1,456.00
ORD-004573,2024-07-10,C00645,Bluetooth Speaker,3,110.00
ORD-004574,2024-07-10,C00703,Monitor,1,270.00
ORD-004575,2024-07-10,C00670,USB-C Hub,1,45.00
ORD-004576,2024-07-10,C01133,Mouse,1,22.50
ORD-004576,2024-07-10,C01133,USB-C Hub,2,45.00
ORD-004577,2024-07-10,C00696,Mesh Wi-Fi Kit,1,320.00
ORD-004578,2024-07-10,C00924,Laptop,2,1200.00
ORD-004579,2024-07-11,C01225,Desktop PC,2,855.00
ORD-004580,2024-07-11,C00703,Keyboard,3,80.00
ORD-004580,2024-07-11,C00703,Router,3,175.00
ORD-004581,2024-07-11,C00586,Mouse,2,22.50
ORD-004582,2024-07-11,C00703,Headphones,1,150.00
ORD-004583,2024-07-11,C01113,USB-C Hub,1,45.00
ORD-004584,2024-07-11,C00591,Monitor,1,300.00
ORD-004584,2024-07-11,C00591,Mouse,2,23.75
ORD-004585,2024-07-11,C00966,Laptop,2,1200.00
ORD-004586,2024-07-11,C00196,Mesh Wi-Fi Kit,2,320.00
ORD-004586,2024-07-11,C00196,Microphone,4,130.00
ORD-004587,2024-07-11,C00636,Laptop,1,1200.00
ORD-004587,2024-07-11,C00636,Bluetooth Speaker,1,110.00
ORD-004588,2024-07-11,C00355,Tablet,2,480.00
ORD-004588,2024-07-11,C00355,Headphones,1,120.00
ORD-004589,2024-07-11,C01436,Headphones,3,120.00
ORD-004589,2024-07-11,C01436,Keyboard,1,80.00
ORD-004590,2024-07-11,C00618,Mouse,3,20.00
ORD-004591,2024-07-11,C00703,Headphones,2,135.00
ORD-004592,2024-07-11,C01269,USB-C Hub,2,42.75
ORD-004592,2024-07-11,C01269,Ultrawide Monitor,2,589.00
ORD-004593,2024-07-11,C00424,Hard Drive,1,85.00
ORD-004594,2024-07-11,C00883,Bluetooth Speaker,2,110.00
ORD-004595,2024-07-11,C01485,Mesh Wi-Fi Kit,3,304.00
ORD-004596,2024-07-11,C01160,USB-C Hub,2,45.00
ORD-004597,2024-07-11,C00130,Router,2,157.50
ORD-004598,2024-07-11,C00703,Mesh Wi-Fi Kit,4,320.00
ORD-004598,2024-07-11,C00703,Tablet,2,480.00
ORD-004599,2024-07-11,C00829,Monitor,2,285.00
ORD-004600,2024-07-11,C01370,Router,1,175.00
ORD-004601,2024-07-11,C01409,Mouse,2,25.00
ORD-004602,2024-07-11,C01160,Ultrawide Monitor,1,620.00
ORD-004602,2024-07-11,C01160,Mouse,1,25.00
ORD-004602,2024-07-11,C01160,Mesh Wi-Fi Kit,1,304.00
ORD-004603,2024-07-12,C00871,Desktop PC,2,950.00
ORD-004604,2024-07-12,C00348,Hard Drive,2,85.00
ORD-004604,2024-07-12,C00348,Headphones,1,150.00
ORD-004605,2024-07-12,C00712,Bluetooth Speaker,1,104.50
ORD-004606,2024-07-12,C01414,Ultrawide Monitor,1,496.00
ORD-004606,2024-07-12,C01414,USB-C Hub,5,42.75
ORD-004606,2024-07-12,C01414,Keyboard,3,80.00
ORD-004607,2024-07-12,C00419,Webcam,1,85.50
ORD-004608,2024-07-12,C00703,Keyboard,1,80.00
ORD-004608,2024-07-12,C00703,Headphones,3,150.00
ORD-004609,2024-07-12,C00077,Microphone,1,130.00
ORD-004610,2024-07-12,C00758,Hard Drive,1,85.00
ORD-004610,2024-07-12,C00758,Tablet,3,480.00
ORD-004610,2024-07-12,C00758,Bluetooth Speaker,1,104.50
ORD-004611,2024-07-12,C00348,USB-C Hub,5,40.50
ORD-004611,2024-07-12,C00348,Webcam,2,76.00
ORD-004612,2024-07-12,C00829,Router,1,175.00
ORD-004613,2024-07-12,C00222,Mouse,1,25.00
ORD-004613,2024-07-12,C00222,External SSD,3,126.00
ORD-004614,2024-07-12,C00348,Headphones,1,150.00
ORD-004615,2024-07-12,C01379,USB-C Hub,1,45.00
ORD-004616,2024-07-12,C00642,External SSD,1,133.00
ORD-004617,2024-07-12,C01314,USB-C Hub,2,42.75
ORD-004618,2024-07-13,C01462,Mesh Wi-Fi Kit,1,320.00
ORD-004619,2024-07-13,C00615,Tablet,2,384.00
ORD-004619,2024-07-13,C00615,Mouse,1,25.00
ORD-004620,2024-07-13,C01139,Microphone,4,130.00
ORD-004620,2024-07-13,C01139,Monitor,3,285.00
ORD-004620,2024-07-13,C01139,USB-C Hub,1,45.00
ORD-004621,2024-07-13,C01151,Ultrawide Monitor,2,620.00
ORD-004621,2024-07-13,C01151,Microphone,1,123.50
ORD-004622,2024-07-13,C01160,USB-C Hub,4,36.00
ORD-004623,2024-07-13,C00674,USB-C Hub,1,45.00
ORD-004623,2024-07-13,C00674,External SSD,4,140.00
ORD-004624,2024-07-13,C01321,Headphones,1,150.00
ORD-004625,2024-07-13,C00090,Mouse,1,22.50
ORD-004625,2024-07-13,C00090,USB-C Hub,4,45.00
ORD-004626,2024-07-13,C01160,Keyboard,1,76.00
ORD-004627,2024-07-13,C00829,Hard Drive,1,85.00
ORD-004628,2024-07-13,C01160,Headphones,2,120.00
ORD-004629,2024-07-13,C00154,Ultrawide Monitor,1,589.00
ORD-004629,2024-07-13,C00154,Mouse,1,25.00
ORD-004629,2024-07-13,C00154,Keyboard,2,80.00
ORD-004630,2024-07-13,C00812,Keyboard,1,72.00
ORD-004631,2024-07-13,C00656,Mesh Wi-Fi Kit,1,320.00
ORD-004632,2024-07-13,C00374,Keyboard,1,80.00
ORD-004633,2024-07-13,C00608,USB-C Hub,3,45.00
ORD-004633,2024-07-13,C00608,Monitor,2,285.00
ORD-004634,2024-07-13,C01214,Ultrawide Monitor,1,620.00
ORD-004635,2024-07-13,C01170,USB-C Hub,3,45.00
ORD-004636,2024-07-13,C01160,Mouse,2,22.50
ORD-004636,2024-07-13,C01160,Router,1,175.00
ORD-004637,2024-07-13,C01110,Mouse,2,20.00
ORD-004637,2024-07-13,C01110,Mesh Wi-Fi Kit,1,320.00
ORD-004637,2024-07-13,C01110,Headphones,1,150.00
ORD-004638,2024-07-14,C00703,Webcam,3,95.00
ORD-004639,2024-07-14,C00348,USB-C Hub,2,45.00
ORD-004639,2024-07-14,C00348,Bluetooth Speaker,1,99.00
ORD-004639,2024-07-14,C00348,Monitor,2,300.00
ORD-004640,2024-07-14,C01349,Keyboard,1,72.00
ORD-004640,2024-07-14,C01349,Webcam,2,95.00
ORD-004641,2024-07-14,C00829,Headphones,3,135.00
ORD-004642,2024-07-14,C00010,Bluetooth Speaker,5,110.00
ORD-004642,2024-07-14,C00010,Mouse,1,25.00
ORD-004643,2024-07-14,C00960,Mouse,3,23.75
ORD-004643,2024-07-14,C00960,Microphone,1,123.50
ORD-004644,2024-07-14,C01292,Webcam,1,95.00
ORD-004645,2024-07-14,C00339,Keyboard,1,80.00
ORD-004646,2024-07-14,C00829,Webcam,2,95.00
ORD-004646,2024-07-14,C00829,Router,2,175.00
ORD-004647,2024-07-14,C01306,Mesh Wi-Fi Kit,3,320.00
ORD-004648,2024-07-14,C00810,Headphones,3,150.00
ORD-004649,2024-07-14,C01160,Keyboard,2,72.00
ORD-004649,2024-07-14,C01160,Mesh Wi-Fi Kit,1,320.00
ORD-004650,2024-07-14,C00595,Mouse,2,25.00
ORD-004650,2024-07-14,C00595,Keyboard,4,76.00
ORD-004651,2024-07-14,C00152,Mouse,4,23.75
ORD-004652,2024-07-14,C00344,Hard Drive,1,85.00
ORD-004653,2024-07-14,C00419,Monitor,2,300.00
ORD-004654,2024-07-14,C00633,Keyboard,1,80.00
ORD-004654,2024-07-14,C00633,Laptop,1,960.00
ORD-004655,2024-07-14,C00266,Mouse,1,25.00
ORD-004655,2024-07-14,C00266,Keyboard,2,80.00
ORD-004656,2024-07-14,C00703,External SSD,1,140.00
ORD-004657,2024-07-14,C00250,USB-C Hub,1,45.00
ORD-004658,2024-07-14,C00734,USB-C Hub,1,45.00
ORD-004658,2024-07-14,C00734,Monitor,1,300.00
ORD-004659,2024-07-14,C00758,External SSD,2,133.00
ORD-004659,2024-07-14,C00758,Keyboard,1,80.00
ORD-004659,2024-07-14,C00758,Webcam,1,90.25
ORD-004660,2024-07-14,C00867,Tablet,1,480.00
ORD-004661,2024-07-14,C00344,Webcam,1,95.00
ORD-004662,2024-07-14,C00703,USB-C Hub,1,45.00
ORD-004662,2024-07-14,C00703,External SSD,4,140.00
ORD-004662,2024-07-14,C00703,Webcam,1,95.00
ORD-004663,2024-07-14,C00998,Headphones,1,135.00
ORD-004663,2024-07-14,C00998,Mouse,3,25.00
ORD-004664,2024-07-14,C01379,USB-C Hub,2,40.50
ORD-004664,2024-07-14,C01379,Hard Drive,1,85.00
ORD-004664,2024-07-14,C01379,Keyboard,1,76.00
ORD-004665,2024-07-14,C01452,External SSD,2,133.00
ORD-004665,2024-07-14,C01452,Mouse,1,25.00
ORD-004666,2024-07-14,C01108,Ultrawide Monitor,1,620.00
ORD-004667,2024-07-15,C00776,USB-C Hub,1,40.50
ORD-004668,2024-07-15,C00808,Webcam,3,95.00
ORD-004669,2024-07-15,C01289,Keyboard,4,76.00
ORD-004670,2024-07-15,C01421,Mouse,2,25.00
ORD-004670,2024-07-15,C01421,Hard Drive,1,85.00
ORD-004670,2024-07-15,C01421,Tablet,1,480.00
ORD-004671,2024-07-15,C00394,Mouse,2,25.00
ORD-004672,2024-07-15,C00006,Tablet,4,384.00
ORD-004672,2024-07-15,C00006,Hard Drive,2,85.00
ORD-004673,2024-07-15,C00348,Desktop PC,1,902.50
ORD-004673,2024-07-15,C00348,USB-C Hub,2,45.00
ORD-004673,2024-07-15,C00348,Hard Drive,1,68.00
ORD-004674,2024-07-15,C01106,Mouse,2,25.00
ORD-004675,2024-07-15,C00263,Mouse,2,25.00
ORD-004675,2024-07-15,C00263,Headphones,1,150.00
ORD-004676,2024-07-15,C00776,Headphones,1,150.00
ORD-004677,2024-07-15,,Keyboard,1,80.00
ORD-004678,2024-07-15,C00206,External SSD,1,133.00
ORD-004679,2024-07-15,C00064,Mouse,4,25.00
ORD-004680,2024-07-15,C00829,Keyboard,1,80.00
ORD-004680,2024-07-15,C00829,Mouse,1,22.50
ORD-004680,2024-07-15,C00829,Ultrawide Monitor,3,558.00
ORD-004681,2024-07-15,C01124,Mouse,2,25.00
ORD-004681,2024-07-15,C01124,Hard Drive,4,76.50
ORD-004681,2024-07-15,C01124,Bluetooth Speaker,1,110.00
ORD-004682,2024-07-15,C00472,Monitor,4,300.00
ORD-004682,2024-07-15,C00472,Bluetooth Speaker,1,104.50
ORD-004683,2024-07-15,C00669,Mouse,2,22.50
ORD-004683,not-a-date,C00669,USB-C Hub,1,40.50
ORD-004684,2024-07-15,C00881,Microphone,1,130.00
ORD-004684,2024-07-15,C00881,Router,3,166.25
ORD-004684,2024-07-15,C00881,Hard Drive,1,80.75
ORD-004685,2024-07-16,C00870,Webcam,1,76.00
ORD-004685,2024-07-16,C00870,Headphones,1,150.00
ORD-004686,2024-07-16,C00348,Hard Drive,2,76.50
ORD-004686,2024-07-16,C00348,Bluetooth Speaker,1,110.00
ORD-004687,2024-07-16,C00829,Monitor,1,285.00
ORD-004688,2024-07-16,C00388,Mesh Wi-Fi Kit,2,320.00
ORD-004689,2024-07-16,C00703,Desktop PC,1,950.00
ORD-004690,2024-07-16,C00694,Tablet,3,480.00
ORD-004690,2024-07-16,C00694,Mouse,1,25.00
ORD-004691,2024-07-16,C01046,Ultrawide Monitor,4,620.00
ORD-004692,2024-07-16,C01293,Mouse,1,25.00
ORD-004693,2024-07-17,C01432,Keyboard,3,80.00
ORD-004694,2024-07-17,C00706,Webcam,1,95.00
ORD-004695,2024-07-17,C01407,Bluetooth Speaker,2,110.00
ORD-004695,2024-07-17,C01407,USB-C Hub,2,45.00
ORD-004696,2024-07-17,C00829,Keyboard,4,72.00
ORD-004697,2024-07-17,C00185,Bluetooth Speaker,1,104.50
ORD-004698,2024-07-17,C01368,Ultrawide Monitor,1,558.00
ORD-004698,2024-07-17,C01368,Monitor,2,270.00
ORD-004699,2024-07-17,C01103,Monitor,1,270.00
ORD-004700,2024-07-17,C01486,Headphones,1,150.00
ORD-004701,2024-07-17,C00794,Webcam,3,90.25
ORD-004701,2024-07-17,C00794,USB-C Hub,1,45.00
ORD-004701,2024-07-17,C00794,Microphone,5,130.00
ORD-004702,2024-07-17,C01370,Mouse,1,25.00
ORD-004702,2024-07-17,C01370,Hard Drive,2,85.00
ORD-004703,2024-07-17,C00106,External SSD,1,140.00
ORD-004704,2024-07-17,C00380,Monitor,2,240.00
ORD-004704,2024-07-17,C00380,Laptop,1,1200.00
ORD-004705,2024-07-17,C00957,Bluetooth Speaker,1,104.50
ORD-004706,2024-07-17,C00703,External SSD,3,133.00
ORD-004707,2024-07-17,C00703,Microphone,5,130.00
ORD-004708,2024-07-17,C00661,Hard Drive,1,80.75
ORD-004709,2024-07-17,C00703,Webcam,1,90.25
ORD-004709,2024-07-17,C00703,Headphones,1,150.00
ORD-004710,2024-07-17,C01106,USB-C Hub,1,45.00
ORD-004711,2024-07-18,C00881,USB-C Hub,1,36.00
ORD-004712,2024-07-18,C00676,External SSD,1,140.00
ORD-004713,2024-07-18,C01162,Hard Drive,1,85.00
ORD-004714,2024-07-18,C00829,USB-C Hub,1,45.00
ORD-004715,2024-07-18,C01355,Mouse,1,25.00
ORD-004715,2024-07-18,C01355,Laptop,1,1140.00
ORD-004715,2024-07-18,C01355,Router,3,175.00
ORD-004716,2024-07-18,C00752,Router,1,157.50
ORD-004716,2024-07-18,C00752,Webcam,1,85.50
ORD-004717,2024-07-18,C00419,Router,5,166.25
ORD-004717,2024-07-18,C00419,External SSD,3,140.00
ORD-004718,2024-07-18,C00066,Mouse,1,22.50
ORD-004719,2024-07-18,C00676,Tablet,1,480.00
ORD-004720,2024-07-18,C01313,Headphones,1,135.00
ORD-004720,2024-07-18,C01313,Webcam,1,95.00
ORD-004721,2024-07-18,C00626,Webcam,2,90.25
ORD-004722,2024-07-18,C00437,Microphone,1,130.00
ORD-004723,2024-07-18,C01047,Ultrawide Monitor,1,620.00
ORD-004724,2024-07-18,C00064,USB-C Hub,1,40.50
ORD-004724,2024-07-18,C00064,Desktop PC,1,760.00
ORD-004725,2024-07-18,C00703,Router,2,175.00
ORD-004725,2024-07-18,C00703,External SSD,2,140.00
ORD-004726,2024-07-18,C00829,Mouse,1,25.00
ORD-004727,2024-07-18,C00472,Bluetooth Speaker,1,110.00
ORD-004728,2024-07-18,C01010,USB-C Hub,2,40.50
ORD-004729,2024-07-18,C00829,Tablet,1,480.00
ORD-004730,2024-07-19,C00721,External SSD,1,133.00
ORD-004730,2024-07-19,C00721,Headphones,2,135.00
ORD-004730,2024-07-19,C00721,Microphone,1,123.50
ORD-004731,2024-07-19,C00829,Tablet,4,480.00
ORD-004732,2024-07-19,C01105,Tablet,1,480.00
ORD-004733,2024-07-19,C00064,Mouse,1,25.00
ORD-004734,2024-07-19,C01274,External SSD,2,133.00
ORD-004734,2024-07-19,C01274,Keyboard,1,76.00
ORD-004734,2024-07-19,C01274,Headphones,2,120.00
ORD-004735,2024-07-19,C00103,USB-C Hub,1,45.00
ORD-004736,2024-07-19,C00881,Hard Drive,4,85.00
ORD-004737,2024-07-19,C00577,Mouse,3,25.00
ORD-004737,2024-07-19,C00577,USB-C Hub,1,45.00
ORD-004737,2024-07-19,C00577,Router,1,175.00
ORD-004738,2024-07-19,C00927,Microphone,1,130.00
ORD-004739,2024-07-19,C00196,Ultrawide Monitor,1,496.00
ORD-004739,2024-07-19,C00196,Headphones,4,150.00
ORD-004740,2024-07-19,C01379,External SSD,2,140.00
ORD-004741,2024-07-19,C00610,USB-C Hub,1,45.00
ORD-004742,2024-07-19,C00693,USB-C Hub,1,36.00
ORD-004742,2024-07-19,C00693,Microphone,2,130.00
ORD-004742,2024-07-19,C00693,Keyboard,1,80.00
ORD-004743,2024-07-19,C00566,Mouse,1,23.75
ORD-004744,2024-07-19,C00291,Webcam,1,95.00
ORD-004745,2024-07-19,C00514,Laptop,1,1200.00
ORD-004745,2024-07-19,C00514,Tablet,2,432.00
ORD-004745,2024-07-19,C00514,Headphones,1,150.00
ORD-004746,2024-07-19,C01160,Router,1,175.00
ORD-004747,2024-07-19,C00426,Hard Drive,2,N/A
ORD-004747,2024-07-19,C00426,Headphones,1,135.00
ORD-004748,2024-07-19,C00442,Microphone,1,130.00
ORD-004749,2024-07-19,C00829,Mouse,1,23.75
ORD-004749,2024-07-19,C00829,Headphones,1,150.00
ORD-004750,2024-07-19,C01077,Hard Drive,1,85.00
ORD-004750,2024-07-19,C01077,USB-C Hub,2,45.00
ORD-004751,2024-07-19,C01414,Bluetooth Speaker,1,110.00
ORD-004752,2024-07-19,C01090,Mesh Wi-Fi Kit,2,288.00
ORD-004752,2024-07-19,C01090,USB-C Hub,1,45.00
ORD-004753,2024-07-20,C01447,USB-C Hub,3,45.00
ORD-004753,2024-07-20,C01447,Mouse,1,25.00
ORD-004753,2024-07-20,C01447,Monitor,2,300.00
ORD-004754,2024-07-20,C01151,USB-C Hub,3,45.00
ORD-004754,2024-07-20,C01151,Mouse,1,22.50
ORD-004755,2024-07-20,C00391,Microphone,1,104.00
ORD-004755,2024-07-20,C00391,Tablet,1,480.00
ORD-004756,2024-07-20,C00030,Webcam,2,85.50
ORD-004757,2024-07-20,C01498,Monitor,3,300.00
ORD-004757,2024-07-20,C01498,Bluetooth Speaker,1,110.00
ORD-004758,2024-07-20,C01105,USB-C Hub,3,45.00
ORD-004758,2024-07-20,C01105,Monitor,2,300.00
ORD-004759,2024-07-20,C00442,Mouse,1,25.00
ORD-004760,2024-07-20,C01077,Mouse,1,23.75
ORD-004761,2024-07-20,C00703,Webcam,1,95.00
ORD-004761,2024-07-20,C00703,USB-C Hub,3,45.00
ORD-004762,2024-07-20,C00055,Microphone,1,130.00
ORD-004762,2024-07-20,C00055,Mouse,4,25.00
ORD-004763,2024-07-20,C00082,Mouse,1,25.00
ORD-004764,2024-07-20,C00607,Router,1,175.00
ORD-004765,2024-07-20,C01129,USB-C Hub,3,45.00
ORD-004765,2024-07-20,C01129,Mesh Wi-Fi Kit,1,304.00
ORD-004766,2024-07-20,C00829,Ultrawide Monitor,4,620.00
ORD-004767,2024-07-20,C00411,Tablet,1,480.00
ORD-004768,2024-07-20,C01430,Monitor,1,300.00
ORD-004769,2024-07-20,C00796,Mouse,1,25.00
ORD-004770,2024-07-20,C01160,Mouse,1,25.00
ORD-004770,2024-07-20,C01160,Headphones,2,150.00
ORD-004771,2024-07-20,C00591,Mouse,1,25.00
ORD-004772,2024-07-20,C01137,Microphone,1,104.00
ORD-004773,2024-07-20,C00774,Headphones,3,135.00
ORD-004774,2024-07-20,C00703,USB-C Hub,2,40.50
ORD-004774,2024-07-20,C00703,External SSD,1,140.00
ORD-004775,2024-07-20,C01160,USB-C Hub,3,45.00
ORD-004776,2024-07-20,C01160,Bluetooth Speaker,1,104.50
ORD-004777,2024-07-20,C00751,Mouse,1,23.75
ORD-004777,2024-07-20,C00751,Monitor,1,300.00
ORD-004778,2024-07-20,C00163,Keyboard,1,80.00
ORD-004779,2024-07-21,C00752,Tablet,1,480.00
ORD-004780,2024-07-21,C00433,Keyboard,4,80.00
ORD-004781,2024-07-21,C00375,Desktop PC,1,950.00
ORD-004781,2024-07-21,C00375,Mouse,1,25.00
ORD-004782,2024-07-21,C01160,Microphone,1,130.00
ORD-004783,2024-07-21,C01035,Bluetooth Speaker,2,110.00
ORD-004784,2024-07-21,C00881,Hard Drive,1,80.75
ORD-004785,2024-07-21,C00068,Bluetooth Speaker,1,110.00
ORD-004785,2024-07-21,C00068,Router,1,175.00
ORD-004786,2024-07-21,C00757,Microphone,1,130.00
ORD-004786,2024-07-21,C00757,Hard Drive,3,85.00
ORD-004786,2024-07-21,C00757,USB-C Hub,4,45.00
ORD-004787,2024-07-21,C00829,Keyboard,1,80.00
ORD-004788,2024-07-21,C00319,Mouse,4,25.00
ORD-004789,2024-07-21,C00829,Mesh Wi-Fi Kit,4,320.00
ORD-004790,2024-07-21,C01387,USB-C Hub,1,45.00
ORD-004790,2024-07-21,C01387,External SSD,1,140.00
ORD-004791,2024-07-21,C00276,Laptop,1,1200.00
ORD-004791,2024-07-21,C00276,Webcam,3,90.25
ORD-004792,2024-07-21,C00939,External SSD,1,140.00
ORD-004792,2024-07-21,C00939,Webcam,4,95.00
ORD-004793,2024-07-21,C01152,Desktop PC,4,902.50
ORD-004794,2024-07-21,C01367,Bluetooth Speaker,1,110.00
ORD-004794,2024-07-21,C01367,Monitor,4,300.00
ORD-004795,2024-07-21,C01280,Mouse,1,25.00
ORD-004796,2024-07-21,C01160,Hard Drive,4,85.00
ORD-004796,2024-07-21,C01160,USB-C Hub,1,45.00
ORD-004797,2024-07-21,C00583,Monitor,2,300.00
ORD-004798,2024-07-21,C00365,Mouse,1,23.75
ORD-004799,2024-07-21,C00064,USB-C Hub,1,42.75
ORD-004799,2024-07-21,C00064,Laptop,2,1200.00
ORD-004800,2024-07-21,C00103,USB-C Hub,1,45.00
ORD-004801,2024-07-21,C00577,Hard Drive,4,85.00
ORD-004802,2024-07-21,C00703,Mouse,1,25.00
ORD-004803,2024-07-21,C00137,Mouse,1,23.75
ORD-004803,2024-07-21,C00137,Desktop PC,3,855.00
ORD-004804,2024-07-21,C00543,Mesh Wi-Fi Kit,4,304.00
ORD-004805,2024-07-21,C00049,Mouse,1,25.00
ORD-004806,2024-07-21,C01124,External SSD,5,140.00
ORD-004807,2024-07-22,C00607,Bluetooth Speaker,1,110.00
ORD-004807,2024-07-22,C00607,Monitor,4,300.00
ORD-004807,2024-07-22,C00607,External SSD,1,112.00
ORD-004808,2024-07-22,C00361,Keyboard,1,80.00
ORD-004809,2024-07-22,C00658,Mesh Wi-Fi Kit,1,320.00
ORD-004809,2024-07-22,C00658,Keyboard,1,80.00
ORD-004810,2024-07-22,C00117,External SSD,2,140.00
ORD-004811,2024-07-22,C00154,Bluetooth Speaker,1,110.00
ORD-004811,2024-07-22,C00154,External SSD,1,126.00
ORD-004812,2024-07-22,C00244,Mesh Wi-Fi Kit,1,320.00
ORD-004813,2024-07-22,C01492,Ultrawide Monitor,1,620.00
ORD-004814,2024-07-22,C00703,USB-C Hub,1,45.00
ORD-004815,2024-07-22,C00780,Webcam,1,95.00
ORD-004815,2024-07-22,C00780,Router,2,166.25
ORD-004815,2024-07-22,C00780,Mesh Wi-Fi Kit,1,304.00
ORD-004816,2024-07-22,C01350,Bluetooth Speaker,1,99.00
ORD-004817,2024-07-22,C00829,Router,1,175.00
ORD-004817,2024-07-22,C00829,Webcam,1,95.00
ORD-004818,2024-07-22,C00727,Monitor,1,300.00
ORD-004819,2024-07-22,C01291,USB-C Hub,3,42.75
ORD-004820,2024-07-22,C00998,Ultrawide Monitor,2,620.00
ORD-004821,2024-07-22,C00520,Keyboard,1,80.00
ORD-004822,2024-07-22,C00615,USB-C Hub,1,45.00
ORD-004823,2024-07-23,C00957,Ultrawide Monitor,1,620.00
ORD-004824,2024-07-23,C00618,Mesh Wi-Fi Kit,1,320.00
ORD-004825,2024-07-23,C00184,Mouse,1,25.00
ORD-004825,2024-07-23,C00184,Microphone,1,123.50
ORD-004826,2024-07-23,C00064,Mesh Wi-Fi Kit,1,320.00
ORD-004826,2024-07-23,C00064,Mouse,2,25.00
ORD-004827,2024-07-23,C00881,Keyboard,2,80.00
ORD-004828,2024-07-23,C00829,Mouse,1,23.75
ORD-004829,2024-07-23,C01289,External SSD,1,140.00
ORD-004830,2024-07-23,C01436,Monitor,1,240.00
ORD-004831,2024-07-23,C01046,Hard Drive,1,68.00
ORD-004832,2024-07-23,C00295,Keyboard,2,80.00
ORD-004833,2024-07-23,C00285,Microphone,1,123.50
ORD-004833,2024-07-23,C00285,Mouse,1,20.00
ORD-004833,2024-07-23,C00285,Webcam,1,95.00
ORD-004834,2024-07-24,C00274,USB-C Hub,1,45.00
ORD-004835,2024-07-24,C00458,Keyboard,4,80.00
ORD-004836,2024-07-24,C00338,Router,1,166.25
ORD-004837,2024-07-24,C01289,Microphone,5,130.00
ORD-004837,2024-07-24,C01289,Headphones,3,150.00
ORD-004838,2024-07-24,C00227,Mesh Wi-Fi Kit,0,320.00
ORD-004838,2024-07-24,C00227,Laptop,2,1140.00
ORD-004839,2024-07-24,C01461,Bluetooth Speaker,1,110.00
ORD-004840,2024-07-24,C00405,Bluetooth Speaker,2,110.00
ORD-004840,2024-07-24,C00405,Headphones,1,150.00
ORD-004841,2024-07-24,C00829,External SSD,4,133.00
ORD-004841,2024-07-24,C00829,Webcam,1,95.00
ORD-004842,2024-07-24,C01341,Microphone,1,130.00
ORD-004843,2024-07-24,C01258,Desktop PC,3,950.00
ORD-004844,2024-07-24,C00600,Keyboard,1,80.00
ORD-004844,2024-07-24,C00600,USB-C Hub,1,45.00
ORD-004845,2024-07-24,C00196,USB-C Hub,1,45.00
ORD-004846,2024-07-24,C00703,Headphones,1,142.50
ORD-004846,2024-07-24,C00703,Router,1,175.00
ORD-004846,2024-07-24,C00703,USB-C Hub,3,42.75
ORD-004847,2024-07-24,C01050,Headphones,1,142.50
ORD-004848,2024-07-24,C00346,Mouse,4,22.50
ORD-004848,2024-07-24,C00346,Tablet,5,480.00
ORD-004849,2024-07-24,C01239,Microphone,2,117.00
ORD-004850,2024-07-24,C00593,Webcam,1,95.00
ORD-004851,2024-07-24,C00703,Monitor,1,270.00
ORD-004852,2024-07-25,C00881,Mesh Wi-Fi Kit,1,320.00
ORD-004853,2024-07-25,C00881,External SSD,-1,140.00
ORD-004854,2024-07-25,C00008,Mouse,1,25.00
ORD-004854,2024-07-25,C00008,Bluetooth Speaker,3,110.00
ORD-004855,2024-07-25,C00829,USB-C Hub,1,36.00
ORD-004856,2024-07-25,C00339,USB-C Hub,2,45.00
ORD-004856,2024-07-25,C00339,Mesh Wi-Fi Kit,1,320.00
ORD-004857,2024-07-25,C01339,Laptop,1,1200.00
ORD-004858,2024-07-25,C00499,Mouse,1,22.50
ORD-004859,2024-07-25,C00584,Microphone,1,123.50
ORD-004860,2024-07-25,C01485,Mouse,5,25.00
ORD-004861,2024-07-25,C01206,USB-C Hub,1,45.00
ORD-004861,2024-07-25,C01206,Mouse,2,22.50
ORD-004862,2024-07-25,C00703,Keyboard,1,64.00
ORD-004862,2024-07-25,C00703,Tablet,1,480.00
ORD-004862,2024-07-25,C00703,Mouse,1,20.00
ORD-004863,2024-07-25,C00966,Bluetooth Speaker,1,110.00
ORD-004863,2024-07-25,C00966,Monitor,3,285.00
ORD-004864,2024-07-25,C00346,Ultrawide Monitor,1,620.00
ORD-004865,2024-07-25,C01485,Tablet,4,480.00
ORD-004866,2024-07-25,C00640,Webcam,3,95.00
ORD-004866,2024-07-25,C00640,Headphones,1,150.00
ORD-004867,2024-07-25,C01160,Mouse,1,25.00
ORD-004868,2024-07-25,C01195,USB-C Hub,5,45.00
ORD-004869,2024-07-25,C00517,Hard Drive,1,76.50
ORD-004870,2024-07-25,C00829,Desktop PC,1,950.00
ORD-004870,2024-07-25,C00829,Mesh Wi-Fi Kit,1,320.00
ORD-004871,2024-07-25,C00224,Router,1,175.00
ORD-004872,2024-07-26,C00703,Headphones,1,150.00
ORD-004873,2024-07-26,C00985,External SSD,1,140.00
ORD-004874,2024-07-26,C00339,Router,5,166.25
ORD-004875,2024-07-26,C01124,Mouse,5,22.50
ORD-004875,2024-07-26,C01124,Headphones,2,142.50
ORD-004875,2024-07-26,C01124,Webcam,1,85.50
ORD-004876,2024-07-26,C00740,Headphones,1,150.00
ORD-004876,2024-07-26,C00740,USB-C Hub,2,40.50
ORD-004877,2024-07-26,C00855,Monitor,1,300.00
ORD-004878,2024-07-26,C00307,Mouse,2,25.00
ORD-004879,2024-07-26,C00829,Mesh Wi-Fi Kit,3,320.00
ORD-004880,2024-07-26,C00365,Mouse,4,20.00
ORD-004881,2024-07-26,C00703,Keyboard,1,80.00
ORD-004881,2024-07-26,C00703,Headphones,1,150.00
ORD-004882,2024-07-26,C00703,Keyboard,1,80.00
ORD-004883,2024-07-26,C00295,Ultrawide Monitor,1,620.00
ORD-004884,2024-07-26,C00829,Ultrawide Monitor,1,620.00
ORD-004885,2024-07-26,C01193,Monitor,1,285.00
ORD-004886,2024-07-26,C00445,Mesh Wi-Fi Kit,1,320.00
ORD-004887,2024-07-26,C00703,Keyboard,1,64.00
ORD-004888,2024-07-26,C00994,Keyboard,2,80.00
ORD-004888,2024-07-26,C00994,Ultrawide Monitor,1,620.00
ORD-004889,2024-07-26,C00055,Webcam,2,95.00
ORD-004890,2024-07-26,C01414,USB-C Hub,2,40.50
ORD-004890,2024-07-26,C01414,Mouse,2,25.00
ORD-004890,2024-07-26,C01414,Tablet,2,480.00
ORD-004891,2024-07-26,C00698,Mesh Wi-Fi Kit,1,320.00
ORD-004891,2024-07-26,C00698,Mouse,1,23.75
ORD-004892,2024-07-26,C01462,Mouse,1,25.00
ORD-004892,2024-07-26,C01462,Monitor,1,300.00
ORD-004893,2024-07-26,C00829,Mouse,1,25.00
ORD-004894,2024-07-26,C01069,USB-C Hub,4,36.00
ORD-004895,2024-07-27,C00137,Mouse,1,25.00
ORD-004895,2024-07-27,C00137,Microphone,1,117.00
ORD-004896,2024-07-27,C00608,Mouse,2,25.00
ORD-004896,2024-07-27,C00608,Tablet,1,480.00
ORD-004897,2024-07-27,C00777,Mouse,1,25.00
ORD-004898,2024-07-27,C01080,Webcam,1,95.00
ORD-004898,2024-07-27,C01080,Mouse,1,25.00
ORD-004899,2024-07-27,C00703,Router,1,175.00
ORD-004900,2024-07-27,C00680,External SSD,1,140.00
ORD-004900,2024-07-27,C00680,USB-C Hub,1,45.00
ORD-004901,2024-07-27,C00693,Bluetooth Speaker,1,88.00
ORD-004902,2024-07-27,C00962,Mouse,3,25.00
ORD-004902,2024-07-27,C00962,Webcam,4,95.00
ORD-004902,2024-07-27,C00962,Microphone,3,130.00
ORD-004903,2024-07-27,C00405,Monitor,1,300.00
ORD-004904,2024-07-27,C00295,USB-C Hub,0,45.00
ORD-004904,2024-07-27,C00295,Mouse,1,23.75
ORD-004905,2024-07-27,C01168,Mouse,2,25.00
ORD-004905,2024-07-27,C01168,Ultrawide Monitor,1,558.00
ORD-004906,2024-07-27,C00757,USB-C Hub,2,40.50
ORD-004907,2024-07-27,C01437,Bluetooth Speaker,2,99.00
ORD-004908,2024-07-27,C01432,Ultrawide Monitor,3,620.00
ORD-004909,2024-07-27,C00107,USB-C Hub,1,42.75
ORD-004909,2024-07-27,C00107,Bluetooth Speaker,2,110.00
ORD-004910,2024-07-27,C01419,Keyboard,1,72.00
ORD-004911,2024-07-27,C00023,External SSD,2,112.00
ORD-004911,2024-07-27,C00023,Mouse,1,25.00
ORD-004912,2024-07-27,C01260,Headphones,2,150.00
ORD-004912,2024-07-27,C01260,Webcam,3,95.00
ORD-004913,2024-07-27,C00395,Tablet,1,456.00
ORD-004914,2024-07-27,C00694,Headphones,1,135.00
ORD-004915,2024-07-27,C00361,USB-C Hub,3,45.00
ORD-004915,2024-07-27,C00361,Headphones,1,135.00
ORD-004916,2024-07-28,C00055,Mouse,1,25.00
ORD-004917,2024-07-28,C00829,Keyboard,1,64.00
ORD-004918,2024-07-28,C01405,Tablet,5,480.00
ORD-004919,2024-07-28,C01206,Monitor,1,300.00
ORD-004920,2024-07-28,C00522,Bluetooth Speaker,1,110.00
ORD-004920,2024-07-28,C00522,External SSD,-1,133.00
ORD-004920,2024-07-28,C00522,USB-C Hub,1,45.00
ORD-004921,2024-07-28,C00625,Keyboard,2,72.00
ORD-004922,2024-07-28,C01225,Headphones,1,150.00
ORD-004922,2024-07-28,C01225,Mouse,3,23.75
ORD-004923,2024-07-28,C00776,Keyboard,1,80.00
ORD-004924,2024-07-28,C01379,Router,1,175.00
ORD-004925,2024-07-28,C00241,USB-C Hub,1,45.00
ORD-004926,2024-07-28,C00502,Mouse,2,23.75
ORD-004927,2024-07-28,C00331,Ultrawide Monitor,2,620.00
ORD-004927,2024-07-28,C00331,External SSD,2,140.00
ORD-004928,2024-07-28,C01075,Ultrawide Monitor,1,589.00
ORD-004929,2024-07-28,C00899,Keyboard,1,76.00
ORD-004930,2024-07-28,C00152,Hard Drive,1,85.00
ORD-004931,2024-07-28,C00829,Monitor,1,300.00
ORD-004932,2024-07-28,C01339,External SSD,1,133.00
ORD-004932,2024-07-28,C01339,Laptop,4,1140.00
ORD-004933,2024-07-28,C00617,Mouse,1,25.00
ORD-004933,2024-07-28,C00617,Hard Drive,1,76.50
ORD-004934,2024-07-28,C00752,Headphones,1,150.00
ORD-004935,2024-07-28,C00703,Router,0,166.25
ORD-004936,2024-07-28,C00396,Keyboard,1,80.00
ORD-004936,2024-07-28,C00396,Router,1,175.00
ORD-004936,2024-07-28,C00396,Mesh Wi-Fi Kit,0,320.00
ORD-004937,2024-07-28,C00989,Mouse,1,25.00
ORD-004938,2024-07-28,C01019,  Hard Drive ,3,85.00
ORD-004938,2024-07-28,C01019,Microphone,2,130.00
ORD-004939,2024-07-28,C00137,Monitor,1,300.00
ORD-004939,2024-07-28,C00137,Desktop PC,2,950.00
ORD-004940,2024-07-28,C00829,External SSD,1,112.00
ORD-004940,2024-07-28,C00829,USB-C Hub,1,45.00
ORD-004941,2024-07-29,C01156,USB-C Hub,3,45.00
ORD-004942,2024-07-29,C01219,Mouse,3,25.00
ORD-004943,2024-07-29,C00344,Mouse,2,25.00
ORD-004943,2024-07-29,C00344,Keyboard,1,76.00
ORD-004944,2024-07-29,C01056,Keyboard,1,76.00
ORD-004945,2024-07-29,C01322,Microphone,1,123.50
ORD-004945,2024-07-29,C01322,Headphones,1,150.00
ORD-004946,2024-07-29,C00881,Keyboard,2,72.00
ORD-004946,2024-07-29,C00881,Headphones,4,150.00
ORD-004947,2024-07-29,C01160,Webcam,3,95.00
ORD-004947,2024-07-29,C01160,USB-C Hub,2,45.00
ORD-004948,2024-07-29,C01285,Keyboard,2,80.00
ORD-004949,2024-07-29,C00419,Mouse,1,25.00
ORD-004950,2024-07-29,C00341,Webcam,1,85.50
ORD-004950,2024-07-29,C00341,USB-C Hub,1,45.00
ORD-004951,2024-07-29,C00349,Bluetooth Speaker,2,99.00
ORD-004951,2024-07-29,C00349,Headphones,2,150.00
ORD-004952,2024-07-29,C00870,Webcam,2,95.00
ORD-004952,2024-07-29,C00870,Router,2,175.00
ORD-004953,2024-07-29,C00693,USB-C Hub,1,45.00
ORD-004954,2024-07-29,C00944,Hard Drive,3,85.00
ORD-004954,2024-07-29,C00944,Mouse,1,20.00
ORD-004955,2024-07-29,C00134,USB-C Hub,1,42.75
ORD-004956,2024-07-30,C00989,Desktop PC,1,950.00
ORD-004957,2024-07-30,C00499,Mouse,3,22.50
ORD-004958,2024-07-30,C00814,Headphones,2,135.00
ORD-004958,2024-07-30,C00814,Monitor,1,240.00
ORD-004958,2024-07-30,C00814,USB-C Hub,2,40.50
ORD-004959,2024-07-30,C01169,Mouse,1,25.00
ORD-004959,2024-07-30,C01169,Bluetooth Speaker,1,110.00
ORD-004959,2024-07-30,C01169,Hard Drive,1,85.00
ORD-004960,2024-07-30,C01434,Mesh Wi-Fi Kit,1,320.00
ORD-004961,2024-07-30,C01372,Tablet,1,480.00
ORD-004961,2024-07-30,C01372,Hard Drive,2,80.75
ORD-004962,2024-07-30,C00929,Mouse,1,25.00
ORD-004963,2024-07-30,C00137,Hard Drive,1,80.75
ORD-004963,2024-07-30,C00137,Mesh Wi-Fi Kit,4,320.00
ORD-004964,2024-07-30,C00137,Mouse,4,25.00
ORD-004965,2024-07-30,C00743,Bluetooth Speaker,1,99.00
ORD-004966,2024-07-30,C00880,Router,4,157.50
ORD-004966,2024-07-30,C00880,Webcam,1,95.00
ORD-004966,2024-07-30,C00880,Monitor,2,300.00
ORD-004967,2024-07-30,C00539,External SSD,5,140.00
ORD-004968,2024-07-30,C00703,Router,1,175.00
ORD-004969,2024-07-30,C00703,USB-C Hub,5,36.00
ORD-004970,2024-07-30,C00077,USB-C Hub,1,36.00
ORD-004971,2024-07-30,C00636,Mesh Wi-Fi Kit,1,320.00
ORD-004972,2024-07-30,C00060,Webcam,1,95.00
ORD-004972,2024-07-30,C00060,USB-C Hub,3,45.00
ORD-004973,2024-07-30,C01080,Mouse,1,25.00
ORD-004974,2024-07-30,C01206,Bluetooth Speaker,4,110.00
ORD-004975,2024-07-30,C01124,Keyboard,1,80.00
ORD-004976,2024-07-30,C00693,Keyboard,1,80.00
ORD-004976,2024-07-30,C00693,Microphone,1,130.00
ORD-004976,2024-07-30,C00693,Mouse,2,20.00
ORD-004977,2024-07-30,C00241,Mesh Wi-Fi Kit,1,320.00
ORD-004978,2024-07-30,C01207,Keyboard,1,80.00
ORD-004979,2024-07-30,C00829,Hard Drive,1,85.00
ORD-004980,2024-07-30,C00829,Router,1,175.00
ORD-004981,2024-07-31,C01160,Mouse,2,23.75
ORD-004982,2024-07-31,C00618,USB-C Hub,2,40.50
ORD-004983,2024-07-31,C00829,Mouse,1,25.00
ORD-004983,2024-07-31,C00829,Webcam,1,95.00
ORD-004984,2024-07-31,C00846,Hard Drive,1,76.50
ORD-004984,2024-07-31,C00846,Monitor,1,285.00
ORD-004985,2024-07-31,C00703,USB-C Hub,1,42.75
ORD-004985,2024-07-31,C00703,Desktop PC,1,950.00
ORD-004985,2024-07-31,C00703,Headphones,1,150.00
ORD-004986,2024-07-31,C01221,Headphones,1,120.00
ORD-004987,2024-07-31,C00703,Ultrawide Monitor,2,620.00
ORD-004987,2024-07-31,C00703,Headphones,3,150.00
ORD-004987,2024-07-31,C00703,Mouse,1,25.00
ORD-004988,2024-07-31,C00424,Mouse,1,25.00
ORD-004988,2024-07-31,C00424,Keyboard,1,72.00
ORD-004989,2024-07-31,C00328,Keyboard,4,76.00
ORD-004990,2024-07-31,C00829,External SSD,2,140.00
ORD-004990,2024-07-31,C00829,Keyboard,3,64.00
ORD-004991,2024-07-31,C00859,External SSD,4,140.00
ORD-004992,2024-07-31,C01043,Headphones,1,150.00
ORD-004993,2024-07-31,C00881,Microphone,1,130.00
ORD-004993,2024-07-31,C00881,Desktop PC,2,950.00
ORD-004994,2024-07-31,C00762,External SSD,1,140.00
ORD-004995,2024-07-31,C01160,Keyboard,1,80.00
ORD-004996,2024-07-31,C00752,Tablet,1,480.00
ORD-004996,2024-07-31,C00752,Router,5,166.25
ORD-004996,2024-07-31,C00752,Keyboard,4,80.00
ORD-004997,2024-07-31,C01095,Bluetooth Speaker,1,104.50
ORD-004997,2024-07-31,C01095,Router,2,175.00
ORD-004997,2024-07-31,C01095,Microphone,1,130.00
ORD-004998,2024-07-31,C01235,Router,1,175.00
ORD-004998,2024-07-31,C01235,Mouse,1,20.00
ORD-004999,2024-07-31,C01353,Mouse,2,23.75
ORD-005000,2024-07-31,C00808,USB-C Hub,1,42.75
ORD-005001,2024-07-31,C00103,USB-C Hub,2,42.75
ORD-005002,2024-07-31,C01481,USB-C Hub,1,40.50
ORD-005002,2024-07-31,C01481,Headphones,1,150.00
ORD-005003,2024-07-31,C01414,Desktop PC,2,950.00
ORD-005004,2024-08-01,C00571,Headphones,1,150.00
ORD-005005,2024-08-01,C00290,Webcam,1,95.00
ORD-005005,2024-08-01,C00290,Bluetooth Speaker,1,104.50
ORD-005006,2024-08-01,C00355,Hard Drive,1,85.00
ORD-005006,2024-08-01,C00355,Microphone,1,130.00
ORD-005006,2024-08-01,C00355,Headphones,1,142.50
ORD-005007,2024-08-01,C01300,Mouse,2,25.00
ORD-005008,2024-08-01,C00064,Microphone,1,130.00
ORD-005009,2024-08-01,C00921,USB-C Hub,1,45.00
ORD-005009,2024-08-01,C00921,Microphone,1,104.00
ORD-005009,2024-08-01,C00921,Keyboard,1,72.00
ORD-005010,2024-08-01,C00757,Mouse,1,25.00
ORD-005011,2024-08-01,C01124,Mesh Wi-Fi Kit,1,304.00
ORD-005011,2024-08-01,C01124,Monitor,1,300.00
ORD-005012,2024-08-01,C01379,USB-C Hub,1,45.00
ORD-005013,2024-08-01,C00222,Headphones,1,150.00
ORD-005013,2024-08-01,C00222,Monitor,1,300.00
ORD-005014,2024-08-01,C00261,Mouse,2,25.00
ORD-005015,2024-08-01,C00499,Bluetooth Speaker,5,110.00
ORD-005016,2024-08-01,C00998,USB-C Hub,1,45.00
ORD-005017,2024-08-01,C00143,Router,4,175.00
ORD-005017,2024-08-01,C00143,Mesh Wi-Fi Kit,1,304.00
ORD-005018,not-a-date,C01351,USB-C Hub,1,45.00
ORD-005018,2024-08-01,C01351,External SSD,1,112.00
ORD-005018,2024-08-01,C01351,Headphones,1,150.00
ORD-005019,2024-08-01,C00694,Tablet,1,432.00
ORD-005020,2024-08-01,C01436,USB-C Hub,5,45.00
ORD-005020,2024-08-01,C01436,Webcam,3,95.00
ORD-005021,2024-08-01,C01462,Router,1,166.25
ORD-005022,2024-08-01,C01409,Webcam,2,95.00
ORD-005023,2024-08-01,C01160,Mouse,1,25.00
ORD-005024,2024-08-01,C00829,Desktop PC,4,950.00
ORD-005024,2024-08-01,C00829,Monitor,1,300.00
ORD-005025,2024-08-01,C00055,Microphone,2,130.00
ORD-005026,2024-08-01,C00456,Headphones,1,150.00
ORD-005027,2024-08-01,C00290,Headphones,1,150.00
ORD-005027,2024-08-01,C00290,Webcam,2,90.25
ORD-005028,2024-08-01,C00348,Webcam,2,95.00
ORD-005028,2024-08-01,C00348,USB-C Hub,1,45.00
ORD-005029,2024-08-02,C01379,External SSD,1,140.00
ORD-005029,2024-08-02,C01379,Keyboard,3,80.00
ORD-005029,2024-08-02,C01379,Headphones,1,150.00
ORD-005030,2024-08-02,C00315,Microphone,2,130.00
ORD-005031,2024-08-02,C00348,Mouse,5,25.00
ORD-005032,2024-08-02,C01110,Mesh Wi-Fi Kit,1,320.00
ORD-005033,2024-08-02,C01345,Microphone,3,130.00
ORD-005033,2024-08-02,C01345,Keyboard,3,80.00
ORD-005034,2024-08-02,C01160,Mouse,1,25.00
ORD-005034,2024-08-02,C01160,Monitor,1,300.00
ORD-005034,2024-08-02,C01160,USB-C Hub,1,45.00
ORD-005035,2024-08-02,C00557,USB-C Hub,1,45.00
ORD-005035,2024-08-02,C00557,Webcam,5,N/A
ORD-005036,2024-08-02,C00259,Hard Drive,1,80.75
ORD-005037,2024-08-02,C00903,Keyboard,4,80.00
ORD-005037,2024-08-02,C00903,Bluetooth Speaker,2,88.00
ORD-005037,2024-08-02,C00903,External SSD,2,140.00
ORD-005038,2024-08-02,C00903,Mouse,1,25.00
ORD-005039,2024-08-02,C01124,Mouse,1,25.00
ORD-005039,2024-08-02,C01124,Headphones,1,150.00
ORD-005040,2024-08-02,C00137,Mesh Wi-Fi Kit,2,256.00
ORD-005041,2024-08-02,C00829,Webcam,1,95.00
ORD-005041,2024-08-02,C00829,Mouse,2,20.00
ORD-005042,2024-08-02,C00989,Headphones,1,142.50
ORD-005042,2024-08-02,C00989,Bluetooth Speaker,1,110.00
ORD-005043,2024-08-02,C00188,Hard Drive,4,85.00
ORD-005043,2024-08-02,C00188,Mouse,1,22.50
ORD-005044,2024-08-02,C01298,Mouse,2,23.75
ORD-005044,2024-08-02,C01298,Router,3,140.00
ORD-005045,2024-08-02,C00137,Hard Drive,1,85.00
ORD-005046,2024-08-02,C01246,Keyboard,1,80.00
ORD-005046,2024-08-02,C01246,Hard Drive,3,76.50
ORD-005047,2024-08-02,C00699,Webcam,1,76.00
ORD-005047,2024-08-02,C00699,Mouse,1,25.00
ORD-005048,2024-08-02,C00758,Webcam,3,95.00
ORD-005049,2024-08-02,C01160,USB-C Hub,2,45.00
ORD-005050,2024-08-02,C01289,Mouse,1,25.00
ORD-005050,2024-08-02,C01289,Microphone,1,130.00
ORD-005051,2024-08-02,C00777,Bluetooth Speaker,1,110.00
ORD-005052,2024-08-02,C00471,USB-C Hub,1,45.00
ORD-005053,2024-08-02,C01153,External SSD,2,140.00
ORD-005054,2024-08-02,C00375,Keyboard,1,80.00
ORD-005054,2024-08-02,C00375,Mesh Wi-Fi Kit,1,320.00
ORD-005054,2024-08-02,C00375,Microphone,1,130.00
ORD-005055,2024-08-02,C00733,Monitor,1,285.00
ORD-005055,2024-08-02,C00733,Bluetooth Speaker,1,104.50
ORD-005056,2024-08-02,C00703,Bluetooth Speaker,1,110.00
ORD-005056,2024-08-02,C00703,USB-C Hub,5,45.00
ORD-005057,2024-08-02,C01176,Webcam,2,95.00
ORD-005058,2024-08-02,C00348,Bluetooth Speaker,2,110.00
ORD-005058,2024-08-02,C00348,Tablet,1,456.00
ORD-005059,2024-08-02,C00339,Webcam,1,95.00
ORD-005060,2024-08-03,C01160,External SSD,1,126.00
ORD-005061,2024-08-03,C01349,Hard Drive,1,76.50
ORD-005061,2024-08-03,C01349,Mouse,5,25.00
ORD-005062,2024-08-03,C01409,USB-C Hub,1,36.00
ORD-005063,2024-08-03,C00757,Webcam,2,95.00
ORD-005064,2024-08-03,C00703,Monitor,2,300.00
ORD-005064,2024-08-03,C00703,External SSD,2,133.00
ORD-005065,2024-08-03,C00300,Monitor,1,285.00
ORD-005065,2024-08-03,C00300,Tablet,4,480.00
ORD-005066,2024-08-03,C00395,Headphones,1,150.00
ORD-005066,2024-08-03,C00395,Webcam,3,90.25
ORD-005067,2024-08-03,C00649,USB-C Hub,1,45.00
ORD-005067,2024-08-03,C00649,Microphone,1,130.00
ORD-005068,2024-08-03,C00391,Mesh Wi-Fi Kit,1,320.00
ORD-005069,2024-08-03,C00279,Mouse,1,22.50
ORD-005070,2024-08-03,C01422,Hard Drive,1,85.00
ORD-005071,2024-08-03,C01289,Headphones,1,142.50
ORD-005072,2024-08-03,C00196,Bluetooth Speaker,1,104.50
ORD-005072,2024-08-03,C00196,Hard Drive,3,85.00
ORD-005072,2024-08-03,C00196,External SSD,2,133.00
ORD-005073,2024-08-03,C01289,Mouse,2,25.00
ORD-005074,2024-08-03,C00703,Headphones,1,150.00
ORD-005075,2024-08-03,C00453,Webcam,1,95.00
ORD-005076,2024-08-03,C00673,Keyboard,1,80.00
ORD-005076,2024-08-03,C00673,Mouse,1,23.75
ORD-005076,2024-08-03,C00673,External SSD,1,112.00
ORD-005077,2024-08-03,C01151,Hard Drive,1,85.00
ORD-005077,2024-08-03,C01151,Keyboard,1,76.00
ORD-005077,2024-08-03,C01151,USB-C Hub,2,45.00
ORD-005078,2024-08-03,C00463,Ultrawide Monitor,2,620.00
ORD-005078,2024-08-03,C00463,Headphones,2,150.00
ORD-005079,2024-08-03,C00829,Bluetooth Speaker,1,104.50
ORD-005080,2024-08-03,C00966,Bluetooth Speaker,2,99.00
ORD-005081,2024-08-03,C00335,USB-C Hub,2,45.00
ORD-005082,2024-08-03,C01053,Monitor,1,300.00
ORD-005082,2024-08-03,C01053,Microphone,1,130.00
ORD-005083,2024-08-03,C00703,Keyboard,1,80.00
ORD-005083,2024-08-03,C00703,Webcam,2,95.00
ORD-005084,2024-08-03,C00808,USB-C Hub,1,45.00
ORD-005085,2024-08-03,C00829,External SSD,1,140.00
ORD-005085,2024-08-03,C00829,Mouse,1,23.75
ORD-005086,2024-08-03,C00263,Ultrawide Monitor,1,620.00
ORD-005086,2024-08-03,C00263,Mesh Wi-Fi Kit,1,288.00
ORD-005086,2024-08-03,C00263,Headphones,1,150.00
ORD-005087,2024-08-03,C00058,Keyboard,1,76.00
ORD-005087,2024-08-03,C00058,Headphones,1,150.00
ORD-005088,2024-08-03,C01160,Headphones,2,142.50
ORD-005089,2024-08-03,C00103,Hard Drive,2,76.50
ORD-005090,2024-08-03,C00214,Mesh Wi-Fi Kit,3,320.00
ORD-005091,2024-08-03,C00703,Tablet,3,480.00
ORD-005091,2024-08-03,C00703,Laptop,2,1200.00
ORD-005092,2024-08-03,C01491,Hard Drive,1,85.00
ORD-005093,2024-08-03,C00732,Microphone,2,123.50
ORD-005093,2024-08-03,C00732,Monitor,0,300.00
ORD-005093,2024-08-03,C00732,Router,2,175.00
ORD-005094,2024-08-03,C00250,USB-C Hub,3,45.00
ORD-005095,2024-08-03,C00703,Tablet,1,480.00
ORD-005096,2024-08-03,C00290,Webcam,1,85.50
ORD-005097,2024-08-03,C00309,Desktop PC,2,902.50
ORD-005097,2024-08-03,C00309,Bluetooth Speaker,1,110.00
ORD-005098,2024-08-03,C01487,Microphone,2,130.00
ORD-005098,2024-08-03,C01487,Keyboard,4,80.00
ORD-005099,2024-08-03,C01418,Keyboard,1,80.00
ORD-005100,2024-08-03,,USB-C Hub,1,45.00
ORD-005100,2024-08-03,C00703,Keyboard,4,80.00
ORD-005101,2024-08-03,C00187,Mouse,1,25.00
ORD-005101,2024-08-03,C00187,Microphone,2,130.00
ORD-005102,2024-08-03,C00339,USB-C Hub,1,45.00
ORD-005103,2024-08-04,C00184,Mouse,1,25.00
ORD-005103,2024-08-04,C00184,Keyboard,2,64.00
ORD-005104,2024-08-04,C01160,Mouse,3,25.00
ORD-005104,2024-08-04,C01160,Mesh Wi-Fi Kit,2,320.00
ORD-005105,2024-08-04,C01461,Hard Drive,1,85.00
ORD-005105,2024-08-04,C01461,External SSD,1,140.00
ORD-005106,2024-08-04,C00732,Hard Drive,1,80.75
ORD-005107,2024-08-04,C00928,Hard Drive,1,85.00
ORD-005107,2024-08-04,C00928,Mouse,3,23.75
ORD-005108,2024-08-04,C00141,Monitor,1,300.00
ORD-005109,2024-08-04,C01160,USB-C Hub,2,42.75
ORD-005110,2024-08-04,C00565,Bluetooth Speaker,2,110.00
ORD-005110,2024-08-04,C00565,Keyboard,1,80.00
ORD-005111,2024-08-04,C00703,Microphone,1,123.50
ORD-005111,2024-08-04,C00703,External SSD,1,112.00
ORD-005111,2024-08-04,C00703,Mouse,4,25.00
ORD-005112,2024-08-04,C01409,Keyboard,1,80.00
ORD-005113,2024-08-04,C00567,USB-C Hub,1,45.00
ORD-005114,2024-08-04,C00829,Mesh Wi-Fi Kit,3,320.00
ORD-005115,2024-08-04,C01499,Bluetooth Speaker,1,110.00
ORD-005116,2024-08-04,C00348,Router,1,175.00
ORD-005117,2024-08-04,C01077,USB-C Hub,1,45.00
ORD-005118,2024-08-04,C00137,USB-C Hub,1,45.00
ORD-005119,2024-08-04,C00703,USB-C Hub,2,45.00
ORD-005120,2024-08-04,C00616,Webcam,0,95.00
ORD-005121,2024-08-04,C01044,USB-C Hub,2,45.00
ORD-005122,2024-08-04,C01466,Mouse,1,25.00
ORD-005122,2024-08-04,C01466,Tablet,1,432.00
ORD-005123,2024-08-04,C01462,Laptop,1,1200.00
ORD-005124,2024-08-04,C00419,USB-C Hub,5,45.00
ORD-005125,2024-08-04,C01200,Mouse,1,25.00
ORD-005125,2024-08-04,C01200,Tablet,1,480.00
ORD-005126,2024-08-04,C00829,USB-C Hub,1,42.75
ORD-005127,2024-08-04,C00419,Microphone,3,130.00
ORD-005128,2024-08-04,C00438,Headphones,1,150.00
ORD-005129,2024-08-04,C00132,Mouse,1,25.00
ORD-005130,2024-08-04,C01160,Mouse,3,25.00
ORD-005130,2024-08-04,C01160,Mesh Wi-Fi Kit,1,256.00
ORD-005131,2024-08-04,C00130,Webcam,1,95.00
ORD-005131,2024-08-04,C00130,Keyboard,4,80.00
ORD-005131,2024-08-04,C00130,Hard Drive,3,85.00
ORD-005132,2024-08-04,C00346,USB-C Hub,1,45.00
ORD-005132,2024-08-04,C00346,Mouse,2,25.00
ORD-005133,2024-08-04,C00488,Hard Drive,1,80.75
ORD-005133,2024-08-04,C00488,Bluetooth Speaker,2,99.00
ORD-005134,2024-08-04,C00577,Bluetooth Speaker,1,110.00
ORD-005134,2024-08-04,C00577,Microphone,5,117.00
ORD-005135,2024-08-04,C00618,Mouse,1,23.75
ORD-005136,2024-08-04,C01414,Mouse,1,25.00
ORD-005137,2024-08-04,C00829,USB-C Hub,1,45.00
ORD-005137,2024-08-04,C00829,Mouse,2,25.00
ORD-005138,2024-08-04,C00236,Desktop PC,1,950.00
ORD-005138,2024-08-04,C00236,Mouse,1,22.50
ORD-005139,2024-08-04,,Mouse,1,25.00
ORD-005139,2024-08-04,C00703,Headphones,1,142.50
ORD-005139,2024-08-04,C00703,Microphone,1,130.00
ORD-005140,2024-08-05,C00073,Hard Drive,2,68.00
ORD-005140,2024-08-05,C00073,Keyboard,2,80.00
ORD-005141,2024-08-05,C01142,Headphones,1,150.00
ORD-005142,2024-08-05,C00022,USB-C Hub,2,42.75
ORD-005143,2024-08-05,C00829,Headphones,3,150.00
ORD-005144,2024-08-05,C00703,Ultrawide Monitor,1,620.00
ORD-005144,2024-08-05,C00703,Microphone,1,130.00
ORD-005145,2024-08-05,C00514,Mouse,1,25.00
ORD-005146,2024-08-05,C00049,Webcam,1,95.00
ORD-005147,2024-08-05,C00348,Desktop PC,2,950.00
ORD-005148,2024-08-05,C00872,Mouse,1,25.00
ORD-005149,2024-08-05,C00984,Desktop PC,4,855.00
ORD-005149,2024-08-05,C00984,Microphone,3,130.00
ORD-005150,2024-08-05,C00339,Webcam,1,95.00
ORD-005151,2024-08-05,C00346,Headphones,1,150.00
ORD-005151,2024-08-05,C00346,USB-C Hub,1,45.00
ORD-005152,2024-08-05,C01471,Bluetooth Speaker,2,110.00
ORD-005153,2024-08-05,C00921,Keyboard,1,64.00
ORD-005153,2024-08-05,C00921,Mouse,1,25.00
ORD-005154,2024-08-05,C00738,Bluetooth Speaker,2,99.00
ORD-005154,2024-08-05,C00738,Keyboard,2,80.00
ORD-005154,2024-08-05,C00738,Hard Drive,3,80.75
ORD-005155,2024-08-05,C00927,Keyboard,1,80.00
ORD-005156,2024-08-05,C01091,Monitor,1,300.00
ORD-005156,2024-08-05,C01091,Webcam,1,90.25
ORD-005156,2024-08-05,C01091,Microphone,2,130.00
ORD-005157,2024-08-05,C01019,Keyboard,1,80.00
ORD-005158,2024-08-05,C00360,USB-C Hub,1,42.75
ORD-005158,2024-08-05,C00360,Hard Drive,1,85.00
ORD-005159,2024-08-05,C01144,Mouse,1,23.75
ORD-005160,2024-08-05,C00732,Mouse,-1,23.75
ORD-005161,2024-08-06,C00797,Monitor,1,300.00
ORD-005161,2024-08-06,C00797,Webcam,1,90.25
ORD-005162,2024-08-06,C00675,Microphone,3,130.00
ORD-005163,2024-08-06,C00121,External SSD,1,140.00
ORD-005164,2024-08-06,C00647,Headphones,1,150.00
ORD-005165,2024-08-06,C01130,External SSD,4,133.00
ORD-005166,2024-08-06,C01160,Router,1,166.25
ORD-005166,2024-08-06,C01160,Hard Drive,2,80.75
ORD-005167,2024-08-06,C01429,Mouse,1,25.00
ORD-005167,2024-08-06,C01429,Keyboard,1,80.00
ORD-005168,2024-08-06,C00419,External SSD,1,140.00
ORD-005169,2024-08-06,C00829,Bluetooth Speaker,1,104.50
ORD-005170,2024-08-06,C01216,Monitor,1,300.00
ORD-005170,2024-08-06,C01216,Keyboard,4,80.00
ORD-005171,2024-08-06,C00419,USB-C Hub,1,36.00
ORD-005171,2024-08-06,C00419,Bluetooth Speaker,1,110.00
ORD-005171,2024-08-06,C00419,Hard Drive,1,85.00
ORD-005172,2024-08-06,C01044,Hard Drive,1,80.75
ORD-005173,2024-08-06,C00703,Laptop,1,1200.00
ORD-005173,2024-08-06,C00703,Webcam,1,95.00
ORD-005174,2024-08-06,C00655,Headphones,1,150.00
ORD-005174,2024-08-06,C00655,Mouse,1,25.00
ORD-005175,2024-08-06,C01160,Hard Drive,1,85.00
ORD-005176,2024-08-06,C01248,USB-C Hub,2,45.00
ORD-005176,2024-08-06,C01248,Monitor,1,300.00
ORD-005177,2024-08-06,C00757,USB-C Hub,3,40.50
ORD-005177,2024-08-06,C00757,Mouse,1,25.00
ORD-005178,2024-08-07,C00419,External SSD,3,140.00
ORD-005178,2024-08-07,C00419,USB-C Hub,4,45.00
ORD-005179,2024-08-07,C00829,Ultrawide Monitor,2,496.00
ORD-005179,2024-08-07,C00829,Mouse,1,25.00
ORD-005180,2024-08-07,C00166,Tablet,2,480.00
ORD-005180,2024-08-07,C00166,Webcam,5,95.00
ORD-005181,2024-08-07,C01160,USB-C Hub,4,45.00
ORD-005181,2024-08-07,C01160,Mouse,3,25.00
ORD-005181,2024-08-07,C01160,Mesh Wi-Fi Kit,2,304.00
ORD-005182,2024-08-07,C01160,Mouse,5,25.00
ORD-005183,2024-08-07,C00711,Mouse,3,23.75
ORD-005184,2024-08-07,C01370,Bluetooth Speaker,2,110.00
ORD-005185,2024-08-07,C01173,USB-C Hub,1,45.00
ORD-005186,2024-08-07,C00514,Mouse,1,25.00
ORD-005187,2024-08-07,C00829,Webcam,2,95.00
ORD-005187,2024-08-07,C00829,Bluetooth Speaker,2,88.00
ORD-005187,2024-08-07,C00829,Mesh Wi-Fi Kit,1,320.00
ORD-005188,2024-08-07,C00516,Bluetooth Speaker,1,110.00
ORD-005188,2024-08-07,C00516,Ultrawide Monitor,1,620.00
ORD-005189,2024-08-07,C00419,Monitor,1,300.00
ORD-005190,2024-08-07,C00829,Keyboard,1,76.00
ORD-005190,2024-08-07,C00829,Router,1,166.25
ORD-005191,2024-08-07,C00860,Desktop PC,1,950.00
ORD-005191,2024-08-07,C00860,Headphones,4,150.00
ORD-005192,2024-08-07,C00829,Mouse,5,25.00
ORD-005192,2024-08-07,C00829,External SSD,3,140.00
ORD-005193,2024-08-07,C00206,Mouse,1,20.00
ORD-005194,2024-08-07,C01124,Hard Drive,1,80.75
ORD-005194,2024-08-07,C01124,Mesh Wi-Fi Kit,1,304.00
ORD-005195,2024-08-08,C00912,External SSD,3,140.00
ORD-005196,2024-08-08,C00703,Monitor,1,285.00
ORD-005196,2024-08-08,C00703,Router,2,175.00
ORD-005197,2024-08-08,C00829,Hard Drive,2,85.00
ORD-005198,2024-08-08,C00714,Mouse,3,20.00
ORD-005198,2024-08-08,C00714,Keyboard,2,72.00
ORD-005199,2024-08-08,C00137,Webcam,1,95.00
ORD-005199,2024-08-08,C00137,Mouse,1,25.00
ORD-005200,2024-08-08,C01048,Mouse,1,23.75
ORD-005200,2024-08-08,C01048,Monitor,1,300.00
ORD-005200,2024-08-08,C01048,Keyboard,2,76.00
ORD-005201,2024-08-08,C00419,USB-C Hub,4,45.00
ORD-005201,2024-08-08,C00419,Keyboard,3,80.00
ORD-005201,2024-08-08,C00419,Headphones,2,142.50
ORD-005202,2024-08-08,C00353,Hard Drive,5,85.00
ORD-005203,2024-08-08,C00790,Mesh Wi-Fi Kit,1,304.00
ORD-005204,2024-08-08,C01177,USB-C Hub,5,45.00
ORD-005205,2024-08-08,C01379,Webcam,1,95.00
ORD-005205,2024-08-08,C01379,Microphone,1,123.50
ORD-005206,2024-08-08,C00102,External SSD,4,140.00
ORD-005206,2024-08-08,C00102,Webcam,3,95.00
ORD-005207,2024-08-08,C00829,Tablet,2,480.00
ORD-005208,2024-08-08,C00829,Keyboard,1,76.00
ORD-005209,2024-08-08,C00184,Mouse,1,25.00
ORD-005209,2024-08-08,C00184,External SSD,2,126.00
ORD-005209,2024-08-08,C00184,Laptop,2,1200.00
ORD-005210,2024-08-08,C01160,USB-C Hub,1,45.00
ORD-005211,2024-08-08,C01160,Hard Drive,2,80.75
ORD-005211,2024-08-08,C01160,External SSD,2,126.00
ORD-005212,2024-08-08,C01178,Mouse,1,23.75
ORD-005212,2024-08-08,C01178,USB-C Hub,1,45.00
ORD-005213,2024-08-08,C00419,Mouse,2,23.75
ORD-005214,2024-08-08,C00458,Mouse,2,25.00
ORD-005215,2024-08-08,C00832,USB-C Hub,4,36.00
ORD-005216,2024-08-08,C01124,Desktop PC,1,950.00
ORD-005217,2024-08-08,C00966,Router,5,166.25
ORD-005218,2024-08-08,C01261,Bluetooth Speaker,1,104.50
ORD-005219,2024-08-08,C00022,Webcam,1,95.00
ORD-005220,2024-08-08,C00703,Hard Drive,4,80.75
ORD-005220,2024-08-08,C00703,Keyboard,1,80.00
ORD-005221,2024-08-08,C00023,Hard Drive,1,80.75
ORD-005221,2024-08-08,C00023,Laptop,1,1140.00
ORD-005222,2024-08-08,C00642,Headphones,4,150.00
ORD-005222,2024-08-08,C00642,Desktop PC,1,950.00
ORD-005222,2024-08-08,C00642,External SSD,1,140.00
ORD-005223,2024-08-08,C00829,Microphone,2,130.00
ORD-005224,2024-08-08,C00067,Microphone,3,130.00
ORD-005224,2024-08-08,C00067,External SSD,5,140.00
ORD-005225,2024-08-08,C00055,Headphones,1,150.00
ORD-005225,2024-08-08,C00055,Mesh Wi-Fi Kit,1,288.00
ORD-005226,2024-08-08,C01028,Router,1,175.00
ORD-005227,2024-08-08,C01167,Monitor,1,285.00
ORD-005228,2024-08-08,C00348,Mouse,3,20.00
ORD-005229,2024-08-08,C01289,Hard Drive,4,85.00
ORD-005229,2024-08-08,C01289,Mouse,5,25.00
ORD-005230,2024-08-08,C01261,USB-C Hub,3,N/A
ORD-005231,2024-08-08,C01379,Tablet,1,480.00
ORD-005232,2024-08-09,C00819,Mouse,1,23.75
ORD-005232,2024-08-09,C00819,Microphone,1,130.00
ORD-005232,2024-08-09,C00819,Hard Drive,1,85.00
ORD-005233,2024-08-09,C00829,Mouse,1,25.00
ORD-005233,2024-08-09,C00829,Bluetooth Speaker,1,110.00
ORD-005234,2024-08-09,C00752,Mouse,1,25.00
ORD-005234,2024-08-09,C00752,Ultrawide Monitor,0,589.00
ORD-005235,2024-08-09,C00958,Mouse,2,25.00
ORD-005235,2024-08-09,C00958,Monitor,2,285.00
ORD-005236,2024-08-09,C00927,External SSD,1,140.00
ORD-005236,2024-08-09,C00927,Router,1,175.00
ORD-005237,2024-08-09,C00600,USB-C Hub,2,45.00
ORD-005237,2024-08-09,C00600,Desktop PC,1,950.00
ORD-005238,2024-08-09,C00829,Monitor,2,300.00
ORD-005238,2024-08-09,C00829,Mouse,1,25.00
ORD-005238,2024-08-09,C00829,Tablet,1,432.00
ORD-005239,2024-08-09,C00829,USB-C Hub,3,40.50
ORD-005239,2024-08-09,C00829,Keyboard,2,80.00
ORD-005239,2024-08-09,C00829,Ultrawide Monitor,1,620.00
ORD-005240,2024-08-09,C01357,Keyboard,3,80.00
ORD-005241,2024-08-09,C01190,External SSD,1,140.00
ORD-005241,2024-08-09,C01190,Mesh Wi-Fi Kit,1,288.00
ORD-005242,2024-08-09,C00752,Mesh Wi-Fi Kit,3,320.00
ORD-005242,2024-08-09,C00752,Webcam,1,95.00
ORD-005243,2024-08-09,C00137,Mouse,2,25.00
ORD-005244,2024-08-09,C00339,Headphones,4,150.00
ORD-005245,2024-08-09,C00445,Mouse,5,25.00
ORD-005245,2024-08-09,C00445,Mesh Wi-Fi Kit,2,320.00
ORD-005246,2024-08-09,C00137,Mouse,1,23.75
ORD-005247,2024-08-09,C00881,Monitor,1,300.00
ORD-005248,2024-08-09,C00703,Monitor,1,300.00
ORD-005248,2024-08-09,C00703,Bluetooth Speaker,2,104.50
ORD-005248,2024-08-09,C00703,Tablet,1,480.00
ORD-005249,2024-08-09,C00438,Mouse,1,25.00
ORD-005249,2024-08-09,C00438,USB-C Hub,4,45.00
ORD-005250,2024-08-09,C01434,Router,1,166.25
ORD-005251,2024-08-09,C00829,External SSD,2,126.00
ORD-005252,2024-08-09,C00881,USB-C Hub,2,42.75
ORD-005252,2024-08-09,C00881,Headphones,1,N/A
ORD-005253,2024-08-09,C00703,Webcam,1,85.50
ORD-005253,2024-08-09,C00703,Router,1,166.25
ORD-005254,2024-08-09,C00832,USB-C Hub,1,45.00
ORD-005255,2024-08-09,C01151,Laptop,1,1080.00
ORD-005256,2024-08-09,C00437,Mouse,1,23.75
ORD-005257,2024-08-09,C01484,Mouse,1,25.00
ORD-005258,2024-08-10,C00007,Monitor,3,285.00
ORD-005259,2024-08-10,C00703,Headphones,1,150.00
ORD-005260,2024-08-10,C01424,Monitor,1,300.00
ORD-005261,2024-08-10,C01271,Mouse,3,25.00
ORD-005262,2024-08-10,C00703,Keyboard,5,80.00
ORD-005263,2024-08-10,C00752,Router,1,140.00
ORD-005264,2024-08-10,C00565,Laptop,1,1140.00
ORD-005264,2024-08-10,C00565,Mouse,2,25.00
ORD-005264,2024-08-10,C00565,Webcam,1,90.25
ORD-005265,2024-08-10,C00293,Mouse,3,25.00
ORD-005265,2024-08-10,C00293,Bluetooth Speaker,1,110.00
ORD-005266,2024-08-10,C00348,Headphones,3,150.00
ORD-005267,2024-08-10,C00881,External SSD,2,140.00
ORD-005268,2024-08-10,C00829,Bluetooth Speaker,1,88.00
ORD-005269,2024-08-10,C00881,Webcam,1,95.00
ORD-005270,2024-08-10,C00419,Mouse,1,25.00
ORD-005270,2024-08-10,C00419,USB-C Hub,1,45.00
ORD-005271,2024-08-10,C00766,Bluetooth Speaker,1,110.00
ORD-005271,2024-08-10,C00766,Keyboard,1,80.00
ORD-005272,2024-08-10,C00743,USB-C Hub,4,45.00
ORD-005273,2024-08-10,C01286,Bluetooth Speaker,2,110.00
ORD-005273,2024-08-10,C01286,Mesh Wi-Fi Kit,1,320.00
ORD-005273,2024-08-10,C01286,Keyboard,5,80.00
ORD-005274,2024-08-10,C00808,Desktop PC,2,950.00
ORD-005275,2024-08-10,C00751,Hard Drive,2,85.00
ORD-005276,2024-08-10,C01160,Mesh Wi-Fi Kit,1,320.00
ORD-005276,2024-08-10,C01160,Hard Drive,2,68.00
ORD-005277,2024-08-10,C00703,Bluetooth Speaker,3,110.00
ORD-005277,2024-08-10,C00703,Mouse,4,23.75
ORD-005278,2024-08-10,C01160,Webcam,1,95.00
ORD-005279,2024-08-10,C01160,USB-C Hub,2,40.50
ORD-005280,2024-08-10,C00458,Webcam,3,95.00
ORD-005281,2024-08-10,C00816,Bluetooth Speaker,3,110.00
ORD-005282,2024-08-10,C00062,Webcam,1,95.00
ORD-005283,2024-08-10,C00699,Keyboard,1,80.00
ORD-005283,2024-08-10,C00699,Mouse,1,25.00
ORD-005284,2024-08-10,C00137,Webcam,1,95.00
ORD-005284,2024-08-10,C00137,Hard Drive,1,85.00
ORD-005284,2024-08-10,C00137,Microphone,1,130.00
ORD-005285,2024-08-10,C00453,Mouse,1,25.00
ORD-005286,2024-08-10,C01160,Headphones,1,142.50
ORD-005287,2024-08-10,C00571,Mouse,1,25.00
ORD-005288,2024-08-10,C00871,Router,1,157.50
ORD-005289,2024-08-10,C01104,Microphone,1,123.50
ORD-005290,2024-08-11,C00685,Mouse,3,25.00
ORD-005291,2024-08-11,C00703,USB-C Hub,1,45.00
ORD-005292,2024-08-11,C00062,Desktop PC,3,950.00
ORD-005292,2024-08-11,C00062,Webcam,2,85.50
ORD-005293,2024-08-11,C01160,Microphone,2,123.50
ORD-005294,2024-08-11,C01160,Mouse,1,23.75
ORD-005295,2024-08-11,C00243,Mesh Wi-Fi Kit,1,320.00
ORD-005295,2024-08-11,C00243,Mouse,1,25.00
ORD-005295,2024-08-11,C00243,Laptop,1,1140.00
ORD-005296,2024-08-11,C00015,Tablet,1,480.00
ORD-005296,2024-08-11,C00015,Hard Drive,1,85.00
ORD-005297,2024-08-11,C00061,Hard Drive,5,85.00
ORD-005297,2024-08-11,C00061,Router,1,166.25
ORD-005297,2024-08-11,C00061,Bluetooth Speaker,1,104.50
ORD-005298,2024-08-11,C00961,Router,1,157.50
ORD-005298,2024-08-11,C00961,External SSD,2,140.00
ORD-005299,2024-08-11,C00829,Headphones,1,150.00
ORD-005300,2024-08-11,C01080,Keyboard,1,80.00
ORD-005300,2024-08-11,C01080,External SSD,4,133.00
ORD-005301,2024-08-11,C00552,Hard Drive,2,85.00
ORD-005301,2024-08-11,C00552,Keyboard,2,80.00
ORD-005302,2024-08-11,C00703,Webcam,1,95.00
ORD-005303,2024-08-11,C01249,USB-C Hub,1,45.00
ORD-005303,2024-08-11,C01249,Microphone,1,130.00
ORD-005304,2024-08-11,C00304,Hard Drive,2,85.00
ORD-005304,2024-08-11,C00304,Mouse,1,23.75
ORD-005305,2024-08-11,C01176,Monitor,1,300.00
ORD-005305,2024-08-11,C01176,Keyboard,2,76.00
ORD-005305,2024-08-11,C01176,Microphone,2,130.00
ORD-005306,2024-08-11,C00759,Hard Drive,2,85.00
ORD-005306,2024-08-11,C00759,External SSD,1,133.00
ORD-005307,2024-08-11,C00591,USB-C Hub,1,45.00
ORD-005308,2024-08-11,C00197,Headphones,2,150.00
ORD-005309,2024-08-11,C01085,External SSD,2,133.00
ORD-005310,2024-08-11,C01160,  Headphones ,1,142.50
ORD-005311,2024-08-11,C00425,Webcam,2,85.50
ORD-005312,2024-08-11,C00077,External SSD,1,140.00
ORD-005313,2024-08-11,C00158,Webcam,2,90.25
ORD-005313,2024-08-11,C00158,Ultrawide Monitor,1,620.00
ORD-005313,2024-08-11,C00158,Monitor,1,270.00
ORD-005314,2024-08-11,C00693,Keyboard,1,72.00
ORD-005315,2024-08-11,C00113,Keyboard,4,80.00
ORD-005316,2024-08-11,C00271,Webcam,4,85.50
ORD-005317,2024-08-11,C01414,Microphone,1,130.00
ORD-005318,2024-08-11,C00962,Bluetooth Speaker,1,110.00
ORD-005318,2024-08-11,C00962,Keyboard,1,80.00
ORD-005319,2024-08-11,C01013,Laptop,1,1200.00
ORD-005320,2024-08-11,C00498,External SSD,1,140.00
ORD-005320,2024-08-11,C00498,Tablet,2,480.00
ORD-005321,2024-08-11,C01440,External SSD,2,140.00
ORD-005322,2024-08-11,C00829,External SSD,5,140.00
ORD-005323,2024-08-11,C00626,Hard Drive,1,85.00
ORD-005323,2024-08-11,C00626,USB-C Hub,1,45.00
ORD-005323,2024-08-11,C00626,Router,1,175.00
ORD-005324,2024-08-11,C00963,Monitor,1,300.00
ORD-005325,2024-08-11,C00829,Router,2,175.00
ORD-005326,2024-08-12,C00592,Microphone,4,130.00
ORD-005326,2024-08-12,C00592,Mesh Wi-Fi Kit,4,288.00
ORD-005327,2024-08-12,C00829,Headphones,5,135.00
ORD-005328,2024-08-12,C01403,External SSD,2,140.00
ORD-005329,2024-08-12,C00703,Webcam,1,95.00
ORD-005330,2024-08-12,C00966,Bluetooth Speaker,1,110.00
ORD-005331,2024-08-12,C00419,Hard Drive,2,80.75
ORD-005332,2024-08-12,C01037,Hard Drive,3,85.00
ORD-005332,2024-08-12,C01037,USB-C Hub,4,45.00
ORD-005333,2024-08-12,C01295,Router,2,175.00
ORD-005334,2024-08-12,C00975,USB-C Hub,1,45.00
ORD-005334,2024-08-12,C00975,Mouse,1,25.00
ORD-005335,2024-08-12,C00881,Monitor,3,300.00
ORD-005336,2024-08-12,C01124,USB-C Hub,1,45.00
ORD-005337,2024-08-12,C01175,Monitor,3,300.00
ORD-005338,2024-08-12,C00664,Hard Drive,1,85.00
ORD-005338,2024-08-12,C00664,Webcam,2,85.50
ORD-005339,2024-08-12,C01417,Laptop,4,1200.00
ORD-005340,2024-08-12,C00064,Mouse,1,25.00
ORD-005340,2024-08-12,C00064,Webcam,1,85.50
ORD-005341,2024-08-12,C01151,Mouse,1,25.00
ORD-005342,2024-08-12,C00829,Tablet,2,432.00
ORD-005343,2024-08-12,C01418,USB-C Hub,1,45.00
ORD-005343,2024-08-12,C01418,Router,1,175.00
ORD-005344,2024-08-12,C01218,Ultrawide Monitor,3,589.00
ORD-005345,2024-08-12,C01370,Mouse,1,25.00
ORD-005345,2024-08-12,C01370,USB-C Hub,3,40.50
ORD-005346,2024-08-12,C00488,Router,1,175.00
ORD-005347,2024-08-12,C00379,Mouse,1,23.75
ORD-005348,2024-08-12,C00703,Mouse,1,25.00
ORD-005349,2024-08-12,C00703,Router,2,175.00
ORD-005350,2024-08-12,C01335,Ultrawide Monitor,3,620.00
ORD-005351,2024-08-12,C00829,Desktop PC,1,950.00
ORD-005352,2024-08-13,C01029,Mouse,3,23.75
ORD-005353,2024-08-13,C00676,Hard Drive,1,85.00
ORD-005353,2024-08-13,C00676,Mouse,1,25.00
ORD-005354,2024-08-13,C01175,Bluetooth Speaker,2,99.00
ORD-005354,2024-08-13,C01175,Hard Drive,4,76.50
ORD-005355,2024-08-13,C00476,Mesh Wi-Fi Kit,1,320.00
ORD-005355,2024-08-13,C00476,Mouse,1,25.00
ORD-005355,2024-08-13,C00476,Bluetooth Speaker,1,110.00
ORD-005356,2024-08-13,C00243,Router,1,175.00
ORD-005356,2024-08-13,C00243,Laptop,1,1200.00
ORD-005357,2024-08-13,C00514,Mouse,4,25.00
ORD-005357,2024-08-13,C00514,External SSD,1,140.00
ORD-005358,2024-08-13,C00196,Router,1,175.00
ORD-005359,2024-08-13,C01160,Bluetooth Speaker,3,110.00
ORD-005360,2024-08-13,C01289,Ultrawide Monitor,2,589.00
ORD-005361,2024-08-13,C00870,Ultrawide Monitor,1,589.00
ORD-005362,2024-08-13,C00829,Mouse,1,23.75
ORD-005363,2024-08-13,C00752,USB-C Hub,2,40.50
ORD-005363,2024-08-13,C00752,External SSD,1,140.00
ORD-005364,2024-08-13,C00703,Mouse,1,25.00
ORD-005365,2024-08-13,C00694,Monitor,4,285.00
ORD-005366,2024-08-13,C00870,Keyboard,2,80.00
ORD-005366,2024-08-13,C00870,External SSD,1,133.00
ORD-005366,2024-08-13,C00870,Webcam,2,95.00
ORD-005367,2024-08-13,C00829,Desktop PC,1,950.00
ORD-005368,2024-08-13,C00748,External SSD,1,133.00
ORD-005369,2024-08-13,C00363,Router,4,175.00
ORD-005369,2024-08-13,C00363,Mesh Wi-Fi Kit,1,320.00
ORD-005370,2024-08-13,C00078,Keyboard,1,80.00
ORD-005371,2024-08-13,C00818,Microphone,1,130.00
ORD-005371,2024-08-13,C00818,Mouse,1,25.00
ORD-005372,2024-08-13,C01160,Keyboard,1,76.00
ORD-005372,2024-08-13,C01160,Laptop,1,1140.00
ORD-005372,2024-08-13,C01160,Monitor,2,300.00
ORD-005373,2024-08-14,C00573,Monitor,1,270.00
ORD-005373,2024-08-14,C00573,Microphone,2,130.00
ORD-005374,2024-08-14,C00263,Mouse,1,23.75
ORD-005375,2024-08-14,C00703,Microphone,1,130.00
ORD-005375,2024-08-14,C00703,Keyboard,1,72.00
ORD-005376,2024-08-14,C00380,Webcam,1,95.00
ORD-005377,2024-08-14,C00522,External SSD,2,140.00
ORD-005378,2024-08-14,C00368,Monitor,1,300.00
ORD-005378,2024-08-14,C00368,Bluetooth Speaker,1,104.50
ORD-005378,2024-08-14,C00368,Microphone,2,104.00
ORD-005379,2024-08-14,C01370,USB-C Hub,1,42.75
ORD-005379,2024-08-14,C01370,Router,1,175.00
ORD-005380,2024-08-14,C01409,Webcam,1,95.00
ORD-005380,2024-08-14,C01409,Mesh Wi-Fi Kit,1,320.00
ORD-005381,2024-08-14,C00312,Tablet,1,432.00
ORD-005382,2024-08-14,C00577,Mouse,4,25.00
ORD-005383,2024-08-14,C00374,Ultrawide Monitor,1,620.00
ORD-005384,2024-08-14,C00167,External SSD,2,140.00
ORD-005384,2024-08-14,C00167,Mouse,2,25.00
ORD-005385,2024-08-14,C00499,Mouse,1,23.75
ORD-005386,2024-08-14,C01151,USB-C Hub,1,40.50
ORD-005387,2024-08-14,C00829,Router,3,175.00
ORD-005387,2024-08-14,C00829,Bluetooth Speaker,3,88.00
ORD-005388,2024-08-14,C00244,Mouse,1,25.00
ORD-005388,2024-08-14,C00244,Webcam,1,95.00
ORD-005389,2024-08-14,C01160,Tablet,2,480.00
ORD-005390,2024-08-14,C00859,External SSD,1,140.00
ORD-005390,2024-08-14,C00859,Desktop PC,1,950.00
ORD-005391,2024-08-14,C00419,Webcam,5,95.00
ORD-005392,2024-08-14,C00989,Mouse,1,25.00
ORD-005393,2024-08-15,C00829,Mouse,1,20.00
ORD-005393,2024-08-15,C00829,Laptop,1,1200.00
ORD-005393,2024-08-15,C00829,Bluetooth Speaker,1,110.00
ORD-005394,2024-08-15,C00043,Ultrawide Monitor,1,620.00
ORD-005394,2024-08-15,C00043,Monitor,1,300.00
ORD-005395,2024-08-15,C00959,Mouse,2,25.00
ORD-005396,2024-08-15,C00808,USB-C Hub,3,45.00
ORD-005396,2024-08-15,C00808,External SSD,5,140.00
ORD-005397,2024-08-15,C01226,Microphone,4,130.00
ORD-005398,2024-08-15,C00605,Laptop,4,1080.00
ORD-005399,2024-08-15,C00703,Bluetooth Speaker,5,110.00
ORD-005400,2024-08-15,C00560,Tablet,1,384.00
ORD-005401,2024-08-15,C01444,USB-C Hub,2,45.00
ORD-005402,2024-08-15,C00339,Bluetooth Speaker,2,110.00
ORD-005403,2024-08-15,C01160,Headphones,1,150.00
ORD-005404,2024-08-15,C01206,Mesh Wi-Fi Kit,1,320.00
ORD-005405,2024-08-15,C00600,Mesh Wi-Fi Kit,1,304.00
ORD-005406,2024-08-15,C01436,Mouse,1,23.75
ORD-005407,2024-08-15,C00414,Mouse,1,22.50
ORD-005407,2024-08-15,C00414,USB-C Hub,3,42.75
ORD-005408,2024-08-15,C00566,Hard Drive,1,85.00
ORD-005409,2024-08-15,C00023,USB-C Hub,1,42.75
ORD-005410,2024-08-15,C00485,Mouse,1,25.00
ORD-005410,2024-08-15,C00485,Keyboard,1,76.00
ORD-005410,2024-08-15,C00485,Router,3,175.00
ORD-005411,2024-08-16,C00445,Keyboard,1,80.00
ORD-005411,2024-08-16,C00445,Hard Drive,1,85.00
ORD-005412,2024-08-16,C00348,Hard Drive,1,80.75
ORD-005412,2024-08-16,C00348,Ultrawide Monitor,1,620.00
ORD-005413,2024-08-16,C01124,Monitor,1,300.00
ORD-005414,2024-08-16,C00829,Mouse,1,25.00
ORD-005415,2024-08-16,C00779,Keyboard,2,80.00
ORD-005415,2024-08-16,C00779,Desktop PC,1,950.00
ORD-005415,2024-08-16,C00779,Mouse,1,22.50
ORD-005416,2024-08-16,C01160,Hard Drive,1,80.75
ORD-005417,2024-08-16,C00103,External SSD,1,140.00
ORD-005418,2024-08-16,C00829,Webcam,1,95.00
ORD-005418,2024-08-16,C00829,Mouse,5,22.50
ORD-005419,2024-08-16,C01176,Keyboard,1,80.00
ORD-005420,2024-08-16,C01342,Mesh Wi-Fi Kit,1,320.00
ORD-005420,2024-08-16,C01342,Hard Drive,1,80.75
ORD-005421,2024-08-16,C01289,USB-C Hub,1,45.00
ORD-005422,2024-08-16,C00829,Mouse,1,25.00
ORD-005423,2024-08-16,C01135,Microphone,2,130.00
ORD-005424,2024-08-16,C00694,USB-C Hub,1,45.00
ORD-005424,2024-08-16,C00694,Mouse,1,25.00
ORD-005425,2024-08-16,C01046,Router,1,175.00
ORD-005425,2024-08-16,C01046,Laptop,1,1200.00
ORD-005426,2024-08-16,C00514,Mouse,1,25.00
ORD-005426,2024-08-16,C00514,Laptop,1,1200.00
ORD-005426,2024-08-16,C00514,Webcam,4,95.00
ORD-005427,2024-08-16,C00514,External SSD,1,133.00
ORD-005428,2024-08-16,C00603,Bluetooth Speaker,1,110.00
ORD-005428,2024-08-16,C00603,Webcam,1,95.00
ORD-005429,2024-08-16,C00426,External SSD,1,140.00
ORD-005429,2024-08-16,C00426,Desktop PC,5,902.50
ORD-005429,2024-08-16,C00426,Laptop,1,1200.00
ORD-005430,2024-08-16,C01294,Webcam,1,90.25
ORD-005431,2024-08-17,C00419,Keyboard,1,80.00
ORD-005431,2024-08-17,C00419,Desktop PC,5,902.50
ORD-005432,2024-08-17,C01409,Router,1,175.00
ORD-005433,2024-08-17,C00156,Keyboard,1,76.00
ORD-005433,2024-08-17,C00156,Bluetooth Speaker,1,104.50
ORD-005434,2024-08-17,C00304,Microphone,3,130.00
ORD-005435,2024-08-17,C00445,Monitor,1,300.00
ORD-005435,2024-08-17,C00445,Webcam,1,95.00
ORD-005436,2024-08-17,C00488,Ultrawide Monitor,1,558.00
ORD-005437,2024-08-17,C00693,Headphones,1,150.00
ORD-005438,2024-08-17,C01436,Ultrawide Monitor,1,496.00
ORD-005438,2024-08-17,C01436,Bluetooth Speaker,1,104.50
ORD-005438,2024-08-17,C01436,Hard Drive,1,85.00
ORD-005439,2024-08-17,C01038,Monitor,1,300.00
ORD-005439,2024-08-17,C01038,Keyboard,2,76.00
ORD-005439,2024-08-17,C01038,Headphones,1,142.50
ORD-005440,2024-08-17,C00064,Webcam,2,95.00
ORD-005440,2024-08-17,C00064,Bluetooth Speaker,2,110.00
ORD-005441,2024-08-17,C00131,Mouse,5,25.00
ORD-005442,2024-08-17,C00703,Tablet,1,480.00
ORD-005443,2024-08-17,C00881,Mouse,2,20.00
ORD-005443,2024-08-17,C00881,External SSD,1,126.00
ORD-005443,2024-08-17,C00881,Mesh Wi-Fi Kit,2,320.00
ORD-005444,2024-08-17,C00413,Mouse,1,25.00
ORD-005445,2024-08-17,C01160,Headphones,1,150.00
ORD-005445,2024-08-17,C01160,Laptop,3,1080.00
ORD-005446,2024-08-17,C00829,Mesh Wi-Fi Kit,1,320.00
ORD-005447,2024-08-17,C00870,Mesh Wi-Fi Kit,4,304.00
ORD-005448,2024-08-17,C01076,Bluetooth Speaker,1,99.00
ORD-005448,2024-08-17,C01076,USB-C Hub,1,45.00
ORD-005448,2024-08-17,C01076,Headphones,2,150.00
ORD-005449,2024-08-17,C00694,USB-C Hub,1,45.00
ORD-005449,2024-08-17,C00694,Keyboard,4,76.00
ORD-005450,2024-08-17,C00145,Ultrawide Monitor,1,589.00
ORD-005451,2024-08-17,C00829,Microphone,1,130.00
ORD-005452,2024-08-17,C00761,USB-C Hub,1,45.00
ORD-005452,2024-08-17,C00761,Webcam,1,95.00
ORD-005453,2024-08-17,C00965,Mouse,1,25.00
ORD-005453,2024-08-17,C00965,USB-C Hub,1,45.00
ORD-005453,2024-08-17,C00965,Microphone,1,130.00
ORD-005454,2024-08-17,C00517,Keyboard,1,64.00
ORD-005454,2024-08-17,C00517,Tablet,1,456.00
ORD-005454,2024-08-17,C00517,Headphones,4,150.00
ORD-005455,2024-08-17,C01023,Keyboard,1,80.00
ORD-005456,2024-08-17,C00693,Headphones,2,150.00
ORD-005456,2024-08-17,C00693,Bluetooth Speaker,4,88.00
ORD-005457,2024-08-17,C00166,USB-C Hub,3,45.00
ORD-005458,2024-08-18,C00638,Keyboard,1,72.00
ORD-005459,2024-08-18,C01328,Tablet,1,480.00
ORD-005459,2024-08-18,C01328,External SSD,4,140.00
ORD-005460,2024-08-18,C00694,USB-C Hub,1,45.00
ORD-005461,2024-08-18,C00357,USB-C Hub,2,45.00
ORD-005462,2024-08-18,C00392,Webcam,2,85.50
ORD-005462,2024-08-18,C00392,Tablet,1,480.00
ORD-005463,2024-08-18,C00039,Hard Drive,1,85.00
ORD-005464,2024-08-18,C00881,Ultrawide Monitor,1,589.00
ORD-005465,2024-08-18,C01080,Monitor,1,300.00
ORD-005466,2024-08-18,C00829,Bluetooth Speaker,1,110.00
ORD-005466,2024-08-18,C00829,Keyboard,1,80.00
ORD-005467,2024-08-18,,Mesh Wi-Fi Kit,1,304.00
ORD-005468,2024-08-18,C00250,Monitor,1,270.00
ORD-005469,2024-08-18,C00694,Laptop,1,1140.00
ORD-005469,2024-08-18,C00694,USB-C Hub,1,45.00
ORD-005470,2024-08-18,C00829,Mouse,1,25.00
ORD-005471,2024-08-18,C00432,Webcam,1,95.00
ORD-005472,2024-08-18,C00998,Keyboard,5,76.00
ORD-005473,2024-08-18,C01483,Mouse,2,23.75
ORD-005474,2024-08-18,,USB-C Hub,1,45.00
ORD-005475,2024-08-18,C00951,USB-C Hub,4,45.00
ORD-005475,2024-08-18,C00951,Desktop PC,1,950.00
ORD-005475,2024-08-18,C00951,Webcam,1,95.00
ORD-005476,2024-08-18,C01062,Hard Drive,1,85.00
ORD-005477,2024-08-18,C00064,Webcam,1,95.00
ORD-005478,2024-08-18,,Microphone,1,130.00
ORD-005479,2024-08-18,C00703,Tablet,1,480.00
ORD-005479,2024-08-18,C00703,Keyboard,2,64.00
ORD-005479,2024-08-18,C00703,Webcam,4,90.25
ORD-005480,2024-08-18,C00360,Mesh Wi-Fi Kit,3,288.00
ORD-005480,2024-08-18,C00360,Headphones,1,150.00
ORD-005481,2024-08-18,C00966,Webcam,1,95.00
ORD-005482,2024-08-18,C00190,Desktop PC,5,950.00
ORD-005483,2024-08-19,C00703,Keyboard,2,64.00
ORD-005483,2024-08-19,C00703,Mouse,1,22.50
ORD-005483,2024-08-19,C00703,Bluetooth Speaker,3,110.00
ORD-005484,2024-08-19,C00808,Keyboard,1,76.00
ORD-005485,2024-08-19,C00757,Keyboard,1,80.00
ORD-005486,2024-08-19,C00927,Microphone,1,130.00
ORD-005487,2024-08-19,C00858,Monitor,1,300.00
ORD-005488,2024-08-19,C00206,Mouse,1,25.00
ORD-005488,2024-08-19,C00206,Keyboard,1,80.00
ORD-005489,2024-08-19,C00322,Keyboard,1,64.00
ORD-005490,2024-08-19,C01160,Keyboard,1,80.00
ORD-005491,2024-08-19,C00872,Mouse,2,25.00
ORD-005491,2024-08-19,C00872,Monitor,3,285.00
ORD-005491,2024-08-19,C00872,Microphone,1,130.00
ORD-005492,2024-08-19,C00829,Hard Drive,1,85.00
ORD-005493,2024-08-19,C00355,Mouse,1,25.00
ORD-005494,2024-08-19,C00842,Laptop,2,1200.00
ORD-005494,2024-08-19,C00842,Keyboard,1,80.00
ORD-005495,2024-08-19,C01124,Webcam,2,95.00
ORD-005496,2024-08-19,C00514,Microphone,1,130.00
ORD-005497,2024-08-19,C00409,Hard Drive,2,80.75
ORD-005497,2024-08-19,C00409,Mesh Wi-Fi Kit,1,288.00
ORD-005498,2024-08-19,C01289,Headphones,1,150.00
ORD-005499,2024-08-19,C00600,Headphones,3,135.00
ORD-005500,2024-08-19,C00607,USB-C Hub,1,40.50
ORD-005500,2024-08-19,C00607,Mouse,1,23.75
ORD-005501,2024-08-19,C01293,USB-C Hub,1,45.00
ORD-005501,2024-08-19,C01293,Tablet,2,N/A
ORD-005502,2024-08-19,C00413,Mouse,1,25.00
ORD-005503,2024-08-19,C01160,Mouse,1,22.50
ORD-005503,2024-08-19,C01160,Headphones,1,150.00
ORD-005504,2024-08-19,C00577,Webcam,2,95.00
ORD-005505,2024-08-19,C01289,USB-C Hub,1,45.00
ORD-005505,2024-08-19,C01289,Mouse,1,25.00
ORD-005505,2024-08-19,C01289,Webcam,1,95.00
ORD-005506,2024-08-19,C00960,Bluetooth Speaker,3,110.00
ORD-005506,2024-08-19,C00960,Mouse,1,23.75
ORD-005506,2024-08-19,C00960,Webcam,1,95.00
ORD-005507,2024-08-19,C00652,Hard Drive,1,85.00
ORD-005507,2024-08-19,C00652,Mouse,3,22.50
ORD-005507,2024-08-19,C00652,Microphone,2,130.00
ORD-005508,2024-08-19,C00064,Mesh Wi-Fi Kit,1,304.00
ORD-005509,2024-08-19,C00633,Mesh Wi-Fi Kit,1,320.00
ORD-005509,2024-08-19,C00633,Keyboard,1,80.00
ORD-005510,2024-08-19,C00859,Mesh Wi-Fi Kit,3,320.00
ORD-005511,2024-08-19,C01432,Keyboard,1,72.00
ORD-005512,2024-08-19,C00829,Mouse,2,25.00
ORD-005513,2024-08-19,C01414,Mouse,1,25.00
ORD-005514,2024-08-19,C00304,Desktop PC,1,950.00
ORD-005515,2024-08-20,C00348,Mouse,3,22.50
ORD-005515,2024-08-20,C00348,Hard Drive,1,85.00
ORD-005516,2024-08-20,C00703,Monitor,2,300.00
ORD-005517,2024-08-20,C00966,Mouse,2,25.00
ORD-005518,2024-08-20,C01046,Headphones,1,150.00
ORD-005518,2024-08-20,C01046,Mouse,3,25.00
ORD-005519,2024-08-20,C00881,Keyboard,1,80.00
ORD-005520,2024-08-20,C00600,Tablet,1,480.00
ORD-005521,2024-08-20,C00339,Bluetooth Speaker,1,110.00
ORD-005522,2024-08-20,C00694,External SSD,2,133.00
ORD-005523,2024-08-20,C00855,Mouse,1,25.00
ORD-005523,2024-08-20,C00855,Bluetooth Speaker,2,104.50
ORD-005524,2024-08-20,C00694,USB-C Hub,1,45.00
ORD-005524,2024-08-20,C00694,External SSD,1,140.00
ORD-005524,2024-08-20,C00694,Mesh Wi-Fi Kit,5,320.00
ORD-005525,2024-08-20,C01260,Mouse,1,25.00
ORD-005526,2024-08-20,C01484,External SSD,2,140.00
ORD-005527,2024-08-20,C01361,Headphones,1,150.00
ORD-005528,2024-08-20,C00829,Headphones,1,150.00
ORD-005529,2024-08-20,C01160,Mesh Wi-Fi Kit,1,320.00
ORD-005529,2024-08-20,C01160,Keyboard,1,72.00
ORD-005530,2024-08-20,C01361,Mouse,1,25.00
ORD-005530,2024-08-20,C01361,Webcam,1,76.00
ORD-005531,2024-08-20,C01160,Microphone,1,130.00
ORD-005532,2024-08-20,C00954,Mesh Wi-Fi Kit,1,304.00
ORD-005533,2024-08-20,C00644,Mouse,1,25.00
ORD-005534,2024-08-20,C01276,Keyboard,1,80.00
ORD-005534,2024-08-20,C01276,External SSD,2,140.00
ORD-005534,2024-08-20,C01276,USB-C Hub,3,45.00
ORD-005535,2024-08-20,C00187,Monitor,1,300.00
ORD-005536,2024-08-20,C00207,USB-C Hub,1,45.00
ORD-005536,2024-08-20,C00207,Bluetooth Speaker,1,110.00
ORD-005537,2024-08-21,C00337,Router,1,175.00
ORD-005538,2024-08-21,C00703,Keyboard,3,64.00
ORD-005538,2024-08-21,C00703,Mouse,1,25.00
ORD-005539,2024-08-21,C00414,Bluetooth Speaker,1,110.00
ORD-005539,2024-08-21,C00414,Mouse,2,23.75
ORD-005540,2024-08-21,C00617,Microphone,1,130.00
ORD-005541,2024-08-21,C01414,USB-C Hub,2,45.00
ORD-005542,2024-08-21,C00829,USB-C Hub,1,45.00
ORD-005543,2024-08-21,C00079,Mesh Wi-Fi Kit,1,320.00
ORD-005544,2024-08-21,C00514,Headphones,1,150.00
ORD-005544,2024-08-21,C00514,Microphone,2,104.00
ORD-005545,2024-08-21,C00989,USB-C Hub,3,45.00
ORD-005545,2024-08-21,C00989,Bluetooth Speaker,1,88.00
ORD-005546,2024-08-21,C00829,Hard Drive,4,80.75
ORD-005547,2024-08-21,C00833,Monitor,1,300.00
ORD-005547,2024-08-21,C00833,Headphones,1,150.00
ORD-005548,2024-08-21,C01161,Mouse,1,23.75
ORD-005549,2024-08-21,C00514,Keyboard,2,76.00
ORD-005550,2024-08-21,C00957,Mouse,2,25.00
ORD-005551,2024-08-21,C00829,Keyboard,1,80.00
ORD-005552,2024-08-21,C01056,Microphone,1,130.00
ORD-005553,2024-08-21,C00881,Mesh Wi-Fi Kit,2,320.00
ORD-005554,2024-08-21,C00426,USB-C Hub,1,45.00
ORD-005555,2024-08-21,C00703,USB-C Hub,5,45.00
ORD-005555,2024-08-21,C00703,Monitor,2,300.00
ORD-005556,2024-08-21,C00397,Mouse,1,20.00
ORD-005557,2024-08-21,C00432,Tablet,3,480.00
ORD-005557,2024-08-21,C00432,Router,1,166.25
ORD-005558,2024-08-21,C01430,External SSD,4,140.00
ORD-005558,2024-08-21,C01430,Webcam,2,95.00
ORD-005558,2024-08-21,C01430,Bluetooth Speaker,5,104.50
ORD-005559,2024-08-21,C01171,Microphone,5,130.00
ORD-005559,2024-08-21,C01171,Headphones,2,150.00
ORD-005560,2024-08-21,C00656,USB-C Hub,1,36.00
ORD-005561,2024-08-21,C00758,USB-C Hub,1,45.00
ORD-005562,2024-08-21,C01013,External SSD,2,140.00
ORD-005562,2024-08-21,C01013,Microphone,2,130.00
ORD-005563,2024-08-21,C01043,Microphone,1,130.00
ORD-005563,2024-08-21,C01043,Hard Drive,2,80.75
ORD-005564,2024-08-21,C00985,Ultrawide Monitor,1,589.00
ORD-005565,2024-08-21,C00699,Laptop,1,1200.00
ORD-005566,2024-08-21,C00419,USB-C Hub,1,45.00
ORD-005566,2024-08-21,C00419,Mesh Wi-Fi Kit,1,320.00
ORD-005566,2024-08-21,C00419,External SSD,1,112.00
ORD-005567,2024-08-21,C00829,Mouse,2,22.50
ORD-005568,2024-08-21,C00242,Laptop,1,1200.00
ORD-005569,2024-08-21,C01329,Monitor,1,300.00
ORD-005569,2024-08-21,C01329,Hard Drive,2,85.00
ORD-005569,2024-08-21,C01329,USB-C Hub,2,40.50
ORD-005570,2024-08-22,C00575,Mesh Wi-Fi Kit,1,320.00
ORD-005571,2024-08-22,C00064,USB-C Hub,1,45.00
ORD-005571,2024-08-22,C00064,Mesh Wi-Fi Kit,5,320.00
ORD-005571,not-a-date,C00064,Keyboard,3,80.00
ORD-005572,2024-08-22,C01139,Headphones,2,135.00
ORD-005573,2024-08-22,C00456,USB-C Hub,1,45.00
ORD-005573,2024-08-22,C00456,Mesh Wi-Fi Kit,3,320.00
ORD-005574,2024-08-22,C01455,Keyboard,1,80.00
ORD-005575,2024-08-22,C00600,Ultrawide Monitor,4,620.00
ORD-005576,2024-08-22,C00419,Desktop PC,1,855.00
ORD-005576,2024-08-22,C00419,Bluetooth Speaker,1,104.50
ORD-005577,2024-08-22,C00617,Mouse,2,25.00
ORD-005578,2024-08-22,C00514,Mouse,2,25.00
ORD-005578,2024-08-22,C00514,Keyboard,3,72.00
ORD-005579,2024-08-22,C00808,Mouse,1,25.00
ORD-005579,2024-08-22,C00808,Mesh Wi-Fi Kit,1,320.00
ORD-005579,2024-08-22,C00808,Webcam,1,95.00
ORD-005580,2024-08-22,C00752,Router,2,175.00
ORD-005580,2024-08-22,C00752,USB-C Hub,2,42.75
ORD-005581,2024-08-22,C01070,Hard Drive,-1,85.00
ORD-005582,2024-08-22,C00829,Keyboard,2,80.00
ORD-005583,2024-08-22,C01415,Webcam,1,76.00
ORD-005583,2024-08-22,C01415,Keyboard,2,80.00
ORD-005583,2024-08-22,C01415,Ultrawide Monitor,2,620.00
ORD-005584,2024-08-22,C01285,Webcam,1,95.00
ORD-005584,2024-08-22,C01285,Monitor,1,300.00
ORD-005585,2024-08-22,C00829,USB-C Hub,1,45.00
ORD-005586,2024-08-22,C01051,USB-C Hub,2,45.00
ORD-005587,2024-08-22,C01361,Microphone,3,117.00
ORD-005587,2024-08-22,C01361,Hard Drive,3,85.00
ORD-005588,2024-08-22,C00583,Keyboard,1,76.00
ORD-005588,2024-08-22,C00583,External SSD,3,140.00
ORD-005588,2024-08-22,C00583,USB-C Hub,2,45.00
ORD-005589,2024-08-22,C01245,Webcam,1,95.00
ORD-005590,2024-08-22,C01160,Tablet,2,456.00
ORD-005591,2024-08-22,C00699,Mouse,1,25.00
ORD-005592,2024-08-22,C00859,USB-C Hub,2,45.00
ORD-005592,2024-08-22,C00859,Keyboard,2,80.00
ORD-005593,2024-08-22,C00703,Hard Drive,1,85.00
ORD-005594,2024-08-22,C00829,USB-C Hub,3,45.00
ORD-005594,2024-08-22,C00829,Headphones,2,142.50
ORD-005595,2024-08-22,C00055,External SSD,1,140.00
ORD-005596,2024-08-22,C01329,Mesh Wi-Fi Kit,1,320.00
ORD-005596,2024-08-22,C01329,USB-C Hub,3,42.75
ORD-005597,2024-08-22,C00703,Hard Drive,1,85.00
ORD-005598,2024-08-22,C01435,External SSD,3,112.00
ORD-005599,2024-08-22,C00703,Bluetooth Speaker,2,110.00
ORD-005599,2024-08-22,C00703,Router,1,157.50
ORD-005600,2024-08-22,C01038,Monitor,1,300.00
ORD-005601,2024-08-22,C00104,Mouse,1,25.00
ORD-005602,2024-08-22,C01117,Microphone,2,123.50
ORD-005603,2024-08-22,C00958,Headphones,5,150.00
ORD-005603,2024-08-22,C00958,USB-C Hub,2,42.75
ORD-005604,2024-08-23,C00887,Monitor,1,300.00
ORD-005605,2024-08-23,C01160,Webcam,2,85.50
ORD-005605,2024-08-23,C01160,Mouse,1,23.75
ORD-005606,2024-08-23,C00735,Keyboard,1,80.00
ORD-005607,2024-08-23,C00957,Keyboard,1,80.00
ORD-005608,2024-08-23,C00907,Keyboard,2,80.00
ORD-005608,2024-08-23,C00907,USB-C Hub,1,40.50
ORD-005609,2024-08-23,C01215,Router,1,166.25
ORD-005610,2024-08-23,C00966,Mesh Wi-Fi Kit,2,320.00
ORD-005611,2024-08-23,C00808,External SSD,1,133.00
ORD-005612,2024-08-23,C01396,External SSD,1,140.00
ORD-005612,2024-08-23,C01396,Keyboard,1,64.00
ORD-005612,2024-08-23,C01396,Hard Drive,3,85.00
ORD-005613,2024-08-23,C00035,Mouse,1,23.75
ORD-005614,2024-08-23,C00693,Microphone,1,117.00
ORD-005614,2024-08-23,C00693,Bluetooth Speaker,1,99.00
ORD-005614,2024-08-23,C00693,Mouse,4,23.75
ORD-005615,2024-08-23,C00419,Tablet,1,480.00
ORD-005616,2024-08-23,C00159,Webcam,2,95.00
ORD-005617,2024-08-23,C00577,Keyboard,1,80.00
ORD-005618,2024-13-45,C00413,Webcam,2,95.00
ORD-005619,2024-08-23,C01339,Keyboard,1,76.00
ORD-005619,2024-08-23,C01339,Webcam,2,95.00
ORD-005620,2024-08-23,C00379,Microphone,3,104.00
ORD-005621,2024-08-23,C01436,Webcam,1,95.00
ORD-005622,2024-08-24,C01160,Mouse,1,22.50
ORD-005623,2024-08-24,C00520,Mouse,1,25.00
ORD-005623,2024-08-24,C00520,Hard Drive,2,85.00
ORD-005623,2024-08-24,C00520,Keyboard,1,80.00
ORD-005624,2024-08-24,C00388,Mouse,4,20.00
ORD-005624,2024-08-24,C00388,Desktop PC,1,950.00
ORD-005625,2024-08-24,C00829,Hard Drive,1,85.00
ORD-005626,2024-08-24,C00829,Webcam,4,95.00
ORD-005627,2024-08-24,C00514,Laptop,1,1200.00
ORD-005627,2024-08-24,C00514,Hard Drive,2,85.00
ORD-005628,2024-08-24,C00118,Mouse,1,20.00
ORD-005628,2024-08-24,C00118,Microphone,1,130.00
ORD-005629,2024-08-24,C00776,Keyboard,1,76.00
ORD-005630,2024-08-24,C00001,Bluetooth Speaker,3,88.00
ORD-005631,2024-08-24,C01146,Bluetooth Speaker,1,110.00
ORD-005631,2024-08-24,C01146,USB-C Hub,1,42.75
ORD-005631,2024-08-24,C01146,Router,3,166.25
ORD-005632,2024-08-24,C00808,Ultrawide Monitor,1,620.00
ORD-005632,2024-08-24,C00808,Router,2,175.00
ORD-005633,2024-08-24,C01020,External SSD,3,140.00
ORD-005634,2024-08-24,C00234,Hard Drive,1,85.00
ORD-005634,2024-08-24,C00234,Mouse,4,25.00
ORD-005634,2024-08-24,C00234,Mesh Wi-Fi Kit,1,256.00
ORD-005635,2024-08-24,C01130,Monitor,1,300.00
ORD-005636,2024-08-24,C00920,Mouse,1,25.00
ORD-005637,2024-08-24,C01186,Mouse,2,25.00
ORD-005637,2024-08-24,C01186,External SSD,1,140.00
ORD-005638,2024-08-24,C00808,Mouse,2,25.00
ORD-005638,2024-08-24,C00808,Mesh Wi-Fi Kit,1,304.00
ORD-005638,2024-08-24,C00808,Headphones,3,150.00
ORD-005639,2024-08-24,C01160,Microphone,2,130.00
ORD-005639,2024-08-24,C01160,Webcam,2,95.00
ORD-005640,2024-08-24,C00221,Monitor,4,300.00
ORD-005640,2024-08-24,C00221,External SSD,1,140.00
ORD-005641,2024-08-24,C00084,Mouse,2,23.75
ORD-005641,2024-08-24,C00084,External SSD,1,140.00
ORD-005642,2024-08-24,C00757,Bluetooth Speaker,1,110.00
ORD-005643,2024-08-24,C00738,Hard Drive,1,85.00
ORD-005644,2024-08-24,C00419,Headphones,2,142.50
ORD-005645,2024-08-24,C01494,Keyboard,2,80.00
ORD-005646,2024-08-24,C00703,Mouse,1,22.50
ORD-005647,2024-08-24,C00564,Webcam,2,95.00
ORD-005648,2024-08-24,C01160,Webcam,3,95.00
ORD-005648,2024-08-24,C01160,Hard Drive,1,85.00
ORD-005649,2024-08-24,C00925,Router,1,157.50
ORD-005649,2024-08-24,C00925,Keyboard,5,80.00
ORD-005649,2024-08-24,C00925,USB-C Hub,1,45.00
ORD-005650,2024-08-24,C00072,USB-C Hub,2,40.50
ORD-005651,2024-08-24,C00137,Tablet,1,480.00
ORD-005651,2024-08-24,C00137,Laptop,1,1200.00
ORD-005652,2024-08-24,C01355,Mouse,1,25.00
ORD-005652,2024-08-24,C01355,Router,1,175.00
ORD-005653,2024-08-24,C00137,USB-C Hub,1,45.00
ORD-005654,2024-08-24,C00906,Bluetooth Speaker,2,110.00
ORD-005655,2024-08-24,C01441,Bluetooth Speaker,1,104.50
ORD-005656,2024-08-24,C00514,Bluetooth Speaker,3,110.00
ORD-005657,2024-08-24,C00171,Mouse,2,25.00
ORD-005658,2024-08-24,C00231,External SSD,3,126.00
ORD-005659,2024-08-25,C00793,USB-C Hub,1,36.00
ORD-005659,2024-08-25,C00793,Tablet,1,480.00
ORD-005660,2024-08-25,C00829,Bluetooth Speaker,1,110.00
ORD-005661,2024-08-25,C00456,Desktop PC,5,950.00
ORD-005662,2024-08-25,C01160,Mouse,2,22.50
ORD-005663,2024-08-25,C01206,Keyboard,1,80.00
ORD-005663,2024-08-25,C01206,Laptop,1,1080.00
ORD-005664,2024-08-25,C01225,Bluetooth Speaker,2,110.00
ORD-005664,2024-08-25,C01225,Microphone,1,123.50
ORD-005665,2024-08-25,C00073,Headphones,1,135.00
ORD-005666,2024-08-25,C00101,External SSD,1,140.00
ORD-005667,2024-08-25,C00998,Headphones,2,150.00
ORD-005668,2024-08-25,C00044,Bluetooth Speaker,1,110.00
ORD-005669,2024-08-25,C00635,External SSD,5,140.00
ORD-005669,2024-08-25,C00635,Mouse,3,25.00
ORD-005670,2024-08-25,C00055,Bluetooth Speaker,1,110.00
ORD-005671,2024-08-25,C00064,USB-C Hub,1,N/A
ORD-005672,2024-08-25,C00757,Webcam,1,95.00
ORD-005672,2024-08-25,C00757,Tablet,1,480.00
ORD-005672,2024-08-25,C00757,External SSD,1,140.00
ORD-005673,2024-08-25,C00703,Monitor,1,300.00
ORD-005674,2024-08-25,C00907,Ultrawide Monitor,3,620.00
ORD-005674,2024-08-25,C00907,Monitor,1,270.00
ORD-005675,2024-08-25,C01324,Bluetooth Speaker,1,110.00
ORD-005676,2024-08-25,C01113,Hard Drive,1,85.00
ORD-005677,2024-08-25,C00658,Keyboard,1,80.00
ORD-005678,2024-08-25,C01110,Mouse,1,25.00
ORD-005679,2024-08-25,C00586,Webcam,1,95.00
ORD-005680,2024-08-25,C01366,Mesh Wi-Fi Kit,2,320.00
ORD-005680,2024-08-25,C01366,Bluetooth Speaker,4,99.00
ORD-005681,2024-08-25,C00829,Bluetooth Speaker,1,110.00
ORD-005682,2024-08-25,C00400,Webcam,2,85.50
ORD-005683,2024-08-25,C01001,Mouse,1,23.75
ORD-005683,2024-08-25,C01001,Headphones,2,150.00
ORD-005684,2024-08-25,C01160,Headphones,4,150.00
ORD-005685,2024-08-25,C01160,Headphones,1,120.00
ORD-005686,2024-08-25,C01160,Webcam,1,95.00
ORD-005687,2024-08-25,C00568,USB-C Hub,2,45.00
ORD-005687,2024-08-25,C00568,Router,2,175.00
ORD-005688,2024-08-25,C01276,Headphones,1,120.00
ORD-005688,2024-08-25,C01276,Ultrawide Monitor,1,620.00
ORD-005689,2024-08-26,C01118,External SSD,4,140.00
ORD-005689,2024-08-26,C01118,USB-C Hub,1,45.00
ORD-005690,2024-08-26,C01413,Bluetooth Speaker,1,104.50
ORD-005690,2024-08-26,C01413,Headphones,2,120.00
ORD-005690,2024-08-26,C01413,Router,1,166.25
ORD-005691,2024-08-26,C00017,Mouse,2,25.00
ORD-005692,2024-08-26,C00703,Mouse,2,23.75
ORD-005693,2024-08-26,C00626,Keyboard,2,80.00
ORD-005694,2024-08-26,C01160,Microphone,1,130.00
ORD-005694,2024-08-26,C01160,USB-C Hub,1,45.00
ORD-005695,2024-08-26,C00295,Keyboard,1,76.00
ORD-005696,2024-08-26,C00693,Headphones,1,120.00
ORD-005697,2024-08-26,C01223,External SSD,2,140.00
ORD-005697,2024-08-26,C01223,Headphones,2,120.00
ORD-005697,2024-08-26,C01223,Mouse,1,25.00
ORD-005698,2024-08-26,C00693,Monitor,1,300.00
ORD-005698,2024-08-26,C00693,Mouse,1,25.00
ORD-005698,2024-08-26,C00693,USB-C Hub,1,45.00
ORD-005699,2024-08-26,C00758,Bluetooth Speaker,1,104.50
ORD-005699,2024-08-26,C00758,USB-C Hub,2,45.00
ORD-005700,2024-08-26,C00593,Desktop PC,3,855.00
ORD-005701,2024-08-26,C00130,Keyboard,1,80.00
ORD-005702,2024-08-26,C00520,Mesh Wi-Fi Kit,2,320.00
ORD-005702,2024-08-26,C00520,Tablet,1,480.00
ORD-005703,2024-08-26,C00342,Keyboard,2,80.00
ORD-005704,2024-08-26,C00600,USB-C Hub,3,45.00
ORD-005704,2024-08-26,C00600,Ultrawide Monitor,1,620.00
ORD-005705,2024-08-26,C00542,Mesh Wi-Fi Kit,1,320.00
ORD-005705,2024-08-26,C00542,Bluetooth Speaker,4,110.00
ORD-005705,2024-08-26,C00542,Mouse,1,25.00
ORD-005706,2024-08-26,C01160,USB-C Hub,1,45.00
ORD-005707,2024-08-26,C00419,Router,1,157.50
ORD-005708,2024-08-26,C01160,Webcam,1,95.00
ORD-005709,2024-08-27,C00703,Microphone,2,130.00
ORD-005709,2024-08-27,C00703,Webcam,1,85.50
ORD-005710,2024-08-27,C00701,USB-C Hub,1,40.50
ORD-005710,2024-08-27,C00701,External SSD,1,140.00
ORD-005710,2024-08-27,C00701,Router,1,175.00
ORD-005711,2024-08-27,C00703,Hard Drive,1,85.00
ORD-005712,2024-08-27,C00881,Mouse,3,25.00
ORD-005712,2024-08-27,C00881,Keyboard,1,80.00
ORD-005713,2024-08-27,C01387,Hard Drive,1,80.75
ORD-005714,2024-08-27,C01409,Hard Drive,-1,85.00
ORD-005715,2024-08-27,C00239,Keyboard,1,80.00
ORD-005716,2024-08-27,C00547,Bluetooth Speaker,2,110.00
ORD-005717,2024-08-27,C00966,Keyboard,1,76.00
ORD-005718,2024-08-27,C00881,Webcam,2,95.00
ORD-005719,2024-08-27,C01342,External SSD,4,140.00
ORD-005720,2024-08-27,C01160,Keyboard,1,72.00
ORD-005721,2024-08-27,C00703,Mouse,3,25.00
ORD-005721,2024-08-27,C00703,External SSD,1,140.00
ORD-005722,2024-08-27,C01434,External SSD,1,140.00
ORD-005723,2024-08-27,C01116,Router,3,175.00
ORD-005723,2024-08-27,C01116,External SSD,4,126.00
ORD-005724,2024-08-27,C01320,External SSD,3,140.00
ORD-005724,2024-08-27,C01320,Bluetooth Speaker,1,110.00
ORD-005725,2024-08-27,C00600,External SSD,1,140.00
ORD-005726,2024-08-27,C00759,Keyboard,5,80.00
ORD-005726,2024-08-27,C00759,USB-C Hub,4,45.00
ORD-005727,2024-08-27,C00130,Router,1,175.00
ORD-005728,2024-08-28,C00829,Tablet,1,480.00
ORD-005729,2024-08-28,C00348,Hard Drive,1,85.00
ORD-005730,2024-08-28,C00236,Ultrawide Monitor,1,620.00
ORD-005730,2024-08-28,C00236,Mouse,1,23.75
ORD-005730,2024-08-28,C00236,Router,1,175.00
ORD-005731,2024-08-28,C01483,Bluetooth Speaker,2,99.00
ORD-005731,2024-08-28,C01483,Mouse,5,25.00
ORD-005731,2024-08-28,C01483,USB-C Hub,1,40.50
ORD-005732,2024-08-28,C00921,Keyboard,1,80.00
ORD-005732,2024-08-28,C00921,Router,4,157.50
ORD-005733,2024-08-28,C00061,Bluetooth Speaker,5,110.00
ORD-005733,2024-08-28,C00061,Hard Drive,2,80.75
ORD-005734,2024-08-28,C00703,Keyboard,4,80.00
ORD-005735,2024-08-28,C00829,Mouse,1,23.75
ORD-005736,2024-08-28,C01160,Mouse,1,25.00
ORD-005737,2024-08-28,C00940,Webcam,2,76.00
ORD-005737,2024-08-28,C00940,External SSD,1,140.00
ORD-005738,2024-08-28,C00829,Mouse,1,25.00
ORD-005739,2024-08-28,C00419,External SSD,1,140.00
ORD-005740,2024-08-28,C00703,Mouse,1,25.00
ORD-005741,2024-08-28,C00752,USB-C Hub,1,45.00
ORD-005741,2024-08-28,C00752,Mesh Wi-Fi Kit,4,320.00
ORD-005742,2024-08-28,C00348,Webcam,1,85.50
ORD-005743,2024-08-28,C00703,Microphone,1,130.00
ORD-005744,2024-08-28,C00419,Headphones,1,135.00
ORD-005745,2024-08-28,C00348,Webcam,2,95.00
ORD-005746,2024-08-28,C00928,Desktop PC,2,950.00
ORD-005746,2024-08-28,C00928,External SSD,1,140.00
ORD-005746,2024-08-28,C00928,Hard Drive,1,85.00
ORD-005747,2024-08-28,C00897,Keyboard,1,80.00
ORD-005748,2024-08-28,C00079,Mesh Wi-Fi Kit,5,256.00
ORD-005748,2024-08-28,C00079,Mouse,4,25.00
ORD-005749,2024-08-28,C01160,Ultrawide Monitor,2,620.00
ORD-005749,2024-08-28,C01160,External SSD,2,140.00
ORD-005750,2024-08-28,C01297,Webcam,1,95.00
ORD-005751,2024-08-28,C01485,External SSD,1,140.00
ORD-005751,2024-08-28,C01485,USB-C Hub,3,45.00
ORD-005752,2024-08-28,C01259,USB-C Hub,2,N/A
ORD-005753,2024-08-29,C00904,Bluetooth Speaker,1,104.50
ORD-005754,2024-08-29,C00863,Hard Drive,1,76.50
ORD-005755,2024-08-29,C00694,Mouse,1,22.50
ORD-005755,2024-08-29,C00694,USB-C Hub,2,42.75
ORD-005755,2024-08-29,C00694,Monitor,1,300.00
ORD-005756,2024-08-29,C00694,Mouse,1,25.00
ORD-005756,2024-08-29,C00694,Laptop,1,1200.00
ORD-005756,2024-08-29,C00694,Microphone,1,130.00
ORD-005757,2024-08-29,C01488,Bluetooth Speaker,1,104.50
ORD-005757,2024-08-29,C01488,Headphones,1,142.50
ORD-005758,2024-08-29,C00426,Mouse,3,25.00
ORD-005759,2024-08-29,C01088,Microphone,2,130.00
ORD-005760,2024-08-29,C00565,Hard Drive,2,85.00
ORD-005760,2024-08-29,C00565,Ultrawide Monitor,5,589.00
ORD-005761,2024-08-29,C00744,Bluetooth Speaker,3,110.00
ORD-005762,2024-08-29,C01160,Webcam,1,85.50
ORD-005762,2024-08-29,C01160,USB-C Hub,2,45.00
ORD-005763,2024-08-29,C00234,Laptop,1,1200.00
ORD-005763,2024-08-29,C00234,Mesh Wi-Fi Kit,3,304.00
ORD-005764,2024-08-29,C00388,USB-C Hub,0,45.00
ORD-005765,2024-08-29,C00829,Hard Drive,1,80.75
ORD-005766,2024-08-29,C01038,USB-C Hub,2,45.00
ORD-005767,2024-08-29,C01271,Desktop PC,5,950.00
ORD-005768,2024-08-29,C00970,Hard Drive,1,85.00
ORD-005769,2024-08-29,C00121,Headphones,2,142.50
ORD-005770,2024-08-29,C01385,Headphones,1,150.00
ORD-005771,2024-08-29,C00003,Tablet,1,456.00
ORD-005771,2024-08-29,C00003,Mesh Wi-Fi Kit,2,320.00
ORD-005772,2024-08-29,C00829,Mouse,1,25.00
ORD-005772,2024-08-29,C00829,Hard Drive,2,68.00
ORD-005773,2024-08-29,C00989,Mesh Wi-Fi Kit,1,304.00
ORD-005773,2024-08-29,C00989,External SSD,3,126.00
ORD-005774,2024-08-29,C00829,Headphones,2,150.00
ORD-005774,2024-08-29,C00829,USB-C Hub,1,45.00
ORD-005775,2024-08-29,C01323,Router,4,175.00
ORD-005776,2024-08-29,C00379,Headphones,2,150.00
ORD-005777,2024-08-29,C00829,Hard Drive,1,85.00
ORD-005778,2024-08-29,C01160,USB-C Hub,1,45.00
ORD-005779,2024-08-29,C00612,Mouse,1,25.00
ORD-005780,2024-08-29,C01169,Keyboard,1,80.00
ORD-005780,2024-08-29,C01169,Headphones,2,150.00
ORD-005781,2024-08-29,C00152,External SSD,1,133.00
ORD-005781,2024-08-29,C00152,Microphone,1,130.00
ORD-005782,2024-08-29,C00798,Ultrawide Monitor,1,589.00
ORD-005783,2024-08-30,C00241,Ultrawide Monitor,1,620.00
ORD-005783,2024-08-30,C00241,Keyboard,3,76.00
ORD-005784,2024-08-30,C01124,Hard Drive,3,80.75
ORD-005785,2024-08-30,C00419,Desktop PC,2,855.00
ORD-005785,2024-08-30,C00419,USB-C Hub,1,42.75
ORD-005786,2024-08-30,C00693,Mouse,1,23.75
ORD-005786,2024-08-30,C00693,Monitor,2,300.00
ORD-005786,2024-08-30,C00693,Webcam,2,90.25
ORD-005787,2024-08-30,C00348,Webcam,1,95.00
ORD-005788,2024-08-30,C01247,Ultrawide Monitor,1,620.00
ORD-005788,2024-08-30,C01247,USB-C Hub,1,45.00
ORD-005788,2024-08-30,C01247,Webcam,2,95.00
ORD-005789,2024-08-30,C00829,Mouse,1,25.00
ORD-005790,2024-08-30,C00236,Headphones,3,142.50
ORD-005790,2024-08-30,C00236,Mouse,1,25.00
ORD-005791,2024-08-30,C01311,USB-C Hub,1,45.00
ORD-005791,2024-08-30,C01311,Microphone,2,123.50
ORD-005792,2024-08-30,C00703,Router,1,166.25
ORD-005793,2024-08-30,C00380,Laptop,5,1200.00
ORD-005794,2024-08-30,C01119,Webcam,1,85.50
ORD-005794,2024-08-30,C01119,Monitor,2,300.00
ORD-005794,2024-08-30,C01119,Mesh Wi-Fi Kit,4,320.00
ORD-005795,2024-08-30,C01010,Keyboard,2,80.00
ORD-005796,2024-08-30,C00251,Mouse,2,25.00
ORD-005797,2024-08-30,C00396,Mouse,1,22.50
ORD-005798,2024-08-30,C00445,Keyboard,1,76.00
ORD-005799,2024-08-30,C01461,Headphones,1,150.00
ORD-005799,2024-08-30,C01461,Mouse,5,22.50
ORD-005800,2024-08-30,C00411,Headphones,1,120.00
ORD-005800,2024-08-30,C00411,External SSD,2,140.00
ORD-005800,2024-08-30,C00411,Mesh Wi-Fi Kit,1,320.00
ORD-005801,2024-08-30,C01176,USB-C Hub,1,45.00
ORD-005802,2024-08-30,C00365,External SSD,1,140.00
ORD-005802,2024-08-30,C00365,Monitor,1,300.00
ORD-005802,2024-08-30,C00365,Mouse,1,25.00
ORD-005803,2024-08-30,C00591,Hard Drive,2,85.00
ORD-005803,2024-08-30,C00591,Laptop,2,1140.00
ORD-005803,2024-08-30,C00591,Headphones,3,150.00
ORD-005804,2024-08-30,C00197,Monitor,1,300.00
ORD-005804,2024-08-30,C00197,Desktop PC,1,950.00
ORD-005805,2024-08-30,C01455,Webcam,4,95.00
ORD-005806,2024-08-30,C00137,USB-C Hub,3,45.00
ORD-005807,2024-08-30,C00001,Mouse,3,25.00
ORD-005808,2024-08-31,C00488,Monitor,2,285.00
ORD-005808,2024-08-31,C00488,Tablet,5,480.00
ORD-005809,2024-08-31,C00152,Keyboard,1,72.00
ORD-005809,2024-08-31,C00152,Desktop PC,3,950.00
ORD-005810,2024-08-31,C00324,USB-C Hub,1,45.00
ORD-005810,2024-08-31,C00324,Mouse,1,25.00
ORD-005811,2024-08-31,C01062,Mouse,1,23.75
ORD-005812,2024-08-31,C01462,Router,1,157.50
ORD-005813,2024-08-31,C00854,USB-C Hub,1,45.00
ORD-005814,2024-08-31,C00354,Monitor,1,270.00
ORD-005814,2024-08-31,C00354,External SSD,1,140.00
ORD-005815,2024-08-31,C01483,Webcam,1,95.00
ORD-005815,2024-08-31,C01483,Mesh Wi-Fi Kit,2,320.00
ORD-005816,2024-08-31,C00374,Laptop,2,960.00
ORD-005816,2024-08-31,C00374,Mouse,2,25.00
ORD-005817,2024-08-31,C00703,USB-C Hub,1,36.00
ORD-005818,2024-08-31,C00107,Webcam,4,95.00
ORD-005818,2024-08-31,C00107,Mouse,1,25.00
ORD-005819,2024-08-31,C00829,Ultrawide Monitor,1,620.00
ORD-005820,2024-08-31,C00833,Mouse,3,25.00
ORD-005821,2024-08-31,C00876,Headphones,3,150.00
ORD-005822,2024-08-31,C01088,Tablet,1,480.00
ORD-005823,2024-08-31,C00757,Bluetooth Speaker,1,110.00
ORD-005824,2024-08-31,C00008,USB-C Hub,1,45.00
ORD-005825,2024-08-31,C00150,Webcam,1,95.00
ORD-005825,2024-08-31,C00150,Tablet,1,480.00
ORD-005825,2024-08-31,C00150,Microphone,5,130.00
ORD-005826,2024-08-31,C00757,Keyboard,4,80.00
ORD-005826,2024-08-31,C00757,USB-C Hub,2,45.00
ORD-005827,2024-08-31,C00139,Headphones,2,150.00
ORD-005828,2024-08-31,C00703,Mouse,1,25.00
ORD-005829,2024-08-31,C00767,Mouse,1,22.50
ORD-005829,2024-08-31,C00767,Hard Drive,2,85.00
ORD-005830,2024-08-31,C01422,Router,1,175.00
ORD-005831,2024-08-31,C01289,Microphone,1,130.00
ORD-005832,2024-08-31,C01385,Microphone,2,117.00
ORD-005833,2024-08-31,C01409,Monitor,2,300.00
ORD-005833,2024-08-31,C01409,Headphones,2,150.00
ORD-005833,2024-08-31,C01409,Webcam,2,95.00
ORD-005834,2024-08-31,C00703,Bluetooth Speaker,3,110.00
ORD-005835,2024-08-31,C01160,External SSD,2,140.00
ORD-005835,2024-08-31,C01160,Router,1,175.00
ORD-005836,2024-08-31,C01250,Headphones,4,150.00
ORD-005836,2024-08-31,C01250,Bluetooth Speaker,1,110.00
ORD-005837,2024-09-01,C00287,USB-C Hub,1,45.00
ORD-005837,2024-09-01,C00287,Mouse,1,25.00
ORD-005837,2024-09-01,C00287,Laptop,1,1200.00
ORD-005838,2024-09-01,C00829,Desktop PC,4,950.00
ORD-005838,2024-09-01,C00829,USB-C Hub,1,40.50
ORD-005839,2024-09-01,C00236,Monitor,1,300.00
ORD-005840,2024-09-01,C00339,Mouse,1,25.00
ORD-005841,2024-09-01,C01297,Mouse,1,22.50
ORD-005842,2024-09-01,C00239,Mouse,1,23.75
ORD-005842,2024-09-01,C00239,USB-C Hub,1,42.75
ORD-005843,not-a-date,C00344,Webcam,2,90.25
ORD-005844,2024-09-01,C00554,Mouse,2,25.00
ORD-005844,2024-09-01,C00554,Mesh Wi-Fi Kit,2,320.00
ORD-005844,2024-09-01,C00554,Desktop PC,2,950.00
ORD-005845,2024-09-01,C01288,USB-C Hub,1,42.75
ORD-005846,2024-09-01,C00414,Mouse,2,25.00
ORD-005847,2024-09-01,C00348,Keyboard,2,72.00
ORD-005848,2024-09-01,C00348,Hard Drive,1,85.00
ORD-005849,2024-09-01,C00829,Router,1,157.50
ORD-005850,2024-09-01,C00966,Keyboard,1,80.00
ORD-005850,2024-09-01,C00966,Hard Drive,2,68.00
ORD-005851,2024-09-01,C00513,Bluetooth Speaker,1,104.50
ORD-005852,2024-09-01,C00859,External SSD,1,112.00
ORD-005852,2024-09-01,C00859,Mouse,1,23.75
ORD-005853,2024-09-01,C01387,Hard Drive,1,80.75
ORD-005853,2024-09-01,C01387,Mouse,4,25.00
ORD-005854,2024-09-01,C01070,Ultrawide Monitor,1,620.00
ORD-005854,2024-09-01,C01070,USB-C Hub,1,40.50
ORD-005855,2024-09-01,C00009,Mouse,3,25.00
ORD-005856,2024-09-01,C00322,Keyboard,1,76.00
ORD-005857,2024-09-01,C00577,USB-C Hub,3,45.00
ORD-005857,2024-09-01,C00577,Keyboard,1,80.00
ORD-005857,2024-09-01,C00577,Hard Drive,0,85.00
ORD-005858,2024-09-01,C00688,Mouse,1,25.00
ORD-005859,2024-09-01,C00335,Hard Drive,1,68.00
ORD-005860,2024-09-01,C00703,Headphones,3,150.00
ORD-005861,2024-09-01,C01379,Mouse,2,25.00
ORD-005862,2024-09-01,C01132,Tablet,1,480.00
ORD-005863,2024-09-01,C00964,Keyboard,2,80.00
ORD-005864,2024-09-02,C00699,Mouse,1,22.50
ORD-005865,2024-09-02,C01226,Tablet,1,480.00
ORD-005865,2024-09-02,C01226,Router,2,175.00
ORD-005865,2024-09-02,C01226,Mouse,1,25.00
ORD-005866,2024-09-02,C00390,Headphones,1,150.00
ORD-005867,2024-09-02,C00013,USB-C Hub,2,45.00
ORD-005867,2024-09-02,C00013,Bluetooth Speaker,1,110.00
ORD-005867,2024-09-02,C00013,Tablet,1,480.00
ORD-005868,2024-09-02,C00859,USB-C Hub,1,45.00
ORD-005868,2024-09-02,C00859,Webcam,1,95.00
ORD-005869,2024-09-02,C01339,Mouse,2,25.00
ORD-005870,2024-09-02,C01160,Mouse,3,23.75
ORD-005870,2024-09-02,C01160,Keyboard,3,72.00
ORD-005871,2024-09-02,C00623,Bluetooth Speaker,1,110.00
ORD-005872,2024-09-02,C00870,Keyboard,2,80.00
ORD-005872,2024-09-02,C00870,Mouse,1,23.75
ORD-005872,2024-09-02,C00870,Webcam,1,85.50
ORD-005873,2024-09-02,C00829,Hard Drive,2,85.00
ORD-005873,2024-09-02,C00829,Keyboard,2,72.00
ORD-005874,2024-09-02,C01342,Webcam,1,95.00
ORD-005875,2024-09-02,C01160,Desktop PC,1,950.00
ORD-005876,2024-09-02,C00189,Hard Drive,1,85.00
ORD-005876,2024-09-02,C00189,Mouse,1,25.00
ORD-005877,2024-09-02,C00025,Microphone,1,130.00
ORD-005877,2024-09-02,C00025,Mouse,3,20.00
ORD-005878,2024-09-02,C01206,External SSD,1,140.00
ORD-005879,2024-09-02,C00703,Mouse,1,25.00
ORD-005880,2024-09-02,C00829,Ultrawide Monitor,1,620.00
ORD-005881,2024-09-02,C00610,USB-C Hub,1,45.00
ORD-005881,2024-09-02,C00610,Mouse,3,22.50
ORD-005881,2024-09-02,C00610,Keyboard,1,80.00
ORD-005882,2024-09-02,C00255,Hard Drive,1,76.50
ORD-005882,2024-09-02,C00255,Webcam,1,95.00
ORD-005883,2024-09-02,C00829,Bluetooth Speaker,1,110.00
ORD-005883,2024-09-02,C00829,External SSD,1,140.00
ORD-005884,2024-09-02,C01410,USB-C Hub,1,45.00
ORD-005884,2024-09-02,C01410,Microphone,1,130.00
ORD-005885,2024-09-02,C01184,Hard Drive,3,76.50
ORD-005886,2024-09-02,C01155,Mouse,1,23.75
ORD-005887,2024-09-02,C00655,Microphone,2,117.00
ORD-005887,2024-09-02,C00655,Monitor,2,300.00
ORD-005887,2024-09-02,C00655,External SSD,1,140.00
ORD-005888,2024-09-02,C01152,Router,1,157.50
ORD-005889,2024-09-03,C00703,Mouse,1,25.00
ORD-005890,2024-09-03,C00001,Keyboard,1,80.00
ORD-005890,2024-09-03,C00001,Mouse,3,25.00
ORD-005891,2024-09-03,C00703,Tablet,1,480.00
ORD-005891,2024-09-03,C00703,Keyboard,3,80.00
ORD-005891,2024-09-03,C00703,Hard Drive,1,85.00
ORD-005892,2024-09-03,C01305,External SSD,1,140.00
ORD-005892,2024-09-03,C01305,USB-C Hub,1,45.00
ORD-005893,2024-09-03,C01365,USB-C Hub,2,45.00
ORD-005894,2024-09-03,C00881,Tablet,1,480.00
ORD-005895,2024-09-03,C01105,Mouse,1,25.00
ORD-005896,2024-09-03,C01063,External SSD,1,133.00
ORD-005896,2024-09-03,C01063,Keyboard,2,80.00
ORD-005897,2024-09-03,C00030,Desktop PC,1,950.00
ORD-005898,2024-09-03,C01160,Mouse,2,25.00
ORD-005899,2024-09-03,C01008,External SSD,5,140.00
ORD-005900,2024-09-03,C00790,External SSD,2,140.00
ORD-005901,2024-09-03,C00829,Desktop PC,1,950.00
ORD-005902,2024-09-03,C00752,Ultrawide Monitor,1,589.00
ORD-005902,2024-09-03,C00752,Keyboard,1,76.00
ORD-005903,2024-09-03,C01206,Ultrawide Monitor,1,620.00
ORD-005903,2024-09-03,C01206,Mouse,2,25.00
ORD-005904,2024-09-03,C01099,Microphone,1,130.00
ORD-005905,2024-09-03,C00375,Desktop PC,1,950.00
ORD-005906,2024-09-03,C01364,Router,1,157.50
ORD-005906,2024-09-03,C01364,Desktop PC,1,950.00
ORD-005907,2024-09-03,C00703,Microphone,1,123.50
ORD-005908,2024-09-04,C01160,Desktop PC,1,950.00
ORD-005909,2024-09-04,C00102,Mouse,3,22.50
ORD-005910,2024-09-04,C01485,Laptop,2,1200.00
ORD-005911,2024-09-04,C00419,Router,1,157.50
ORD-005911,2024-09-04,C00419,Mouse,1,25.00
ORD-005912,2024-09-04,C00829,USB-C Hub,1,45.00
ORD-005913,2024-09-04,C00987,USB-C Hub,-1,36.00
ORD-005914,2024-09-04,C01488,USB-C Hub,4,42.75
ORD-005915,2024-09-04,C00419,Webcam,1,95.00
ORD-005915,2024-09-04,C00419,External SSD,2,140.00
ORD-005915,2024-09-04,C00419,USB-C Hub,1,45.00
ORD-005916,2024-09-04,C00879,Ultrawide Monitor,1,620.00
ORD-005917,2024-09-04,C00693,Router,1,166.25
ORD-005917,2024-09-04,C00693,USB-C Hub,5,45.00
ORD-005917,2024-09-04,C00693,Mouse,4,22.50
ORD-005918,2024-09-04,C00189,External SSD,2,140.00
ORD-005919,2024-09-04,C00600,Webcam,2,85.50
ORD-005919,2024-09-04,C00600,Mouse,5,25.00
ORD-005920,2024-09-04,C00830,Mouse,1,23.75
ORD-005921,2024-09-04,C00870,Mouse,3,23.75
ORD-005921,2024-09-04,C00870,External SSD,1,140.00
ORD-005921,2024-09-04,C00870,Tablet,1,480.00
ORD-005922,2024-09-04,C00634,Headphones,2,150.00
ORD-005922,2024-09-04,C00634,USB-C Hub,3,40.50
ORD-005923,2024-09-04,C01059,Router,4,157.50
ORD-005924,2024-09-04,C00869,Webcam,1,95.00
ORD-005925,2024-09-04,C00703,USB-C Hub,1,45.00
ORD-005925,2024-09-04,C00703,Webcam,1,90.25
ORD-005925,2024-09-04,C00703,Bluetooth Speaker,1,110.00
ORD-005926,2024-09-04,C00339,USB-C Hub,1,36.00
ORD-005927,2024-09-04,C00703,Microphone,2,130.00
ORD-005928,2024-09-04,C01258,Hard Drive,3,85.00
ORD-005929,2024-09-04,C00881,USB-C Hub,-1,45.00
ORD-005930,2024-09-04,C00757,Webcam,1,90.25
ORD-005930,2024-09-04,C00757,Mouse,5,25.00
ORD-005931,2024-09-04,C00064,Router,1,166.25
ORD-005932,2024-09-05,C00172,External SSD,3,140.00
ORD-005933,2024-09-05,C00513,Monitor,3,300.00
ORD-005934,2024-09-05,C00321,Mouse,5,25.00
ORD-005934,2024-09-05,C00321,Laptop,1,1200.00
ORD-005935,2024-09-05,C00419,Keyboard,2,64.00
ORD-005936,2024-09-05,C00876,USB-C Hub,1,42.75
ORD-005937,2024-09-05,C01116,Router,1,166.25
ORD-005937,2024-09-05,C01116,Mouse,2,25.00
ORD-005938,2024-09-05,C00703,Webcam,1,95.00
ORD-005939,2024-09-05,C00055,Mouse,2,25.00
ORD-005940,2024-09-05,C00564,Hard Drive,1,76.50
ORD-005941,2024-09-05,C00705,Webcam,1,95.00
ORD-005942,2024-09-05,C01342,Mouse,1,25.00
ORD-005943,2024-09-05,C00348,USB-C Hub,2,40.50
ORD-005944,2024-09-05,C01160,Keyboard,1,76.00
ORD-005945,2024-09-05,C01160,Webcam,1,95.00
ORD-005946,2024-09-05,C00966,Hard Drive,3,80.75
ORD-005946,2024-09-05,C00966,External SSD,2,140.00
ORD-005947,2024-09-05,C00419,USB-C Hub,2,42.75
ORD-005947,2024-09-05,C00419,Mouse,1,25.00
ORD-005947,2024-09-05,C00419,Webcam,2,90.25
ORD-005948,2024-09-05,C00366,Bluetooth Speaker,1,110.00
ORD-005948,2024-09-05,C00366,Mouse,4,25.00
ORD-005949,2024-09-05,C01487,Webcam,1,95.00
ORD-005949,2024-09-05,C01487,Tablet,5,480.00
ORD-005950,2024-09-05,C00339,Headphones,1,150.00
ORD-005951,2024-09-05,C00829,Mouse,1,20.00
ORD-005952,2024-09-05,C00196,Keyboard,2,64.00
ORD-005952,2024-09-05,C00196,Mouse,2,25.00
ORD-005953,2024-09-05,C00752,USB-C Hub,1,45.00
ORD-005953,2024-09-05,C00752,Bluetooth Speaker,1,110.00
ORD-005954,2024-09-05,C00829,Keyboard,1,80.00
ORD-005955,2024-09-05,C01225,Headphones,1,150.00
ORD-005955,2024-09-05,C01225,Hard Drive,1,85.00
ORD-005956,2024-09-06,C00413,Monitor,1,285.00
ORD-005957,2024-09-06,C00703,Keyboard,1,80.00
ORD-005958,2024-09-06,C00210,Desktop PC,3,950.00
ORD-005959,2024-09-06,C01160,Bluetooth Speaker,1,88.00
ORD-005960,2024-09-06,C01342,Keyboard,1,72.00
ORD-005960,2024-09-06,C01342,Webcam,1,95.00
ORD-005961,2024-09-06,C00008,Webcam,1,90.25
ORD-005962,2024-09-06,C01225,USB-C Hub,1,45.00
ORD-005962,2024-09-06,C01225,Mesh Wi-Fi Kit,4,320.00
ORD-005962,2024-09-06,C01225,Headphones,1,150.00
ORD-005963,2024-09-06,C01160,Router,1,175.00
ORD-005963,2024-09-06,C01160,Monitor,2,270.00
ORD-005963,2024-09-06,C01160,Tablet,1,432.00
ORD-005964,2024-09-06,C00703,Webcam,2,90.25
ORD-005965,2024-09-06,C01160,Laptop,1,1200.00
ORD-005965,2024-09-06,C01160,Mouse,1,25.00
ORD-005966,2024-09-06,C01393,Mouse,1,25.00
ORD-005966,2024-09-06,C01393,Bluetooth Speaker,1,110.00
ORD-005967,2024-09-06,C01454,USB-C Hub,1,40.50
ORD-005968,2024-09-06,C00829,Keyboard,3,80.00
ORD-005969,not-a-date,C00703,Webcam,2,90.25
ORD-005970,2024-09-06,C01417,Keyboard,1,80.00
ORD-005970,2024-09-06,C01417,Tablet,2,480.00
ORD-005971,2024-09-06,C00445,USB-C Hub,5,45.00
ORD-005971,2024-09-06,C00445,Microphone,1,130.00
ORD-005971,2024-09-06,C00445,Webcam,3,95.00
ORD-005972,2024-09-06,C00881,Bluetooth Speaker,1,110.00
ORD-005973,2024-09-06,C00837,Mouse,2,25.00
ORD-005974,2024-09-06,C00137,Microphone,1,130.00
ORD-005975,2024-09-06,C01462,Mouse,1,25.00
ORD-005976,2024-09-06,C01124,Keyboard,2,72.00
ORD-005977,2024-09-06,C01160,Router,1,175.00
ORD-005977,2024-09-06,C01160,Mouse,3,25.00
ORD-005978,2024-09-06,C00859,Monitor,1,300.00
ORD-005979,2024-09-06,C01160,Microphone,3,130.00
ORD-005979,2024-09-06,C01160,Keyboard,2,80.00
ORD-005979,2024-09-06,C01160,Bluetooth Speaker,1,110.00
ORD-005980,2024-09-06,C00514,External SSD,1,140.00
ORD-005981,2024-09-06,C00757,Bluetooth Speaker,1,110.00
ORD-005982,2024-09-06,C00184,Headphones,1,135.00
ORD-005983,2024-09-06,C00597,Keyboard,4,80.00
ORD-005984,2024-09-06,C00647,Router,1,166.25
ORD-005985,2024-09-06,C01124,Hard Drive,2,85.00
ORD-005985,2024-09-06,C01124,Monitor,2,240.00
ORD-005986,2024-09-06,C00290,USB-C Hub,5,45.00
ORD-005986,2024-09-06,C00290,Mouse,1,25.00
ORD-005986,2024-09-06,C00290,Hard Drive,1,80.75
ORD-005987,2024-09-06,C00499,Mesh Wi-Fi Kit,1,304.00
ORD-005987,2024-09-06,C00499,External SSD,1,140.00
ORD-005987,2024-09-06,C00499,Keyboard,1,80.00
ORD-005988,2024-09-06,C00829,Hard Drive,1,76.50
ORD-005989,2024-09-06,C01409,Hard Drive,1,80.75
ORD-005989,2024-09-06,C01409,Mouse,1,20.00
ORD-005990,2024-09-06,C00999,Desktop PC,1,950.00
ORD-005991,2024-09-07,C00703,Router,1,166.25
ORD-005992,2024-09-07,C01225,Router,2,166.25
ORD-005993,2024-09-07,C00478,External SSD,3,140.00
ORD-005993,2024-09-07,C00478,Monitor,2,240.00
ORD-005994,2024-09-07,C00348,Laptop,1,1140.00
ORD-005995,2024-09-07,C00592,Microphone,1,117.00
ORD-005996,2024-09-07,C00368,Bluetooth Speaker,2,110.00
ORD-005997,2024-09-07,C00703,Mouse,2,22.50
ORD-005998,2024-09-07,C00808,Mouse,3,25.00
ORD-005999,2024-09-07,C00703,Router,1,175.00
ORD-006000,2024-09-07,C00249,Headphones,1,135.00
ORD-006001,2024-09-07,C00610,Webcam,1,90.25
ORD-006002,2024-09-07,C01379,Microphone,1,130.00
ORD-006003,2024-09-07,C01215,External SSD,1,133.00
ORD-006003,2024-09-07,C01215,Headphones,3,150.00
ORD-006004,2024-09-07,C00906,Mesh Wi-Fi Kit,3,320.00
ORD-006004,2024-09-07,C00906,Keyboard,1,80.00
ORD-006005,2024-09-07,C00432,Mesh Wi-Fi Kit,2,320.00
ORD-006005,2024-09-07,C00432,Router,5,175.00
ORD-006006,2024-09-07,C01396,Ultrawide Monitor,3,558.00
ORD-006007,2024-09-07,C01481,Mouse,1,25.00
ORD-006008,2024-09-07,C01342,Bluetooth Speaker,1,99.00
ORD-006009,2024-09-07,C00808,USB-C Hub,2,45.00
ORD-006009,2024-09-07,C00808,External SSD,1,126.00
ORD-006010,2024-09-07,C00130,Microphone,1,130.00
ORD-006011,2024-09-07,C01090,Headphones,1,135.00
ORD-006012,2024-09-07,C01285,Webcam,2,95.00
ORD-006013,2024-09-07,C00870,USB-C Hub,2,45.00
ORD-006013,2024-09-07,C00870,Hard Drive,1,85.00
ORD-006014,2024-09-07,C00816,Tablet,5,480.00
ORD-006015,2024-09-07,C01298,Desktop PC,5,902.50
ORD-006015,2024-09-07,C01298,Keyboard,1,80.00
ORD-006015,2024-09-07,C01298,Mouse,2,25.00
ORD-006016,2024-09-07,C01317,Bluetooth Speaker,1,110.00
ORD-006016,2024-09-07,C01317,USB-C Hub,2,42.75
ORD-006017,2024-09-07,C00527,Monitor,1,300.00
ORD-006018,2024-09-07,C01268,Mesh Wi-Fi Kit,1,320.00
ORD-006019,2024-09-07,C01160,Router,1,175.00
ORD-006020,2024-09-07,C01419,Keyboard,1,72.00
ORD-006021,2024-09-07,C01077,Router,1,175.00
ORD-006022,2024-09-07,C01457,External SSD,1,140.00
ORD-006022,2024-09-07,C01457,USB-C Hub,1,45.00
ORD-006023,2024-09-07,C00703,External SSD,1,140.00
ORD-006024,2024-09-07,C00927,Mouse,1,25.00
ORD-006025,2024-09-07,C01160,USB-C Hub,1,45.00
ORD-006026,2024-09-07,C00458,USB-C Hub,1,45.00
ORD-006027,2024-09-07,C00117,Keyboard,2,80.00
ORD-006027,2024-09-07,C00117,Mesh Wi-Fi Kit,1,304.00
ORD-006028,2024-09-07,C00703,Keyboard,5,80.00
ORD-006029,2024-09-07,C00473,USB-C Hub,1,45.00
ORD-006029,2024-09-07,C00473,Bluetooth Speaker,1,110.00
ORD-006030,2024-09-07,C01160,Mouse,1,23.75
ORD-006030,2024-09-07,C01160,Ultrawide Monitor,1,558.00
ORD-006031,2024-09-08,C00175,Laptop,1,1140.00
ORD-006032,2024-09-08,C01400,Microphone,1,130.00
ORD-006033,2024-09-08,C01294,USB-C Hub,1,45.00
ORD-006034,2024-09-08,C00114,Router,3,166.25
ORD-006035,2024-09-08,C01052,Hard Drive,1,76.50
ORD-006035,2024-09-08,C01052,USB-C Hub,1,45.00
ORD-006036,2024-13-45,C00055,Router,1,175.00
ORD-006037,2024-09-08,C01436,Microphone,1,130.00
ORD-006037,2024-09-08,C01436,Mouse,2,25.00
ORD-006037,2024-09-08,C01436,Hard Drive,4,85.00
ORD-006038,2024-09-08,C01160,Mouse,1,20.00
ORD-006038,2024-09-08,C01160,USB-C Hub,2,45.00
ORD-006038,2024-09-08,C01160,Bluetooth Speaker,1,110.00
ORD-006039,2024-09-08,C00703,Webcam,2,95.00
ORD-006040,2024-09-08,C00362,USB-C Hub,2,45.00
ORD-006041,2024-09-08,C00829,Monitor,2,300.00
ORD-006042,2024-09-08,C00064,External SSD,1,140.00
ORD-006043,2024-09-08,C00192,Hard Drive,1,80.75
ORD-006044,2024-09-08,C00411,Bluetooth Speaker,1,110.00
ORD-006045,2024-09-08,C01406,Bluetooth Speaker,1,110.00
ORD-006045,2024-09-08,C01406,Router,1,175.00
ORD-006046,2024-09-08,C00286,Hard Drive,1,85.00
ORD-006046,2024-09-08,C00286,USB-C Hub,2,45.00
ORD-006046,2024-09-08,C00286,Bluetooth Speaker,2,110.00
ORD-006047,2024-09-08,C01364,Mouse,4,25.00
ORD-006048,2024-09-08,C00703,Mesh Wi-Fi Kit,1,320.00
ORD-006049,2024-09-08,C00394,Bluetooth Speaker,1,99.00
ORD-006050,2024-09-08,C00997,External SSD,1,140.00
ORD-006051,2024-09-08,C00693,Keyboard,5,80.00
ORD-006051,2024-09-08,C00693,Mouse,4,25.00
ORD-006052,2024-09-08,C00178,USB-C Hub,1,45.00
ORD-006053,2024-09-08,C00609,Mouse,1,25.00
ORD-006054,2024-09-08,C00703,Bluetooth Speaker,1,104.50
ORD-006054,2024-09-08,C00703,Keyboard,1,80.00
ORD-006055,2024-09-08,C01289,Webcam,1,95.00
ORD-006056,2024-09-08,C00702,Hard Drive,1,85.00
ORD-006057,2024-09-08,C00339,USB-C Hub,1,45.00
ORD-006058,2024-09-08,C00137,External SSD,1,126.00
ORD-006059,2024-09-08,C00348,Bluetooth Speaker,1,110.00
ORD-006060,2024-09-08,C00829,USB-C Hub,1,45.00
ORD-006060,2024-09-08,C00829,Bluetooth Speaker,2,110.00
ORD-006061,2024-09-08,C00375,Keyboard,1,72.00
ORD-006062,2024-09-08,C01289,USB-C Hub,1,45.00
ORD-006062,2024-09-08,C01289,Hard Drive,2,85.00
ORD-006063,2024-09-08,C01436,Laptop,1,1200.00
ORD-006064,2024-09-08,C00989,Hard Drive,1,85.00
ORD-006065,2024-09-08,C00295,External SSD,1,140.00
ORD-006065,2024-09-08,C00295,USB-C Hub,2,40.50
ORD-006066,2024-09-09,C01160,Mouse,1,25.00
ORD-006067,2024-09-09,C00701,Webcam,1,95.00
ORD-006068,2024-09-09,C00998,Mouse,1,20.00
ORD-006068,2024-09-09,C00998,Mesh Wi-Fi Kit,1,304.00
ORD-006069,2024-09-09,C00452,Mouse,4,25.00
ORD-006070,2024-09-09,C01437,USB-C Hub,2,40.50
ORD-006071,2024-09-09,C00339,Headphones,1,142.50
ORD-006071,2024-09-09,C00339,Laptop,2,1080.00
ORD-006071,2024-09-09,C00339,Keyboard,1,80.00
ORD-006072,2024-09-09,C00769,Headphones,2,120.00
ORD-006073,2024-09-09,C00752,Mesh Wi-Fi Kit,1,320.00
ORD-006073,2024-09-09,C00752,Hard Drive,1,85.00
ORD-006074,2024-09-09,C00803,Router,1,166.25
ORD-006074,2024-09-09,C00803,Mouse,1,25.00
ORD-006075,2024-09-09,C00137,Headphones,1,150.00
ORD-006075,2024-09-09,C00137,Hard Drive,2,85.00
ORD-006076,2024-09-09,C00859,Ultrawide Monitor,1,620.00
ORD-006077,2024-09-09,C00003,Keyboard,2,64.00
ORD-006077,2024-09-09,C00003,Mouse,1,25.00
ORD-006077,2024-09-09,C00003,External SSD,1,140.00
ORD-006078,2024-09-09,C01044,Mouse,1,25.00
ORD-006078,2024-09-09,C01044,Microphone,5,130.00
ORD-006079,2024-09-09,C00426,Monitor,4,300.00
ORD-006080,2024-09-09,C00267,Router,5,175.00
ORD-006081,2024-09-09,C01046,USB-C Hub,1,45.00
ORD-006081,2024-09-09,C01046,Mouse,1,25.00
ORD-006082,2024-09-09,C00064,Mouse,1,25.00
ORD-006082,2024-09-09,C00064,External SSD,1,140.00
ORD-006083,2024-09-09,C00703,Microphone,3,130.00
ORD-006084,2024-09-09,C00100,Bluetooth Speaker,1,110.00
ORD-006085,2024-09-09,C00473,Mouse,1,20.00
ORD-006086,2024-09-09,C01289,Keyboard,1,80.00
ORD-006086,2024-09-09,C01289,Microphone,2,123.50
ORD-006086,2024-09-09,C01289,Mesh Wi-Fi Kit,1,304.00
ORD-006087,2024-09-10,C00236,Mouse,1,25.00
ORD-006087,2024-09-10,C00236,Bluetooth Speaker,2,99.00
ORD-006088,2024-09-10,C00873,Mouse,4,23.75
ORD-006088,2024-09-10,C00873,Bluetooth Speaker,3,110.00
ORD-006088,2024-09-10,C00873,Headphones,2,150.00
ORD-006089,2024-09-10,C01288,Microphone,2,130.00
ORD-006089,2024-09-10,C01288,Hard Drive,1,85.00
ORD-006090,2024-09-10,C01443,Mouse,1,23.75
ORD-006091,2024-13-45,C01124,External SSD,1,140.00
ORD-006091,2024-09-10,C01124,Bluetooth Speaker,2,104.50
ORD-006091,2024-09-10,C01124,Router,1,157.50
ORD-006092,2024-09-10,C00295,Mouse,1,23.75
ORD-006093,2024-09-10,C00347,Mouse,3,25.00
ORD-006094,2024-09-10,C01485,Webcam,1,95.00
ORD-006095,2024-09-10,,Mouse,2,23.75
ORD-006096,2024-09-10,C00703,USB-C Hub,3,45.00
ORD-006097,2024-09-10,C00175,USB-C Hub,1,45.00
ORD-006098,2024-09-10,C01353,Ultrawide Monitor,1,620.00
ORD-006099,2024-09-10,C01160,Mouse,2,25.00
ORD-006100,2024-09-10,C01379,Bluetooth Speaker,3,110.00
ORD-006101,2024-09-10,C01339,Bluetooth Speaker,2,110.00
ORD-006101,2024-09-10,C01339,USB-C Hub,2,36.00
ORD-006102,2024-09-10,C00554,Headphones,1,150.00
ORD-006103,2024-09-10,C00200,Monitor,4,300.00
ORD-006104,2024-09-10,C00013,Mouse,5,25.00
ORD-006105,2024-09-10,C00881,Keyboard,1,72.00
ORD-006105,2024-09-10,C00881,Mouse,1,25.00
ORD-006106,2024-09-10,C01404,Router,1,175.00
ORD-006107,2024-09-10,C00305,Laptop,1,1200.00
ORD-006108,2024-09-10,C00829,Mesh Wi-Fi Kit,5,320.00
ORD-006109,2024-09-10,C00994,Bluetooth Speaker,3,N/A
ORD-006109,2024-09-10,C00994,Keyboard,3,76.00
ORD-006110,2024-09-10,C00137,Router,2,166.25
ORD-006110,2024-09-10,C00137,Hard Drive,4,85.00
ORD-006110,2024-09-10,C00137,Bluetooth Speaker,3,110.00
ORD-006111,2024-09-10,C00703,USB-C Hub,1,45.00
ORD-006112,2024-09-10,C01127,Microphone,1,130.00
ORD-006113,2024-09-10,C00339,External SSD,2,140.00
ORD-006114,2024-09-11,C01124,Router,1,166.25
ORD-006115,2024-09-11,C00829,USB-C Hub,1,45.00
ORD-006116,2024-09-11,C00611,USB-C Hub,1,42.75
ORD-006117,2024-09-11,C00264,USB-C Hub,2,45.00
ORD-006118,2024-09-11,C00475,USB-C Hub,2,45.00
ORD-006118,2024-09-11,C00475,Bluetooth Speaker,1,104.50
ORD-006119,2024-09-11,C01387,Mouse,4,20.00
ORD-006119,2024-09-11,C01387,Hard Drive,1,85.00
ORD-006119,2024-09-11,C01387,Webcam,1,95.00
ORD-006120,2024-09-11,C00928,USB-C Hub,2,45.00
ORD-006121,2024-09-11,C00829,External SSD,1,140.00
ORD-006121,2024-09-11,C00829,USB-C Hub,1,45.00
ORD-006122,2024-09-11,C01160,Mouse,2,25.00
ORD-006123,2024-09-11,C00693,Hard Drive,1,76.50
ORD-006123,2024-09-11,C00693,Keyboard,2,80.00
ORD-006124,2024-09-11,,Webcam,1,95.00
ORD-006124,2024-09-11,C01160,Mouse,4,25.00
ORD-006125,2024-09-11,C00703,Bluetooth Speaker,3,88.00
ORD-006125,2024-09-11,C00703,Microphone,3,130.00
ORD-006126,2024-09-11,C01500,Headphones,1,150.00
ORD-006127,2024-09-11,C01285,Keyboard,3,80.00
ORD-006127,2024-09-11,C01285,Monitor,2,300.00
ORD-006128,2024-09-11,C00977,Keyboard,1,76.00
ORD-006129,2024-09-11,C00757,  Keyboard ,1,80.00
ORD-006130,2024-09-11,C00530,Bluetooth Speaker,1,110.00
ORD-006131,2024-09-11,C01160,Hard Drive,1,80.75
ORD-006132,2024-09-11,C00829,Mouse,4,25.00
ORD-006132,2024-09-11,C00829,Keyboard,1,80.00
ORD-006132,2024-09-11,C00829,Router,1,175.00
ORD-006133,2024-09-11,C00576,Microphone,2,130.00
ORD-006133,2024-09-11,C00576,USB-C Hub,3,45.00
ORD-006134,2024-09-11,C00137,USB-C Hub,1,45.00
ORD-006134,2024-09-11,C00137,Webcam,1,95.00
ORD-006134,2024-09-11,C00137,Headphones,3,150.00
ORD-006135,2024-09-11,C01225,Keyboard,4,80.00
ORD-006136,2024-09-11,C01160,Microphone,3,130.00
ORD-006136,2024-09-11,C01160,Ultrawide Monitor,1,620.00
ORD-006137,2024-09-11,C01219,Keyboard,1,80.00
ORD-006137,2024-09-11,C01219,USB-C Hub,2,45.00
ORD-006138,2024-09-12,C00547,Desktop PC,2,950.00
ORD-006138,2024-09-12,C00547,Laptop,1,960.00
ORD-006139,2024-09-12,C00829,Laptop,1,1200.00
ORD-006140,2024-09-12,C01285,Hard Drive,1,85.00
ORD-006140,2024-09-12,C01285,Microphone,1,130.00
ORD-006141,2024-09-12,C00348,Bluetooth Speaker,1,110.00
ORD-006142,2024-09-12,C00734,Monitor,3,300.00
ORD-006143,2024-09-12,C01124,Mouse,1,22.50
ORD-006143,2024-09-12,C01124,Hard Drive,1,80.75
ORD-006143,2024-09-12,C01124,Microphone,1,130.00
ORD-006144,2024-09-12,C00703,Router,1,175.00
ORD-006144,2024-09-12,C00703,Bluetooth Speaker,2,110.00
ORD-006145,2024-09-12,C00137,USB-C Hub,1,45.00
ORD-006145,2024-09-12,C00137,Mouse,1,22.50
ORD-006146,2024-09-12,C00829,External SSD,1,140.00
ORD-006147,2024-09-12,C00896,External SSD,1,133.00
ORD-006148,2024-09-12,C00631,Microphone,3,130.00
ORD-006149,2024-09-12,C01105,Keyboard,1,80.00
ORD-006150,2024-09-12,C01419,Bluetooth Speaker,1,110.00
ORD-006150,2024-09-12,C01419,Mouse,2,20.00
ORD-006151,2024-09-12,C00323,Mouse,4,25.00
ORD-006151,2024-09-12,C00323,Headphones,1,142.50
ORD-006151,2024-09-12,C00323,Hard Drive,2,85.00
ORD-006152,2024-09-12,C00643,External SSD,1,140.00
ORD-006152,2024-09-12,C00643,Mouse,2,25.00
ORD-006152,2024-09-12,C00643,Keyboard,1,80.00
ORD-006153,2024-09-12,C00433,Hard Drive,1,76.50
ORD-006153,2024-09-12,C00433,Monitor,1,285.00
ORD-006153,2024-09-12,C00433,Mouse,2,25.00
ORD-006154,2024-09-12,C00694,Mesh Wi-Fi Kit,2,320.00
ORD-006154,2024-09-12,C00694,USB-C Hub,1,42.75
ORD-006155,2024-09-12,C00703,Mouse,3,23.75
ORD-006156,2024-09-12,C01217,External SSD,1,140.00
ORD-006156,2024-09-12,C01217,Keyboard,3,80.00
ORD-006157,2024-09-12,C01160,Laptop,1,1200.00
ORD-006158,2024-09-12,C00966,Keyboard,1,80.00
ORD-006158,2024-09-12,C00966,External SSD,2,140.00
ORD-006158,2024-09-12,C00966,Microphone,2,123.50
ORD-006159,2024-09-12,C01160,Mouse,3,25.00
ORD-006160,2024-09-12,C00718,Mouse,2,25.00
ORD-006160,2024-09-12,C00718,Microphone,1,130.00
ORD-006161,2024-09-12,C00829,Monitor,2,300.00
ORD-006162,2024-09-12,C00829,Router,1,175.00
ORD-006163,2024-09-12,C00137,Bluetooth Speaker,1,110.00
ORD-006164,2024-09-12,C00388,Webcam,1,95.00
ORD-006165,2024-09-12,C01206,Laptop,1,1200.00
ORD-006166,2024-09-12,C00130,Mouse,1,25.00
ORD-006167,2024-09-12,C00750,Desktop PC,2,855.00
ORD-006168,2024-09-12,C01037,Headphones,1,142.50
ORD-006169,2024-09-12,C01186,Mouse,3,25.00
ORD-006169,2024-09-12,C01186,Keyboard,1,80.00
ORD-006170,2024-09-12,C00703,USB-C Hub,2,42.75
ORD-006170,2024-09-12,C00703,Bluetooth Speaker,2,110.00
ORD-006171,2024-09-12,C01367,USB-C Hub,1,40.50
ORD-006171,2024-09-12,C01367,Hard Drive,5,80.75
ORD-006172,2024-09-13,C00391,Webcam,5,95.00
ORD-006173,2024-09-13,C00549,External SSD,1,140.00
ORD-006173,2024-09-13,C00549,Bluetooth Speaker,1,110.00
ORD-006174,2024-09-13,C00591,Bluetooth Speaker,1,99.00
ORD-006175,2024-09-13,C00927,Mouse,1,25.00
ORD-006176,2024-09-13,C01245,Monitor,3,300.00
ORD-006177,2024-09-13,C00703,USB-C Hub,1,45.00
ORD-006177,2024-09-13,C00703,External SSD,3,140.00
ORD-006177,2024-09-13,C00703,Hard Drive,1,80.75
ORD-006178,2024-09-13,C00703,Router,1,175.00
ORD-006179,2024-09-13,C01096,Bluetooth Speaker,2,110.00
ORD-006180,2024-09-13,C00829,Hard Drive,1,76.50
ORD-006181,2024-09-13,C00843,USB-C Hub,1,45.00
ORD-006182,2024-09-13,C00419,Hard Drive,1,80.75
ORD-006182,2024-09-13,C00419,Laptop,1,1200.00
ORD-006183,2024-09-13,C00703,Mouse,1,25.00
ORD-006183,2024-09-13,C00703,Router,2,175.00
ORD-006184,2024-09-13,C00766,Keyboard,1,80.00
ORD-006185,2024-09-13,C01436,Keyboard,1,72.00
ORD-006186,2024-09-13,C00343,Mouse,2,25.00
ORD-006186,2024-09-13,C00343,Webcam,2,95.00
ORD-006187,2024-09-13,C01470,Mouse,1,23.75
ORD-006187,2024-09-13,C01470,External SSD,1,140.00
ORD-006188,2024-09-13,C00250,Webcam,1,95.00
ORD-006188,2024-09-13,C00250,Mouse,4,23.75
ORD-006189,2024-09-13,C00982,Keyboard,2,72.00
ORD-006189,2024-09-13,C00982,External SSD,2,140.00
ORD-006189,2024-09-13,C00982,Headphones,1,150.00
ORD-006190,2024-09-13,C00995,Webcam,1,85.50
ORD-006190,2024-09-13,C00995,Microphone,1,130.00
ORD-006191,2024-09-13,C00703,USB-C Hub,1,45.00
ORD-006192,2024-09-13,C00607,Mouse,3,25.00
ORD-006192,2024-09-13,C00607,Tablet,1,480.00
ORD-006192,2024-09-13,C00607,Router,2,175.00
ORD-006193,2024-09-13,C01217,Mesh Wi-Fi Kit,1,320.00
ORD-006194,2024-09-13,C01245,Microphone,1,130.00
ORD-006195,2024-09-13,C00064,Hard Drive,1,85.00
ORD-006195,2024-09-13,C00064,Mesh Wi-Fi Kit,1,320.00
ORD-006195,2024-09-13,C00064,Bluetooth Speaker,2,110.00
ORD-006196,2024-09-13,C00158,Microphone,1,123.50
ORD-006197,2024-09-13,C00610,Ultrawide Monitor,3,620.00
ORD-006198,2024-09-13,C00248,Webcam,2,76.00
ORD-006199,2024-09-14,C01160,Mouse,1,25.00
ORD-006199,2024-09-14,C01160,Keyboard,1,72.00
ORD-006200,2024-09-14,C00406,Mouse,5,25.00
ORD-006201,2024-09-14,C00491,Microphone,1,130.00
ORD-006201,2024-09-14,C00491,Mouse,2,22.50
ORD-006202,2024-09-14,C00541,Headphones,1,150.00
ORD-006203,2024-09-14,C00895,Router,1,175.00
ORD-006203,2024-09-14,C00895,Bluetooth Speaker,2,110.00
ORD-006203,2024-09-14,C00895,Mesh Wi-Fi Kit,4,304.00
ORD-006204,2024-09-14,C00792,Mouse,2,25.00
ORD-006205,2024-09-14,C00881,Webcam,1,95.00
ORD-006206,2024-09-14,C00410,External SSD,1,140.00
ORD-006206,2024-09-14,C00410,Microphone,1,130.00
ORD-006207,2024-09-14,C00699,Router,4,157.50
ORD-006208,2024-09-14,C00041,Laptop,1,1200.00
ORD-006209,2024-09-14,C00703,Monitor,1,300.00
ORD-006210,2024-09-14,C00348,Desktop PC,3,855.00
ORD-006210,2024-09-14,C00348,Keyboard,3,80.00
ORD-006211,2024-09-14,C00321,Hard Drive,1,85.00
ORD-006211,2024-09-14,C00321,USB-C Hub,3,42.75
ORD-006212,2024-09-14,C00664,Bluetooth Speaker,1,110.00
ORD-006213,2024-09-14,C00348,Webcam,1,90.25
ORD-006214,2024-09-14,C00703,USB-C Hub,1,40.50
ORD-006214,2024-09-14,C00703,External SSD,3,126.00
ORD-006215,2024-09-14,C00626,USB-C Hub,5,42.75
ORD-006215,2024-09-14,C00626,External SSD,2,140.00
ORD-006216,2024-09-14,C00039,Keyboard,0,80.00
ORD-006216,2024-09-14,C00039,Mouse,1,25.00
ORD-006216,2024-09-14,C00039,Hard Drive,3,80.75
ORD-006217,2024-09-14,C00703,USB-C Hub,1,42.75
ORD-006217,2024-09-14,C00703,Router,1,175.00
ORD-006218,2024-09-14,C01387,Keyboard,2,80.00
ORD-006219,2024-09-14,C00975,Mouse,2,25.00
ORD-006220,2024-09-14,C01419,USB-C Hub,3,45.00
ORD-006220,2024-09-14,C01419,Mouse,1,25.00
ORD-006221,2024-09-14,C00138,USB-C Hub,1,36.00
ORD-006222,2024-09-14,C01160,Mouse,2,25.00
ORD-006222,2024-09-14,C01160,Keyboard,3,80.00
ORD-006223,2024-09-14,C01145,Microphone,1,123.50
ORD-006223,2024-09-14,C01145,Ultrawide Monitor,1,620.00
ORD-006224,2024-09-14,C00703,Keyboard,4,80.00
ORD-006225,2024-09-14,C00610,USB-C Hub,4,45.00
ORD-006226,2024-09-14,C00703,Keyboard,2,80.00
ORD-006227,2024-09-14,C00458,USB-C Hub,1,45.00
ORD-006227,2024-09-14,C00458,Microphone,1,130.00
ORD-006228,2024-09-14,C00766,Router,1,175.00
ORD-006228,2024-09-14,C00766,Headphones,1,135.00
ORD-006229,2024-09-14,C00184,Desktop PC,1,950.00
ORD-006229,2024-09-14,C00184,Microphone,1,117.00
ORD-006229,2024-13-45,C00184,Ultrawide Monitor,2,620.00
ORD-006230,2024-09-14,C00829,Webcam,5,95.00
ORD-006231,2024-09-14,C00966,Mouse,4,25.00
ORD-006232,2024-09-14,C00414,Tablet,2,480.00
ORD-006233,2024-09-15,C00881,External SSD,1,140.00
ORD-006233,2024-09-15,C00881,Mesh Wi-Fi Kit,2,320.00
ORD-006234,2024-09-15,C00703,Microphone,2,130.00
ORD-006235,2024-09-15,C01038,Microphone,1,130.00
ORD-006235,2024-09-15,C01038,Ultrawide Monitor,1,589.00
ORD-006235,2024-09-15,C01038,USB-C Hub,2,42.75
ORD-006236,2024-09-15,C00989,Keyboard,3,80.00
ORD-006236,2024-09-15,C00989,Monitor,4,240.00
ORD-006237,2024-09-15,C00034,Hard Drive,1,68.00
ORD-006237,2024-09-15,C00034,Keyboard,1,64.00
ORD-006237,2024-09-15,C00034,USB-C Hub,1,45.00
ORD-006238,2024-09-15,C00205,Mouse,1,22.50
ORD-006238,2024-09-15,C00205,Webcam,4,95.00
ORD-006239,2024-09-15,C01384,Webcam,3,90.25
ORD-006239,2024-09-15,C01384,Ultrawide Monitor,1,589.00
ORD-006240,2024-09-15,C00908,Hard Drive,1,85.00
ORD-006240,2024-09-15,C00908,Ultrawide Monitor,3,589.00
ORD-006241,2024-09-15,C00488,Headphones,2,150.00
ORD-006242,2024-09-15,C00704,USB-C Hub,1,45.00
ORD-006242,2024-09-15,C00704,Hard Drive,1,85.00
ORD-006243,2024-09-15,C00829,USB-C Hub,1,45.00
ORD-006243,2024-09-15,C00829,Hard Drive,2,85.00
ORD-006244,2024-09-15,C00303,Laptop,1,1200.00
ORD-006245,2024-09-15,C00703,Webcam,1,95.00
ORD-006245,2024-09-15,C00703,Laptop,2,1200.00
ORD-006246,2024-09-15,C00424,Bluetooth Speaker,2,110.00
ORD-006246,2024-09-15,C00424,Hard Drive,2,85.00
ORD-006247,2024-09-15,C00590,USB-C Hub,1,45.00
ORD-006248,2024-09-15,C01326,Headphones,1,150.00
ORD-006248,2024-09-15,C01326,Microphone,2,130.00
ORD-006249,2024-09-15,C00881,Headphones,1,150.00
ORD-006250,2024-09-15,C00829,Keyboard,1,76.00
ORD-006251,2024-09-15,C01160,Mouse,1,25.00
ORD-006251,2024-09-15,C01160,External SSD,2,140.00
ORD-006252,2024-09-15,C00522,Hard Drive,4,76.50
ORD-006253,2024-09-15,C00055,External SSD,1,140.00
ORD-006253,2024-09-15,C00055,Mouse,2,23.75
ORD-006254,2024-09-15,C00045,Hard Drive,3,85.00
ORD-006255,2024-09-15,C00298,Keyboard,1,80.00
ORD-006255,2024-09-15,C00298,Mouse,2,25.00
ORD-006255,2024-09-15,C00298,Router,1,175.00
ORD-006256,2024-09-15,C00156,Router,1,175.00
ORD-006256,2024-09-15,C00156,External SSD,2,140.00
ORD-006256,2024-09-15,C00156,Hard Drive,1,85.00
ORD-006257,2024-09-15,C00067,Monitor,1,300.00
ORD-006257,2024-09-15,C00067,  Mouse ,1,25.00
ORD-006257,2024-09-15,C00067,Bluetooth Speaker,2,110.00
ORD-006258,2024-09-16,C01320,Keyboard,1,80.00
ORD-006258,2024-09-16,C01320,USB-C Hub,1,45.00
ORD-006259,2024-09-16,C00829,Mouse,1,25.00
ORD-006260,2024-09-16,C00610,Mouse,3,25.00
ORD-006261,2024-09-16,C00626,Microphone,1,130.00
ORD-006261,2024-09-16,C00626,USB-C Hub,1,45.00
ORD-006262,2024-09-16,C00137,USB-C Hub,4,45.00
ORD-006263,2024-09-16,C00016,Bluetooth Speaker,1,104.50
ORD-006264,2024-09-16,C00829,Router,1,175.00
ORD-006265,2024-09-16,C01110,Webcam,2,95.00
ORD-006266,2024-09-16,C01488,Bluetooth Speaker,1,110.00
ORD-006267,2024-09-16,C00883,USB-C Hub,1,42.75
ORD-006267,2024-09-16,C00883,Bluetooth Speaker,2,110.00
ORD-006268,2024-09-16,C00064,Mouse,1,23.75
ORD-006268,2024-09-16,C00064,Monitor,1,300.00
ORD-006269,2024-09-16,C01161,Bluetooth Speaker,1,88.00
ORD-006270,2024-09-16,C00290,USB-C Hub,1,45.00
ORD-006271,2024-09-16,C00829,Headphones,1,150.00
ORD-006271,2024-09-16,C00829,Microphone,2,123.50
ORD-006272,2024-09-16,C00348,Bluetooth Speaker,1,110.00
ORD-006273,2024-09-16,C00064,Keyboard,1,80.00
ORD-006274,not-a-date,C01175,Mouse,1,22.50
ORD-006274,2024-09-16,C01175,Monitor,2,270.00
ORD-006275,2024-09-16,C01160,Headphones,2,150.00
ORD-006276,2024-09-16,C00829,Bluetooth Speaker,1,110.00
ORD-006276,2024-09-16,C00829,Mesh Wi-Fi Kit,1,320.00
ORD-006277,2024-09-16,C00348,Ultrawide Monitor,1,620.00
ORD-006278,2024-09-16,C01006,Router,1,175.00
ORD-006279,2024-09-16,C01215,Mouse,4,22.50
ORD-006279,2024-09-16,C01215,Tablet,1,384.00
ORD-006280,2024-09-16,C00250,Headphones,1,150.00
ORD-006281,2024-09-16,C01387,Keyboard,4,80.00
ORD-006282,2024-09-16,C01384,Headphones,2,120.00
ORD-006283,2024-09-16,C00419,USB-C Hub,2,45.00
ORD-006283,2024-09-16,C00419,Webcam,1,95.00
ORD-006284,2024-09-16,C00703,USB-C Hub,2,42.75
ORD-006284,2024-09-16,C00703,External SSD,1,140.00
ORD-006285,2024-09-17,C00693,USB-C Hub,2,42.75
ORD-006286,2024-09-17,C00378,Mesh Wi-Fi Kit,2,320.00
ORD-006286,2024-09-17,C00378,Mouse,2,25.00
ORD-006286,2024-09-17,C00378,Headphones,1,142.50
ORD-006287,2024-09-17,C00591,Webcam,2,N/A
ORD-006288,2024-09-17,C01289,USB-C Hub,1,45.00
ORD-006289,2024-09-17,C00295,USB-C Hub,1,45.00
ORD-006290,2024-09-17,C00703,External SSD,2,126.00
ORD-006290,2024-09-17,C00703,USB-C Hub,2,42.75
ORD-006291,2024-09-17,C01091,Monitor,1,285.00
ORD-006291,2024-09-17,C01091,USB-C Hub,1,45.00
ORD-006292,2024-09-17,C00829,USB-C Hub,1,42.75
ORD-006292,2024-09-17,C00829,Keyboard,1,72.00
ORD-006293,2024-09-17,C00077,Bluetooth Speaker,1,99.00
ORD-006294,2024-09-17,C01483,Mouse,2,25.00
ORD-006295,2024-09-17,C00184,Headphones,2,150.00
ORD-006296,2024-09-17,C00454,USB-C Hub,1,40.50
ORD-006297,2024-09-17,C00413,Mesh Wi-Fi Kit,3,320.00
ORD-006298,2024-09-17,C00798,Mouse,1,20.00
ORD-006298,2024-09-17,C00798,USB-C Hub,4,45.00
ORD-006299,2024-09-17,C00249,Mouse,2,25.00
ORD-006299,2024-09-17,C00249,Keyboard,1,80.00
ORD-006300,2024-09-17,C01008,Keyboard,1,80.00
ORD-006301,2024-09-17,C00703,  Router ,5,166.25
ORD-006302,2024-09-17,C01146,Mouse,3,25.00
ORD-006302,2024-09-17,C01146,Keyboard,4,80.00
ORD-006302,2024-09-17,C01146,Webcam,1,95.00
ORD-006303,2024-09-17,C00908,External SSD,1,N/A
ORD-006304,2024-09-17,C00703,Microphone,1,123.50
ORD-006304,2024-09-17,C00703,Webcam,1,95.00
ORD-006305,2024-09-17,C00752,Headphones,5,120.00
ORD-006306,2024-09-17,C00653,Mesh Wi-Fi Kit,1,320.00
ORD-006306,2024-09-17,C00653,USB-C Hub,3,45.00
ORD-006307,2024-09-17,C00445,Microphone,1,123.50
ORD-006308,2024-09-17,C00989,Mouse,2,25.00
ORD-006309,2024-09-17,C00196,Router,1,140.00
ORD-006310,2024-09-17,C00295,Keyboard,2,80.00
ORD-006311,2024-09-17,C00221,Microphone,1,130.00
ORD-006312,2024-09-18,C00829,Bluetooth Speaker,1,110.00
ORD-006313,2024-09-18,C00703,Keyboard,1,72.00
ORD-006313,2024-09-18,C00703,Hard Drive,1,85.00
ORD-006314,2024-09-18,C01384,Mouse,1,25.00
ORD-006315,2024-09-18,C00003,Microphone,2,130.00
ORD-006316,2024-09-18,C00703,Hard Drive,2,85.00
ORD-006317,2024-09-18,C00313,External SSD,1,140.00
ORD-006317,2024-09-18,C00313,Mesh Wi-Fi Kit,1,304.00
ORD-006318,2024-09-18,C00703,Mouse,1,25.00
ORD-006318,2024-09-18,C00703,Tablet,2,456.00
ORD-006319,2024-09-18,C01159,Mouse,5,25.00
ORD-006319,2024-09-18,C01159,Microphone,1,123.50
ORD-006319,2024-09-18,C01159,Hard Drive,1,85.00
ORD-006320,2024-09-18,C00829,USB-C Hub,1,42.75
ORD-006321,2024-09-18,C00322,Keyboard,2,80.00
ORD-006322,2024-09-18,C01032,Mouse,4,25.00
ORD-006323,2024-09-18,C00676,USB-C Hub,1,45.00
ORD-006324,2024-09-18,C00993,Headphones,1,150.00
ORD-006325,2024-09-18,C00829,Mouse,2,25.00
ORD-006326,2024-09-18,C01204,USB-C Hub,1,45.00
ORD-006326,2024-09-18,C01204,Tablet,0,480.00
ORD-006327,2024-09-18,C01058,Desktop PC,3,950.00
ORD-006328,2024-09-18,C00064,USB-C Hub,1,45.00
ORD-006329,2024-09-18,C00829,External SSD,3,140.00
ORD-006330,2024-09-19,C00055,Tablet,3,480.00
ORD-006331,2024-09-19,C00245,Headphones,2,150.00
ORD-006332,2024-09-19,C01299,Laptop,3,1200.00
ORD-006333,2024-09-19,C01379,Bluetooth Speaker,2,104.50
ORD-006333,2024-09-19,C01379,Webcam,2,95.00
ORD-006334,2024-09-19,C01160,Microphone,3,130.00
ORD-006334,2024-09-19,C01160,Hard Drive,4,85.00
ORD-006334,2024-09-19,C01160,Keyboard,1,80.00
ORD-006335,2024-09-19,C00419,Headphones,1,150.00
ORD-006336,2024-09-19,C01088,Desktop PC,1,902.50
ORD-006336,2024-09-19,C01088,Webcam,2,90.25
ORD-006337,2024-09-19,C01065,  Microphone ,3,130.00
ORD-006338,2024-09-19,C00388,Bluetooth Speaker,1,110.00
ORD-006339,2024-09-19,C00135,USB-C Hub,1,45.00
ORD-006339,2024-09-19,C00135,Webcam,1,95.00
ORD-006340,2024-09-19,C00159,Mouse,1,25.00
ORD-006340,2024-09-19,C00159,Mesh Wi-Fi Kit,2,320.00
ORD-006341,2024-09-19,C00514,Monitor,1,300.00
ORD-006342,2024-09-19,C00693,Monitor,2,240.00
ORD-006342,2024-09-19,C00693,Mouse,1,20.00
ORD-006343,2024-09-19,C00701,Router,1,157.50
ORD-006344,2024-09-19,C00551,Hard Drive,2,85.00
ORD-006345,2024-09-19,C00987,Microphone,3,130.00
ORD-006346,2024-09-19,C00554,Mouse,2,25.00
ORD-006347,2024-09-19,C01058,Headphones,1,150.00
ORD-006347,2024-09-19,C01058,Keyboard,5,80.00
ORD-006347,2024-09-19,C01058,Webcam,2,95.00
ORD-006348,2024-09-19,C00829,Headphones,2,135.00
ORD-006349,2024-09-19,C00463,Hard Drive,2,85.00
ORD-006350,2024-09-19,C00656,Webcam,1,85.50
ORD-006350,2024-09-19,C00656,USB-C Hub,1,45.00
ORD-006351,2024-09-19,C00017,Headphones,1,150.00
ORD-006352,2024-09-20,C00829,Keyboard,5,80.00
ORD-006353,2024-09-20,C00551,Mesh Wi-Fi Kit,4,304.00
ORD-006354,2024-09-20,C00093,Hard Drive,1,85.00
ORD-006354,2024-09-20,C00093,Mouse,1,25.00
ORD-006354,2024-09-20,C00093,Headphones,4,120.00
ORD-006355,2024-09-20,C01267,Bluetooth Speaker,1,99.00
ORD-006356,2024-09-20,C00898,Bluetooth Speaker,3,110.00
ORD-006357,2024-09-20,C00752,Keyboard,2,72.00
ORD-006357,2024-09-20,C00752,Bluetooth Speaker,2,99.00
ORD-006358,2024-09-20,C00829,Mouse,1,23.75
ORD-006358,2024-09-20,C00829,Microphone,1,130.00
ORD-006358,2024-09-20,C00829,Bluetooth Speaker,1,99.00
ORD-006359,2024-09-20,C00829,  Headphones ,1,150.00
ORD-006360,2024-09-20,C01108,Desktop PC,1,950.00
ORD-006360,2024-09-20,C01108,External SSD,3,140.00
ORD-006361,2024-09-20,C01379,Hard Drive,3,85.00
ORD-006361,2024-09-20,C01379,USB-C Hub,2,45.00
ORD-006362,2024-09-20,C00855,Mouse,1,25.00
ORD-006363,2024-09-20,C00703,Tablet,2,480.00
ORD-006364,2024-09-20,C01160,Headphones,2,150.00
ORD-006365,2024-09-20,C01467,USB-C Hub,1,45.00
ORD-006365,2024-09-20,C01467,Hard Drive,1,80.75
ORD-006366,2024-09-20,C00963,Bluetooth Speaker,3,110.00
ORD-006366,2024-09-20,C00963,Keyboard,4,80.00
ORD-006367,2024-09-20,C00100,Keyboard,1,72.00
ORD-006367,2024-09-20,C00100,Bluetooth Speaker,3,110.00
ORD-006368,2024-09-20,C00703,Mouse,2,25.00
ORD-006369,2024-09-20,C00776,Laptop,3,1200.00
ORD-006370,2024-09-20,C01424,Hard Drive,3,85.00
ORD-006371,2024-09-20,C00501,Mouse,1,25.00
ORD-006372,2024-09-21,C00012,Microphone,1,123.50
ORD-006373,2024-09-21,C00425,Headphones,1,150.00
ORD-006373,2024-09-21,C00425,USB-C Hub,2,45.00
ORD-006374,2024-09-21,C01289,Mouse,4,25.00
ORD-006374,2024-09-21,C01289,Mesh Wi-Fi Kit,2,320.00
ORD-006375,2024-09-21,C00703,Keyboard,1,80.00
ORD-006376,2024-09-21,C00445,Hard Drive,2,85.00
ORD-006377,2024-09-21,C00458,Bluetooth Speaker,1,110.00
ORD-006377,2024-09-21,C00458,Microphone,5,130.00
ORD-006378,2024-09-21,C00600,Mouse,1,25.00
ORD-006378,2024-09-21,C00600,USB-C Hub,1,45.00
ORD-006379,2024-09-21,C00491,External SSD,1,140.00
ORD-006380,2024-09-21,C00426,Mouse,1,25.00
ORD-006380,2024-09-21,C00426,External SSD,1,140.00
ORD-006381,2024-09-21,C00703,Mesh Wi-Fi Kit,3,320.00
ORD-006382,2024-09-21,C01297,External SSD,1,140.00
ORD-006383,2024-09-21,C01107,USB-C Hub,5,45.00
ORD-006384,2024-09-21,C00070,Desktop PC,1,950.00
ORD-006385,2024-09-21,C01297,External SSD,1,140.00
ORD-006386,2024-09-21,C00872,Webcam,2,90.25
ORD-006387,2024-09-21,C01324,Keyboard,5,72.00
ORD-006388,2024-09-21,C00751,Mouse,0,23.75
ORD-006389,2024-09-21,C00515,External SSD,1,140.00
ORD-006390,2024-09-21,C00961,Mouse,1,25.00
ORD-006390,2024-09-21,C00961,Keyboard,1,80.00
ORD-006391,2024-09-21,C00351,Laptop,1,1200.00
ORD-006391,2024-09-21,C00351,Router,3,166.25
ORD-006392,2024-09-21,C00163,Microphone,1,130.00
ORD-006392,2024-09-21,C00163,USB-C Hub,1,45.00
ORD-006393,2024-09-21,C00012,Laptop,1,1200.00
ORD-006394,2024-09-21,C00881,Microphone,1,104.00
ORD-006394,2024-09-21,C00881,Mesh Wi-Fi Kit,1,320.00
ORD-006395,2024-09-21,C00087,Hard Drive,1,85.00
ORD-006396,2024-09-21,C01110,Hard Drive,1,85.00
ORD-006396,2024-09-21,C01110,Mouse,1,20.00
ORD-006397,2024-09-21,C00693,Bluetooth Speaker,1,110.00
ORD-006397,2024-09-21,C00693,Mouse,1,25.00
ORD-006397,2024-09-21,C00693,Monitor,1,285.00
ORD-006398,2024-09-21,C01396,Router,3,157.50
ORD-006398,2024-09-21,C01396,Desktop PC,5,950.00
ORD-006399,2024-09-21,C01124,Microphone,1,130.00
ORD-006399,2024-09-21,C01124,Router,1,166.25
ORD-006399,2024-09-21,C01124,Keyboard,1,80.00
ORD-006400,2024-09-21,C01365,Desktop PC,2,950.00
ORD-006400,2024-09-21,C01365,Mesh Wi-Fi Kit,4,288.00
ORD-006401,2024-09-21,C00185,Mesh Wi-Fi Kit,2,320.00
ORD-006401,2024-09-21,C00185,Keyboard,1,80.00
ORD-006402,2024-09-21,C00388,Monitor,1,300.00
ORD-006403,2024-09-21,C01414,Hard Drive,2,85.00
ORD-006403,2024-09-21,C01414,External SSD,1,112.00
ORD-006403,2024-09-21,C01414,Desktop PC,5,902.50
ORD-006404,2024-09-21,C00870,Mesh Wi-Fi Kit,5,320.00
ORD-006404,2024-09-21,C00870,Microphone,1,123.50
ORD-006405,2024-09-21,C01470,Router,1,166.25
ORD-006406,2024-09-21,C01248,Router,1,175.00
ORD-006407,2024-09-22,C01483,USB-C Hub,1,42.75
ORD-006408,2024-09-22,C00042,Mouse,1,25.00
ORD-006408,2024-09-22,C00042,USB-C Hub,1,45.00
ORD-006409,2024-09-22,C00362,Ultrawide Monitor,1,620.00
ORD-006409,2024-09-22,C00362,Mesh Wi-Fi Kit,1,304.00
ORD-006410,2024-09-22,C00829,Mesh Wi-Fi Kit,1,320.00
ORD-006411,2024-09-22,C00856,Router,2,157.50
ORD-006412,2024-09-22,C00251,Monitor,1,300.00
ORD-006412,2024-09-22,C00251,Desktop PC,2,950.00
ORD-006413,2024-09-22,C00808,Ultrawide Monitor,2,620.00
ORD-006414,2024-09-22,C00405,Hard Drive,4,80.75
ORD-006414,2024-09-22,C00405,Mouse,1,22.50
ORD-006415,2024-09-22,C00102,Webcam,1,95.00
ORD-006415,2024-09-22,C00102,Keyboard,1,80.00
ORD-006416,2024-09-22,C01160,Mouse,2,20.00
ORD-006417,2024-09-22,C00699,Microphone,3,123.50
ORD-006418,2024-09-22,C00035,Mouse,1,25.00
ORD-006418,2024-09-22,C00035,Mesh Wi-Fi Kit,2,304.00
ORD-006419,2024-09-22,C00881,Router,1,175.00
ORD-006420,2024-09-22,C01240,Headphones,1,150.00
ORD-006421,2024-09-22,C00703,Desktop PC,2,950.00
ORD-006422,2024-09-22,,Mouse,1,25.00
ORD-006423,2024-09-22,C01062,Router,5,175.00
ORD-006424,2024-09-22,C00499,USB-C Hub,3,45.00
ORD-006425,2024-09-22,C00815,Microphone,1,130.00
ORD-006426,2024-09-22,C00829,Microphone,3,130.00
ORD-006427,2024-09-22,C00700,Webcam,1,90.25
ORD-006428,2024-09-22,C00600,Webcam,2,85.50
ORD-006429,2024-09-22,C00761,Headphones,1,142.50
ORD-006430,2024-09-22,C01325,Keyboard,1,76.00
ORD-006431,2024-09-22,C00790,Hard Drive,1,85.00
ORD-006431,2024-09-22,C00790,Mesh Wi-Fi Kit,1,320.00
ORD-006431,2024-09-22,C00790,Bluetooth Speaker,1,104.50
ORD-006432,2024-09-22,C01289,Mouse,1,25.00
ORD-006433,2024-09-23,C00168,Bluetooth Speaker,1,110.00
ORD-006434,2024-09-23,C00565,Router,1,157.50
ORD-006435,2024-09-23,C00419,Microphone,2,130.00
ORD-006436,2024-09-23,C00445,Webcam,2,95.00
ORD-006436,2024-09-23,C00445,Ultrawide Monitor,1,620.00
ORD-006437,2024-09-23,C00577,Desktop PC,1,902.50
ORD-006437,2024-09-23,C00577,Headphones,4,142.50
ORD-006438,2024-09-23,C01423,Hard Drive,1,85.00
ORD-006439,2024-09-23,C00829,Mouse,1,22.50
ORD-006440,2024-09-23,C00829,Mouse,1,20.00
ORD-006440,2024-09-23,C00829,Router,1,175.00
ORD-006441,2024-09-23,C01426,Webcam,2,95.00
ORD-006442,2024-09-23,C00909,Microphone,1,123.50
ORD-006443,2024-09-23,C01102,Keyboard,1,80.00
ORD-006444,2024-09-23,C00388,Webcam,1,95.00
ORD-006445,2024-09-23,C01206,Webcam,2,95.00
ORD-006446,2024-09-23,C00830,Keyboard,1,80.00
ORD-006447,2024-09-23,C00070,Mouse,1,25.00
ORD-006447,2024-09-23,C00070,Router,1,157.50
ORD-006448,2024-09-23,C01218,USB-C Hub,1,40.50
ORD-006449,2024-09-23,C00067,Mouse,2,25.00
ORD-006450,2024-09-23,C00100,Microphone,5,123.50
ORD-006451,2024-09-23,C01176,Keyboard,1,76.00
ORD-006452,2024-09-23,C00425,USB-C Hub,1,45.00
ORD-006452,2024-09-23,C00425,Webcam,5,95.00
ORD-006453,2024-09-23,C00514,Tablet,1,480.00
ORD-006454,2024-09-23,C00103,Laptop,1,1200.00
ORD-006454,2024-09-23,C00103,USB-C Hub,1,45.00
ORD-006455,2024-09-23,C00322,Mouse,1,25.00
ORD-006456,2024-09-23,C00419,Desktop PC,2,855.00
ORD-006456,2024-09-23,C00419,Webcam,1,95.00
ORD-006457,2024-09-23,C01460,Headphones,1,135.00
ORD-006457,2024-09-23,C01460,USB-C Hub,1,45.00
ORD-006458,2024-09-23,C00703,External SSD,1,140.00
ORD-006459,2024-09-23,C01362,Mouse,1,25.00
ORD-006460,2024-09-23,C00419,Bluetooth Speaker,1,110.00
ORD-006460,2024-09-23,C00419,Monitor,5,300.00
ORD-006461,2024-09-24,C00703,Mouse,1,25.00
ORD-006462,2024-09-24,C00143,External SSD,1,140.00
ORD-006463,2024-09-24,C01456,Mouse,2,25.00
ORD-006463,2024-09-24,C01456,Keyboard,2,80.00
ORD-006464,2024-09-24,C00079,Headphones,2,142.50
ORD-006465,2024-09-24,C00453,Desktop PC,1,950.00
ORD-006466,2024-09-24,C00829,Mesh Wi-Fi Kit,1,304.00
ORD-006466,2024-09-24,C00829,Headphones,1,142.50
ORD-006467,2024-09-24,C00703,USB-C Hub,1,45.00
ORD-006468,2024-09-24,C01160,Headphones,1,150.00
ORD-006468,2024-09-24,C01160,Mouse,1,25.00
ORD-006468,2024-09-24,C01160,Microphone,1,130.00
ORD-006469,2024-09-24,C00693,Hard Drive,2,80.75
ORD-006469,2024-09-24,C00693,Keyboard,1,80.00
ORD-006470,2024-09-24,C00605,Hard Drive,1,85.00
ORD-006471,2024-09-24,C01110,Headphones,1,142.50
ORD-006471,2024-09-24,C01110,USB-C Hub,4,45.00
ORD-006472,2024-09-24,C01160,Router,1,175.00
ORD-006473,2024-09-24,C00876,Ultrawide Monitor,1,620.00
ORD-006474,2024-09-24,C00703,Headphones,4,135.00
ORD-006474,2024-09-24,C00703,Hard Drive,1,85.00
ORD-006475,2024-09-24,C00951,External SSD,1,140.00
ORD-006475,2024-09-24,C00951,Microphone,1,130.00
ORD-006475,2024-09-24,C00951,Mouse,1,25.00
ORD-006476,2024-09-24,C00777,Hard Drive,1,76.50
ORD-006477,2024-09-24,C00591,Mouse,2,23.75
ORD-006478,2024-09-24,C00145,Hard Drive,4,85.00
ORD-006479,2024-09-25,C00445,Webcam,1,95.00
ORD-006480,2024-09-25,C00419,Headphones,1,150.00
ORD-006481,2024-09-25,C00829,Bluetooth Speaker,3,110.00
ORD-006482,2024-09-25,C00244,Webcam,4,95.00
ORD-006482,2024-09-25,C00244,Router,1,157.50
ORD-006483,2024-09-25,C00703,Ultrawide Monitor,1,620.00
ORD-006484,2024-09-25,C00698,Mouse,1,25.00
ORD-006485,2024-09-25,C00820,Hard Drive,5,80.75
ORD-006486,2024-09-25,C00565,Tablet,4,480.00
ORD-006487,2024-09-25,C00829,Router,2,175.00
ORD-006487,2024-09-25,C00829,Mouse,1,25.00
ORD-006487,2024-09-25,C00829,Webcam,2,85.50
ORD-006488,2024-09-25,C01378,Microphone,1,130.00
ORD-006489,2024-09-25,C00448,Keyboard,3,80.00
ORD-006490,2024-09-25,C01471,Bluetooth Speaker,1,110.00
ORD-006491,2024-09-25,C01223,Mesh Wi-Fi Kit,2,320.00
ORD-006491,2024-09-25,C01223,USB-C Hub,1,45.00
ORD-006491,2024-09-25,C01223,Microphone,1,104.00
ORD-006492,2024-09-25,C01306,Hard Drive,1,76.50
ORD-006493,2024-09-25,C00693,Laptop,1,1200.00
ORD-006493,2024-09-25,C00693,Mouse,1,25.00
ORD-006494,2024-09-25,C00379,Desktop PC,1,902.50
ORD-006494,2024-09-25,C00379,Ultrawide Monitor,1,620.00
ORD-006494,2024-09-25,C00379,External SSD,3,112.00
ORD-006495,2024-09-25,C00453,Microphone,1,123.50
ORD-006496,2024-09-25,C01419,USB-C Hub,1,42.75
ORD-006496,2024-09-25,C01419,Webcam,3,90.25
ORD-006497,2024-09-25,C01026,Webcam,1,95.00
ORD-006498,2024-09-25,C00903,Tablet,1,480.00
ORD-006499,2024-09-25,C01379,Laptop,1,1200.00
ORD-006499,2024-09-25,C01379,Hard Drive,1,85.00
ORD-006500,2024-09-25,C01160,External SSD,4,140.00
ORD-006500,2024-09-25,C01160,Mouse,1,25.00
ORD-006500,2024-09-25,C01160,Webcam,2,90.25
ORD-006501,2024-09-25,C01422,Webcam,1,85.50
ORD-006501,2024-09-25,C01422,Router,3,175.00
ORD-006501,2024-09-25,C01422,External SSD,4,140.00
ORD-006502,2024-09-25,C00795,Hard Drive,1,85.00
ORD-006503,2024-09-25,C01160,Hard Drive,1,76.50
ORD-006504,2024-09-26,C00957,External SSD,1,140.00
ORD-006505,2024-09-26,C01285,Hard Drive,4,85.00
ORD-006506,2024-09-26,C00957,Ultrawide Monitor,2,620.00
ORD-006506,2024-09-26,C00957,Microphone,2,117.00
ORD-006507,2024-09-26,C00757,Microphone,1,117.00
ORD-006507,2024-09-26,C00757,External SSD,1,140.00
ORD-006508,2024-09-26,C01124,Microphone,2,130.00
ORD-006509,2024-09-26,C00228,USB-C Hub,1,45.00
ORD-006510,2024-09-26,C01100,Bluetooth Speaker,1,110.00
ORD-006511,2024-09-26,C01226,Mouse,1,20.00
ORD-006511,2024-09-26,C01226,Keyboard,1,76.00
ORD-006511,2024-09-26,C01226,External SSD,1,140.00
ORD-006512,2024-09-26,C00948,Bluetooth Speaker,1,110.00
ORD-006513,2024-09-26,C00829,Webcam,1,95.00
ORD-006514,2024-09-26,C01239,Mouse,1,25.00
ORD-006514,2024-09-26,C01239,Hard Drive,4,80.75
ORD-006515,2024-09-26,C00064,External SSD,3,140.00
ORD-006516,2024-13-45,C00610,Keyboard,1,64.00
ORD-006516,2024-09-26,C00610,Router,1,175.00
ORD-006516,2024-09-26,C00610,External SSD,1,133.00
ORD-006517,2024-09-26,C00810,Microphone,1,123.50
ORD-006518,2024-09-26,C00985,Router,1,157.50
ORD-006519,2024-09-26,C00600,External SSD,1,126.00
ORD-006520,2024-09-26,C00752,Mouse,4,20.00
ORD-006521,2024-09-26,C00703,Headphones,2,150.00
ORD-006522,2024-09-26,C00881,Mouse,2,25.00
ORD-006522,2024-09-26,C00881,Headphones,3,150.00
ORD-006523,2024-09-26,C00458,Desktop PC,1,902.50
ORD-006524,2024-09-26,C00766,Router,1,175.00
ORD-006525,2024-09-26,C00703,Hard Drive,2,76.50
ORD-006526,2024-09-26,C00691,Mouse,1,25.00
ORD-006526,2024-09-26,C00691,Bluetooth Speaker,3,110.00
ORD-006526,2024-09-26,C00691,USB-C Hub,4,45.00
ORD-006527,2024-09-26,C00975,Monitor,1,285.00
ORD-006528,2024-09-26,C00428,Microphone,1,130.00
ORD-006529,2024-09-26,C01303,External SSD,2,140.00
ORD-006529,2024-09-26,C01303,Keyboard,1,64.00
ORD-006529,2024-09-26,C01303,USB-C Hub,1,45.00
ORD-006530,2024-09-26,C00829,Keyboard,4,72.00
ORD-006530,2024-09-26,C00829,Router,4,175.00
ORD-006531,2024-09-26,C00600,USB-C Hub,1,36.00
ORD-006532,2024-09-26,C01420,Router,1,175.00
ORD-006532,2024-09-26,C01420,Mouse,3,25.00
ORD-006532,2024-09-26,C01420,Keyboard,1,72.00
ORD-006533,2024-09-26,C00703,Router,1,175.00
ORD-006534,2024-09-26,C00379,Mouse,3,20.00
ORD-006534,2024-09-26,C00379,Mesh Wi-Fi Kit,4,320.00
ORD-006535,2024-09-26,C00656,USB-C Hub,1,45.00
ORD-006536,2024-09-26,C00829,Tablet,1,456.00
ORD-006536,2024-09-26,C00829,Monitor,1,300.00
ORD-006536,2024-09-26,C00829,Router,1,175.00
ORD-006537,2024-09-26,C00432,Mouse,1,25.00
ORD-006537,2024-09-26,C00432,Keyboard,5,76.00
ORD-006538,2024-09-26,C00419,Microphone,1,130.00
ORD-006539,2024-09-27,C01039,Mouse,1,25.00
ORD-006540,2024-09-27,C00001,Headphones,1,150.00
ORD-006541,2024-09-27,C00703,Tablet,1,432.00
ORD-006542,2024-09-27,C01285,Keyboard,5,72.00
ORD-006542,2024-09-27,C01285,Tablet,4,480.00
ORD-006542,2024-09-27,C01285,Monitor,1,285.00
ORD-006543,2024-09-27,C01342,Webcam,2,90.25
ORD-006544,2024-09-27,C00610,Keyboard,1,80.00
ORD-006545,2024-09-27,C00752,Keyboard,3,80.00
ORD-006546,2024-09-27,C00999,Bluetooth Speaker,1,110.00
ORD-006547,2024-09-27,C01181,Mouse,1,23.75
ORD-006548,2024-09-27,C01364,Mouse,1,22.50
ORD-006548,2024-09-27,C01364,External SSD,1,140.00
ORD-006548,2024-09-27,C01364,Router,1,175.00
ORD-006549,2024-09-27,C00141,Mouse,1,25.00
ORD-006550,2024-09-27,C00703,Mouse,1,25.00
ORD-006551,2024-09-27,C00451,Bluetooth Speaker,1,110.00
ORD-006552,2024-09-27,C01424,Hard Drive,2,85.00
ORD-006552,2024-09-27,C01424,USB-C Hub,2,45.00
ORD-006553,2024-09-27,C00703,External SSD,2,140.00
ORD-006554,2024-09-27,C00638,Bluetooth Speaker,1,110.00
ORD-006555,2024-09-27,C00419,Headphones,1,150.00
ORD-006556,2024-09-27,C00087,Tablet,1,480.00
ORD-006556,2024-09-27,C00087,Webcam,2,95.00
ORD-006557,2024-09-27,C00419,Mouse,4,25.00
ORD-006557,2024-09-27,C00419,USB-C Hub,1,45.00
ORD-006558,2024-09-27,C00621,Tablet,1,432.00
ORD-006559,2024-09-27,C01371,USB-C Hub,1,45.00
ORD-006560,2024-09-27,C00703,Keyboard,1,80.00
ORD-006561,2024-09-27,C00829,Mesh Wi-Fi Kit,1,288.00
ORD-006562,2024-09-27,C01160,USB-C Hub,1,42.75
ORD-006563,2024-09-27,C01106,Hard Drive,1,85.00
ORD-006564,2024-09-27,C00110,Bluetooth Speaker,2,110.00
ORD-006564,2024-09-27,C00110,USB-C Hub,1,45.00
ORD-006565,2024-09-27,C00445,Webcam,1,85.50
ORD-006565,2024-09-27,C00445,Tablet,1,480.00
ORD-006566,2024-09-27,C01410,Headphones,3,150.00
ORD-006566,2024-09-27,C01410,Microphone,1,123.50
ORD-006567,2024-09-27,C00703,Bluetooth Speaker,1,110.00
ORD-006568,2024-09-27,C01436,Tablet,4,480.00
ORD-006569,2024-09-27,C01038,Mouse,2,25.00
ORD-006569,2024-09-27,C01038,USB-C Hub,1,45.00
ORD-006570,2024-09-27,C00829,Tablet,3,480.00
ORD-006570,2024-09-27,C00829,USB-C Hub,2,45.00
ORD-006571,2024-09-27,C00703,Router,2,175.00
ORD-006571,2024-09-27,C00703,Monitor,1,300.00
ORD-006572,2024-09-27,C00703,Microphone,5,130.00
ORD-006572,2024-09-27,C00703,Webcam,1,95.00
ORD-006573,2024-09-27,C01426,USB-C Hub,1,45.00
ORD-006573,2024-09-27,C01426,External SSD,3,140.00
ORD-006574,2024-09-27,C00276,Mouse,1,25.00
ORD-006575,2024-09-27,C00829,Laptop,1,1080.00
ORD-006575,2024-09-27,C00829,Hard Drive,1,85.00
ORD-006576,2024-09-27,C00564,Headphones,2,150.00
ORD-006577,2024-09-27,C01240,Monitor,2,300.00
ORD-006577,2024-09-27,C01240,Ultrawide Monitor,1,589.00
ORD-006578,2024-09-28,C00829,Mouse,1,22.50
ORD-006578,2024-09-28,C00829,Keyboard,2,80.00
ORD-006578,2024-09-28,C00829,Mesh Wi-Fi Kit,1,320.00
ORD-006579,2024-09-28,C00065,Keyboard,1,80.00
ORD-006580,2024-09-28,C01082,Microphone,5,104.00
ORD-006580,2024-09-28,C01082,Ultrawide Monitor,5,620.00
ORD-006581,2024-09-28,C00703,Headphones,3,150.00
ORD-006582,2024-09-28,C00612,External SSD,1,140.00
ORD-006582,2024-09-28,C00612,Desktop PC,1,950.00
ORD-006583,2024-09-28,C01240,Bluetooth Speaker,2,110.00
ORD-006583,2024-09-28,C01240,Monitor,2,270.00
ORD-006584,2024-09-28,C00152,External SSD,2,140.00
ORD-006584,2024-09-28,C00152,Laptop,2,1200.00
ORD-006584,2024-09-28,C00152,Microphone,3,130.00
ORD-006585,2024-09-28,C00137,Ultrawide Monitor,2,620.00
ORD-006586,2024-09-28,C00737,Hard Drive,1,85.00
ORD-006587,2024-09-28,C00703,Mouse,1,25.00
ORD-006587,2024-09-28,C00703,Keyboard,1,72.00
ORD-006587,2024-09-28,C00703,USB-C Hub,1,45.00
ORD-006588,2024-09-28,C01282,Keyboard,1,80.00
ORD-006589,2024-09-28,C00664,USB-C Hub,1,45.00
ORD-006590,2024-09-28,C00264,Mesh Wi-Fi Kit,2,320.00
ORD-006591,2024-09-28,C00243,Mesh Wi-Fi Kit,2,320.00
ORD-006592,2024-09-28,C00703,Router,3,175.00
ORD-006592,2024-09-28,C00703,Monitor,1,300.00
ORD-006593,2024-09-28,C00154,Webcam,1,95.00
ORD-006594,2024-09-28,C00703,Microphone,1,123.50
ORD-006595,2024-09-28,C00703,Headphones,1,120.00
ORD-006595,2024-09-28,C00703,Hard Drive,1,85.00
ORD-006596,2024-09-28,C00248,Monitor,4,300.00
ORD-006596,2024-09-28,C00248,Router,1,175.00
ORD-006597,2024-09-28,C00343,Laptop,2,1200.00
ORD-006597,2024-09-28,C00343,Hard Drive,2,85.00
ORD-006598,2024-09-28,C01160,Router,1,175.00
ORD-006599,2024-09-28,C01454,Keyboard,1,72.00
ORD-006599,2024-09-28,C01454,Monitor,1,300.00
ORD-006600,2024-09-28,C00829,Keyboard,1,80.00
ORD-006601,2024-09-28,C00829,Bluetooth Speaker,2,110.00
ORD-006601,2024-09-28,C00829,Desktop PC,1,950.00
ORD-006602,2024-09-28,C01099,Mouse,1,23.75
ORD-006603,2024-09-28,C00703,Ultrawide Monitor,5,620.00
ORD-006603,2024-09-28,C00703,USB-C Hub,4,45.00
ORD-006604,2024-09-28,C00636,External SSD,1,140.00
ORD-006604,2024-09-28,C00636,Keyboard,1,80.00
ORD-006605,2024-09-28,C01046,Bluetooth Speaker,1,104.50
ORD-006606,2024-09-28,C00198,Ultrawide Monitor,1,620.00
ORD-006607,2024-09-28,C00458,Mouse,5,23.75
ORD-006607,2024-09-28,C00458,Router,1,175.00
ORD-006608,2024-09-28,C00307,Microphone,1,130.00
ORD-006609,2024-09-28,C01013,Bluetooth Speaker,1,110.00
ORD-006610,2024-09-28,C00754,Bluetooth Speaker,1,110.00
ORD-006610,2024-09-28,C00754,Mouse,1,25.00
ORD-006610,2024-09-28,C00754,USB-C Hub,1,45.00
ORD-006611,2024-09-28,C01160,Mouse,2,25.00
ORD-006612,2024-09-28,C01441,Ultrawide Monitor,1,620.00
ORD-006613,2024-09-28,C00063,Mouse,1,25.00
ORD-006614,2024-09-28,C00591,Mouse,1,22.50
ORD-006615,2024-09-29,C01232,USB-C Hub,2,45.00
ORD-006615,2024-09-29,C01232,Router,1,175.00
ORD-006615,2024-09-29,C01232,Keyboard,5,72.00
ORD-006616,2024-09-29,C00829,Headphones,2,150.00
ORD-006616,2024-09-29,C00829,Webcam,2,95.00
ORD-006617,2024-09-29,C00246,USB-C Hub,1,42.75
ORD-006617,2024-09-29,C00246,Monitor,1,285.00
ORD-006618,2024-09-29,C00325,USB-C Hub,-1,45.00
ORD-006618,2024-09-29,C00325,Mouse,1,20.00
ORD-006619,2024-09-29,C00820,Keyboard,1,80.00
ORD-006620,2024-09-29,C00476,Webcam,2,85.50
ORD-006621,2024-09-29,C00137,Headphones,1,150.00
ORD-006622,2024-09-29,C01471,Mouse,1,23.75
ORD-006622,2024-09-29,C01471,Desktop PC,1,950.00
ORD-006623,2024-09-29,C01304,Microphone,1,117.00
ORD-006624,2024-09-29,C01426,Microphone,1,130.00
ORD-006625,2024-09-29,C00881,Mouse,2,20.00
ORD-006625,2024-09-29,C00881,USB-C Hub,1,45.00
ORD-006626,2024-09-29,C01304,Bluetooth Speaker,1,110.00
ORD-006626,2024-09-29,C01304,Microphone,1,130.00
ORD-006627,2024-09-29,C01046,Hard Drive,5,80.75
ORD-006627,2024-09-29,C01046,Mouse,1,25.00
ORD-006628,2024-09-29,C01304,Microphone,1,130.00
ORD-006629,2024-09-29,C01384,Webcam,1,95.00
ORD-006630,2024-09-29,C00624,Tablet,2,480.00
ORD-006630,2024-09-29,C00624,Mouse,3,25.00
ORD-006631,2024-09-29,C01396,Mouse,1,23.75
ORD-006632,2024-09-29,C01176,Bluetooth Speaker,1,110.00
ORD-006632,2024-09-29,C01176,Keyboard,1,76.00
ORD-006632,2024-09-29,C01176,Laptop,2,1200.00
ORD-006633,2024-09-29,C00065,Hard Drive,1,85.00
ORD-006633,2024-09-29,C00065,USB-C Hub,4,45.00
ORD-006634,2024-09-29,C01049,Mouse,2,20.00
ORD-006635,2024-09-29,C00577,Keyboard,1,80.00
ORD-006635,2024-09-29,C00577,Router,1,175.00
ORD-006636,2024-09-29,C00889,Bluetooth Speaker,3,104.50
ORD-006636,2024-09-29,C00889,Mouse,2,25.00
ORD-006637,2024-09-29,C00374,Monitor,1,300.00
ORD-006637,2024-09-29,C00374,External SSD,5,140.00
ORD-006638,2024-09-29,C00829,Router,3,175.00
ORD-006639,2024-09-29,C01228,Monitor,1,300.00
ORD-006639,2024-09-29,C01228,Router,-1,166.25
ORD-006640,2024-09-29,C00348,Bluetooth Speaker,4,110.00
ORD-006640,2024-09-29,C00348,USB-C Hub,1,45.00
ORD-006641,2024-09-29,C00514,Keyboard,1,80.00
ORD-006641,2024-09-29,C00514,Mouse,1,20.00
ORD-006641,2024-09-29,C00514,Router,1,175.00
ORD-006642,2024-09-29,C00881,External SSD,1,140.00
ORD-006643,2024-09-29,C01261,USB-C Hub,3,45.00
ORD-006643,2024-09-29,C01261,Webcam,1,95.00
ORD-006644,2024-09-29,C01125,Keyboard,2,64.00
ORD-006644,2024-09-29,C01125,Desktop PC,1,950.00
ORD-006644,2024-09-29,C01125,External SSD,2,112.00
ORD-006645,2024-09-29,C00999,Hard Drive,1,85.00
ORD-006645,2024-09-29,C00999,Monitor,1,270.00
ORD-006646,2024-09-29,C00899,Webcam,4,95.00
ORD-006647,2024-09-29,C00703,Keyboard,1,80.00
ORD-006647,2024-09-29,C00703,Mouse,1,25.00
ORD-006648,2024-09-29,C00829,Mesh Wi-Fi Kit,2,320.00
ORD-006649,2024-09-29,C01274,Bluetooth Speaker,3,104.50
ORD-006649,2024-09-29,C01274,Headphones,2,150.00
ORD-006649,2024-09-29,C01274,USB-C Hub,1,36.00
ORD-006650,2024-09-29,C00829,Webcam,1,90.25
ORD-006651,2024-09-29,C00196,Mouse,5,25.00
ORD-006651,2024-09-29,C00196,USB-C Hub,3,45.00
ORD-006652,2024-09-29,C00677,Mouse,3,25.00
ORD-006653,2024-09-30,C00933,USB-C Hub,2,45.00
ORD-006654,2024-09-30,C01139,Hard Drive,1,85.00
ORD-006655,2024-09-30,C00656,Mouse,1,23.75
ORD-006655,2024-09-30,C00656,Ultrawide Monitor,3,620.00
ORD-006656,2024-09-30,C00355,Mouse,1,23.75
ORD-006656,2024-09-30,C00355,Microphone,2,123.50
ORD-006657,2024-09-30,C01247,Microphone,2,104.00
ORD-006658,2024-09-30,C01349,Microphone,1,130.00
ORD-006659,2024-09-30,C00871,Router,3,166.25
ORD-006660,2024-09-30,C00881,Mouse,1,25.00
ORD-006660,2024-09-30,C00881,Bluetooth Speaker,2,110.00
ORD-006661,2024-09-30,C00703,Hard Drive,2,85.00
ORD-006661,2024-09-30,C00703,Headphones,1,150.00
ORD-006661,2024-09-30,C00703,Mouse,1,22.50
ORD-006662,2024-09-30,C00757,Webcam,1,95.00
ORD-006662,2024-09-30,C00757,Hard Drive,1,68.00
ORD-006663,2024-09-30,C00607,Mesh Wi-Fi Kit,1,320.00
ORD-006664,2024-09-30,C00454,Mouse,1,25.00
ORD-006664,2024-09-30,C00454,Headphones,2,150.00
ORD-006665,2024-09-30,C01288,Microphone,3,117.00
ORD-006665,2024-09-30,C01288,Webcam,1,95.00
ORD-006666,2024-09-30,C00055,Ultrawide Monitor,1,620.00
ORD-006666,2024-09-30,C00055,USB-C Hub,1,45.00
ORD-006666,2024-09-30,C00055,Mouse,2,25.00
ORD-006667,2024-09-30,C01120,Mesh Wi-Fi Kit,1,320.00
ORD-006667,2024-09-30,C01120,Tablet,3,480.00
ORD-006668,2024-09-30,C00295,Keyboard,2,80.00
ORD-006669,2024-09-30,C01021,Keyboard,1,76.00
ORD-006669,2024-09-30,C01021,Desktop PC,3,950.00
ORD-006670,2024-09-30,C00703,Router,1,157.50
ORD-006671,2024-09-30,C01265,External SSD,4,140.00
ORD-006672,2024-09-30,C01160,Mouse,1,25.00
ORD-006673,2024-09-30,C00703,Bluetooth Speaker,1,110.00
ORD-006674,2024-09-30,C00451,Webcam,1,95.00
ORD-006675,2024-09-30,C00158,USB-C Hub,4,36.00
ORD-006676,2024-10-01,C00694,USB-C Hub,3,45.00
ORD-006677,2024-10-01,C00514,Router,1,175.00
ORD-006678,2024-10-01,C01277,Mesh Wi-Fi Kit,2,320.00
ORD-006679,2024-10-01,C00130,Keyboard,2,80.00
ORD-006680,2024-10-01,C00703,Hard Drive,1,85.00
ORD-006680,2024-10-01,C00703,Microphone,1,130.00
ORD-006680,2024-10-01,C00703,Tablet,1,480.00
ORD-006681,2024-10-01,C00339,Microphone,1,130.00
ORD-006682,2024-10-01,C01206,Monitor,2,285.00
ORD-006683,2024-10-01,C00847,Microphone,1,130.00
ORD-006684,2024-10-01,C00881,Bluetooth Speaker,1,99.00
ORD-006685,2024-10-01,C00154,Hard Drive,1,85.00
ORD-006685,2024-10-01,C00154,Keyboard,1,76.00
ORD-006686,2024-10-01,C00881,Mouse,4,22.50
ORD-006687,2024-10-01,C00600,Bluetooth Speaker,1,110.00
ORD-006688,2024-10-01,C00055,Bluetooth Speaker,1,110.00
ORD-006689,2024-10-01,C01370,Keyboard,3,80.00
ORD-006690,2024-10-01,C01284,Microphone,1,130.00
ORD-006691,2024-10-01,C00703,External SSD,1,140.00
ORD-006692,2024-10-01,C00966,Hard Drive,1,85.00
ORD-006693,2024-10-02,C00829,Monitor,2,300.00
ORD-006694,2024-10-02,C01426,External SSD,1,133.00
ORD-006694,2024-10-02,C01426,Hard Drive,2,85.00
ORD-006695,2024-10-02,C01409,Laptop,1,1200.00
ORD-006695,2024-10-02,C01409,Router,1,157.50
ORD-006696,2024-10-02,C00979,Mesh Wi-Fi Kit,2,320.00
ORD-006697,2024-10-02,C00064,Mouse,1,25.00
ORD-006698,2024-10-02,C00323,Desktop PC,1,902.50
ORD-006698,2024-10-02,C00323,Headphones,1,150.00
ORD-006698,2024-10-02,C00323,Bluetooth Speaker,1,110.00
ORD-006699,2024-10-02,C00829,External SSD,2,140.00
ORD-006699,2024-10-02,C00829,Hard Drive,3,85.00
ORD-006700,2024-10-02,C00808,Headphones,4,150.00
ORD-006700,2024-10-02,C00808,USB-C Hub,2,45.00
ORD-006701,2024-10-02,C00625,Mouse,1,25.00
ORD-006702,2024-10-02,C00154,Headphones,4,150.00
ORD-006702,2024-10-02,C00154,Desktop PC,1,950.00
ORD-006703,2024-10-02,C01300,Router,1,140.00
ORD-006704,2024-10-02,C00703,Tablet,3,480.00
ORD-006704,2024-10-02,C00703,Mouse,1,25.00
ORD-006704,2024-10-02,C00703,External SSD,1,133.00
ORD-006705,2024-10-02,C01289,Monitor,2,300.00
ORD-006706,2024-10-02,C01056,Headphones,4,150.00
ORD-006706,2024-10-02,C01056,Router,1,157.50
ORD-006707,2024-10-02,C00010,USB-C Hub,1,45.00
ORD-006707,2024-10-02,C00010,Microphone,0,130.00
ORD-006707,2024-10-02,C00010,Webcam,1,90.25
ORD-006708,2024-10-02,C00810,USB-C Hub,2,45.00
ORD-006709,2024-10-02,C01160,Headphones,5,150.00
ORD-006710,2024-10-02,C00524,Microphone,2,123.50
ORD-006710,2024-10-02,C00524,Mesh Wi-Fi Kit,1,320.00
ORD-006711,2024-10-02,C00002,Headphones,1,150.00
ORD-006711,2024-10-02,C00002,Keyboard,1,80.00
ORD-006711,2024-10-02,C00002,Webcam,1,95.00
ORD-006712,2024-10-02,C00656,Bluetooth Speaker,1,99.00
ORD-006712,2024-10-02,C00656,Webcam,2,90.25
ORD-006713,2024-10-02,C00413,Laptop,1,1200.00
ORD-006714,2024-10-02,C01160,Desktop PC,2,950.00
ORD-006715,2024-10-02,C00294,Keyboard,2,80.00
ORD-006715,2024-10-02,C00294,External SSD,3,126.00
ORD-006716,2024-10-02,C01220,Keyboard,1,64.00
ORD-006717,2024-10-02,C00829,Microphone,1,130.00
ORD-006718,2024-10-03,C00200,Hard Drive,3,85.00
ORD-006719,2024-10-03,C00829,Hard Drive,1,80.75
ORD-006719,2024-10-03,C00829,Mouse,2,25.00
ORD-006719,2024-10-03,C00829,USB-C Hub,1,40.50
ORD-006720,2024-10-03,C00693,Mouse,1,25.00
ORD-006720,2024-10-03,C00693,Router,1,175.00
ORD-006721,2024-10-03,C00445,Keyboard,1,80.00
ORD-006721,2024-10-03,C00445,Router,1,175.00
ORD-006722,2024-10-03,C00987,Hard Drive,1,85.00
ORD-006723,2024-10-03,C01038,Mesh Wi-Fi Kit,1,320.00
ORD-006724,2024-10-03,C00565,External SSD,2,140.00
ORD-006725,2024-10-03,C00121,USB-C Hub,1,45.00
ORD-006725,2024-10-03,C00121,Keyboard,1,76.00
ORD-006726,2024-10-03,C00454,Mouse,2,25.00
ORD-006727,2024-10-03,C00340,Microphone,2,130.00
ORD-006728,2024-10-03,C00028,Mouse,1,25.00
ORD-006728,2024-10-03,C00028,Keyboard,1,80.00
ORD-006729,2024-10-03,C01218,Mouse,2,25.00
ORD-006730,2024-10-03,C00871,Microphone,1,123.50
ORD-006730,2024-10-03,C00871,Ultrawide Monitor,3,589.00
ORD-006731,2024-10-03,C00419,Mouse,1,23.75
ORD-006732,2024-10-03,C00626,Microphone,2,130.00
ORD-006733,2024-10-03,C01409,Keyboard,1,80.00
ORD-006734,2024-10-03,C00886,USB-C Hub,1,45.00
ORD-006734,2024-10-03,C00886,Keyboard,1,80.00
ORD-006734,2024-10-03,C00886,Mesh Wi-Fi Kit,1,320.00
ORD-006735,2024-10-03,C00703,Microphone,3,130.00
ORD-006736,2024-10-03,C01285,Desktop PC,1,902.50
ORD-006737,2024-10-03,C00693,USB-C Hub,3,45.00
ORD-006738,2024-10-03,C00892,USB-C Hub,1,45.00
ORD-006739,2024-10-03,C01160,Bluetooth Speaker,1,110.00
ORD-006740,2024-10-03,C00829,Mouse,1,23.75
ORD-006740,2024-10-03,C00829,Router,1,175.00
ORD-006741,2024-10-03,C00549,External SSD,3,140.00
ORD-006742,2024-10-03,C00653,Ultrawide Monitor,2,620.00
ORD-006743,2024-10-03,C00064,Bluetooth Speaker,4,110.00
ORD-006743,2024-10-03,C00064,Mouse,1,25.00
ORD-006744,2024-10-03,C00693,Mesh Wi-Fi Kit,1,288.00
ORD-006744,2024-10-03,C00693,Hard Drive,4,85.00
ORD-006744,2024-10-03,C00693,Webcam,3,95.00
ORD-006745,2024-10-04,C00694,USB-C Hub,1,42.75
ORD-006745,2024-10-04,C00694,Mouse,1,25.00
ORD-006746,2024-10-04,C01206,Headphones,1,150.00
ORD-006746,2024-10-04,C01206,Mouse,3,25.00
ORD-006747,2024-10-04,C00375,Ultrawide Monitor,1,558.00
ORD-006748,2024-10-04,C00902,USB-C Hub,1,42.75
ORD-006749,2024-10-04,C00525,Hard Drive,3,85.00
ORD-006750,2024-10-04,C00656,USB-C Hub,1,45.00
ORD-006751,2024-10-04,C00422,Mesh Wi-Fi Kit,3,256.00
ORD-006752,2024-10-04,C00348,Keyboard,1,72.00
ORD-006753,2024-10-04,C00419,USB-C Hub,1,45.00
ORD-006753,2024-10-04,C00419,Bluetooth Speaker,1,99.00
ORD-006754,2024-10-04,C00284,USB-C Hub,1,45.00
ORD-006755,2024-10-04,C00752,Router,4,175.00
ORD-006756,2024-10-04,C00829,Tablet,2,480.00
ORD-006757,2024-10-04,C00799,Mouse,3,25.00
ORD-006758,2024-10-04,C00703,Laptop,3,1140.00
ORD-006758,2024-10-04,C00703,Webcam,1,95.00
ORD-006759,2024-10-04,C00280,Bluetooth Speaker,1,104.50
ORD-006760,2024-10-04,C01427,Keyboard,1,64.00
ORD-006760,2024-10-04,C01427,Tablet,3,480.00
ORD-006760,2024-10-04,C01427,Mouse,4,25.00
ORD-006761,2024-10-04,C01160,External SSD,1,133.00
ORD-006762,2024-10-04,C01160,Hard Drive,4,80.75
ORD-006763,2024-10-04,C01160,Keyboard,3,80.00
ORD-006763,2024-10-04,C01160,Mouse,1,25.00
ORD-006763,2024-10-04,C01160,Webcam,3,95.00
ORD-006764,2024-10-04,C00446,Mouse,1,25.00
ORD-006764,not-a-date,C00446,Keyboard,1,80.00
ORD-006764,2024-10-04,C00446,Router,1,175.00
ORD-006765,2024-10-04,C00626,Webcam,2,85.50
ORD-006765,2024-10-04,C00626,Headphones,1,142.50
ORD-006766,2024-10-04,C00778,USB-C Hub,1,45.00
ORD-006767,2024-10-05,C00810,Mouse,1,25.00
ORD-006768,2024-10-05,C00829,Microphone,1,130.00
ORD-006769,2024-10-05,C00419,USB-C Hub,4,45.00
ORD-006769,2024-10-05,C00419,Mouse,1,25.00
ORD-006770,2024-10-05,C01072,Mouse,4,23.75
ORD-006771,2024-10-05,C00703,Mouse,2,23.75
ORD-006771,2024-10-05,C00703,Bluetooth Speaker,1,110.00
ORD-006772,2024-10-05,C01038,Router,5,175.00
ORD-006773,2024-10-05,C00264,Hard Drive,1,85.00
ORD-006774,2024-10-05,C00829,Mesh Wi-Fi Kit,2,304.00
ORD-006775,2024-10-05,C00577,External SSD,1,140.00
ORD-006776,2024-10-05,C00829,Webcam,1,76.00
ORD-006776,2024-10-05,C00829,Headphones,1,150.00
ORD-006777,2024-10-05,C00703,Webcam,1,95.00
ORD-006777,2024-10-05,C00703,Headphones,1,150.00
ORD-006778,2024-10-05,C00385,Keyboard,2,80.00
ORD-006779,2024-10-05,C00703,Mouse,2,25.00
ORD-006780,2024-10-05,C00726,Mouse,1,23.75
ORD-006780,2024-10-05,C00726,Monitor,1,300.00
ORD-006781,2024-10-05,C00943,External SSD,3,140.00
ORD-006782,2024-10-05,C00425,Desktop PC,1,950.00
ORD-006783,2024-10-05,C00975,Webcam,3,90.25
ORD-006783,2024-10-05,C00975,Headphones,1,150.00
ORD-006784,2024-10-05,C01364,Bluetooth Speaker,3,110.00
ORD-006785,2024-10-05,C01124,Microphone,1,123.50
ORD-006785,2024-10-05,C01124,USB-C Hub,2,45.00
ORD-006785,2024-10-05,C01124,External SSD,2,140.00
ORD-006786,2024-10-05,C01257,Keyboard,1,72.00
ORD-006787,2024-10-05,C01187,Keyboard,1,80.00
ORD-006788,2024-10-05,C01289,Laptop,1,1140.00
ORD-006788,2024-10-05,C01289,Desktop PC,2,950.00
ORD-006789,2024-10-05,C00429,Webcam,1,95.00
ORD-006790,2024-10-05,C00703,Router,2,175.00
ORD-006791,2024-10-05,C00514,USB-C Hub,1,42.75
ORD-006792,2024-10-05,C00348,Mouse,3,25.00
ORD-006792,2024-10-05,C00348,Hard Drive,1,85.00
ORD-006793,2024-10-05,C00032,Mouse,1,25.00
ORD-006793,2024-10-05,C00032,Keyboard,3,80.00
ORD-006794,2024-10-05,C00379,Router,1,166.25
ORD-006794,2024-10-05,C00379,Desktop PC,1,950.00
ORD-006795,2024-10-05,C00514,Keyboard,4,80.00
ORD-006796,2024-10-05,C01300,Mouse,2,20.00
ORD-006796,2024-10-05,C01300,Router,1,175.00
ORD-006797,2024-10-05,C01289,Bluetooth Speaker,1,110.00
ORD-006798,2024-10-05,C01471,Bluetooth Speaker,1,110.00
ORD-006798,2024-10-05,C01471,Tablet,1,456.00
ORD-006799,2024-10-05,C00676,Webcam,2,95.00
ORD-006800,2024-10-06,C01223,Webcam,1,76.00
ORD-006801,2024-10-06,C00881,Webcam,1,95.00
ORD-006802,2024-10-06,C00419,Mouse,1,23.75
ORD-006803,2024-10-06,C00114,Monitor,1,300.00
ORD-006804,2024-10-06,C01160,Laptop,1,1200.00
ORD-006805,2024-10-06,C01062,Keyboard,3,80.00
ORD-006805,2024-10-06,C01062,Mouse,1,25.00
ORD-006805,2024-10-06,C01062,Microphone,1,123.50
ORD-006806,2024-10-06,C00156,Headphones,3,150.00
ORD-006806,2024-10-06,C00156,Mouse,2,25.00
ORD-006806,2024-10-06,C00156,Tablet,1,480.00
ORD-006807,2024-10-06,C00703,Monitor,3,300.00
ORD-006808,2024-10-06,C00411,Hard Drive,1,85.00
ORD-006809,2024-10-06,C00703,Webcam,1,95.00
ORD-006809,2024-10-06,C00703,Keyboard,1,80.00
ORD-006810,2024-10-06,C01331,Mouse,2,25.00
ORD-006810,2024-10-06,C01331,Keyboard,1,72.00
ORD-006810,2024-10-06,C01331,Bluetooth Speaker,1,110.00
ORD-006811,2024-10-06,C00565,Laptop,1,1200.00
ORD-006811,2024-10-06,C00565,Bluetooth Speaker,3,110.00
ORD-006812,2024-10-06,C01169,Headphones,1,150.00
ORD-006813,2024-10-06,C00548,External SSD,2,140.00
ORD-006814,2024-10-06,C01436,USB-C Hub,1,36.00
ORD-006815,2024-10-06,C00111,USB-C Hub,1,40.50
ORD-006816,2024-10-06,C00703,Webcam,2,85.50
ORD-006817,2024-10-06,C01160,Hard Drive,4,68.00
ORD-006818,2024-10-06,C01462,Bluetooth Speaker,2,110.00
ORD-006818,2024-10-06,C01462,Tablet,2,480.00
ORD-006819,2024-10-06,C00829,Mouse,1,22.50
ORD-006820,2024-10-06,C01160,Hard Drive,5,80.75
ORD-006821,2024-10-06,C00236,Mouse,4,23.75
ORD-006821,2024-10-06,C00236,Keyboard,1,80.00
ORD-006822,2024-10-06,C00694,Tablet,1,456.00
ORD-006823,2024-10-06,C00903,Tablet,1,480.00
ORD-006824,2024-10-06,C00881,Hard Drive,1,85.00
ORD-006824,2024-10-06,C00881,Mouse,1,23.75
ORD-006825,2024-10-06,C01396,Microphone,1,130.00
ORD-006826,2024-10-06,C00392,Mouse,2,25.00
ORD-006827,2024-10-06,C00173,USB-C Hub,1,45.00
ORD-006827,2024-10-06,C00173,Keyboard,1,80.00
ORD-006828,2024-10-06,C00572,USB-C Hub,2,45.00
ORD-006829,2024-10-06,C00752,Headphones,1,135.00
ORD-006830,2024-10-06,C00939,Mouse,1,23.75
ORD-006831,2024-10-06,C00064,Webcam,4,85.50
ORD-006832,2024-10-06,C00488,USB-C Hub,2,42.75
ORD-006832,2024-10-06,C00488,Monitor,2,240.00
ORD-006833,2024-10-06,C00703,  Mouse ,1,25.00
ORD-006833,2024-10-06,C00703,Hard Drive,1,76.50
ORD-006834,2024-10-06,C01272,Bluetooth Speaker,1,110.00
ORD-006835,2024-10-07,C01206,Hard Drive,2,68.00
ORD-006836,2024-10-07,C01370,Mesh Wi-Fi Kit,5,320.00
ORD-006836,2024-10-07,C01370,External SSD,1,140.00
ORD-006837,2024-10-07,C01225,Ultrawide Monitor,1,620.00
ORD-006837,2024-10-07,C01225,Mouse,1,25.00
ORD-006838,2024-10-07,C00419,Mouse,4,25.00
ORD-006838,2024-10-07,C00419,Hard Drive,1,80.75
ORD-006839,2024-10-07,C00064,Microphone,1,117.00
ORD-006839,2024-10-07,C00064,Ultrawide Monitor,1,620.00
ORD-006840,2024-10-07,C01248,External SSD,1,140.00
ORD-006841,2024-10-07,C00375,Keyboard,5,80.00
ORD-006841,2024-10-07,C00375,Router,1,175.00
ORD-006842,2024-10-07,C00064,Hard Drive,3,85.00
ORD-006843,2024-10-07,C00829,Mouse,4,23.75
ORD-006843,2024-10-07,C00829,Mesh Wi-Fi Kit,1,320.00
ORD-006844,2024-10-07,C01206,Webcam,1,95.00
ORD-006844,2024-10-07,C01206,USB-C Hub,1,45.00
ORD-006845,2024-10-07,C00586,Keyboard,2,80.00
ORD-006846,2024-10-07,C01432,Router,4,175.00
ORD-006847,2024-10-07,C00693,USB-C Hub,1,45.00
ORD-006847,2024-10-07,C00693,Mesh Wi-Fi Kit,1,288.00
ORD-006848,2024-10-07,C01337,Monitor,2,300.00
ORD-006849,2024-10-07,C00829,Bluetooth Speaker,5,110.00
ORD-006849,2024-10-07,C00829,Headphones,1,120.00
ORD-006849,2024-10-07,C00829,Mouse,1,25.00
ORD-006850,2024-10-07,C01062,Mesh Wi-Fi Kit,1,320.00
ORD-006851,2024-10-07,C01160,Router,1,175.00
ORD-006852,2024-10-07,C01392,Keyboard,5,76.00
ORD-006853,2024-10-07,C01496,Keyboard,1,80.00
ORD-006853,2024-10-07,C01496,Hard Drive,1,85.00
ORD-006853,2024-10-07,C01496,Ultrawide Monitor,5,558.00
ORD-006854,2024-10-07,C00348,Keyboard,3,80.00
ORD-006855,2024-10-07,C01124,Mesh Wi-Fi Kit,2,320.00
ORD-006856,2024-10-07,C00758,Mouse,1,25.00
ORD-006856,2024-10-07,C00758,Tablet,2,480.00
ORD-006857,2024-10-07,C00703,External SSD,1,140.00
ORD-006858,2024-10-07,C00567,Mouse,2,23.75
ORD-006859,2024-10-07,C00703,Mesh Wi-Fi Kit,1,304.00
ORD-006860,2024-10-07,C00837,Router,2,175.00
ORD-006860,2024-10-07,C00837,Webcam,1,85.50
ORD-006860,2024-10-07,C00837,Headphones,2,150.00
ORD-006861,2024-10-07,C01403,Desktop PC,5,950.00
ORD-006861,2024-10-07,C01403,Hard Drive,1,80.75
ORD-006862,2024-10-08,C00196,Keyboard,3,80.00
ORD-006863,2024-10-08,C00248,Mouse,1,25.00
ORD-006863,2024-10-08,C00248,Headphones,1,142.50
ORD-006863,2024-10-08,C00248,Microphone,2,130.00
ORD-006864,2024-10-08,C00591,Keyboard,5,80.00
ORD-006865,2024-10-08,C00419,Mouse,4,22.50
ORD-006866,2024-10-08,C00693,Headphones,2,150.00
ORD-006867,not-a-date,C00518,Desktop PC,1,902.50
ORD-006868,2024-10-08,C00465,Hard Drive,1,85.00
ORD-006868,2024-10-08,C00465,External SSD,2,140.00
ORD-006868,2024-10-08,C00465,Headphones,1,150.00
ORD-006869,2024-10-08,C00989,Microphone,3,130.00
ORD-006870,2024-10-08,C01464,Webcam,3,95.00
ORD-006871,2024-10-08,C00583,Webcam,1,95.00
ORD-006871,2024-10-08,C00583,Hard Drive,5,85.00
ORD-006872,2024-10-08,C00829,Ultrawide Monitor,1,620.00
ORD-006872,2024-10-08,C00829,Bluetooth Speaker,1,110.00
ORD-006873,2024-10-08,C01160,Hard Drive,1,85.00
ORD-006874,2024-10-08,C00966,Webcam,4,90.25
ORD-006874,2024-10-08,C00966,Bluetooth Speaker,3,110.00
ORD-006874,2024-10-08,C00966,External SSD,1,112.00
ORD-006875,2024-10-08,C00994,Mouse,1,25.00
ORD-006876,2024-10-08,C00829,Mouse,2,25.00
ORD-006876,2024-10-08,C00829,Desktop PC,2,950.00
ORD-006877,2024-10-08,C00413,Microphone,4,130.00
ORD-006877,2024-10-08,C00413,External SSD,1,140.00
ORD-006878,2024-10-08,C00703,USB-C Hub,1,45.00
ORD-006878,2024-10-08,C00703,Bluetooth Speaker,1,110.00
ORD-006878,2024-10-08,C00703,Router,1,175.00
ORD-006879,2024-10-08,C00339,Desktop PC,2,950.00
ORD-006880,2024-10-08,C00403,Keyboard,2,64.00
ORD-006880,2024-10-08,C00403,Mouse,5,25.00
ORD-006880,2024-10-08,C00403,Ultrawide Monitor,-1,620.00
ORD-006881,2024-10-08,C00600,Webcam,5,95.00
ORD-006882,2024-10-08,C00295,Headphones,1,150.00
ORD-006883,2024-10-08,C00703,Monitor,1,285.00
ORD-006884,2024-10-08,C01306,Router,1,157.50
ORD-006885,2024-10-08,C01160,Monitor,1,285.00
ORD-006886,2024-10-09,C01048,Mouse,4,25.00
ORD-006887,2024-10-09,C01046,External SSD,4,140.00
ORD-006887,2024-10-09,C01046,Hard Drive,1,85.00
ORD-006888,2024-10-09,C01160,USB-C Hub,2,45.00
ORD-006888,2024-10-09,C01160,Mouse,1,25.00
ORD-006889,2024-10-09,C00100,Monitor,2,300.00
ORD-006890,2024-10-09,C00419,Microphone,3,130.00
ORD-006890,2024-10-09,C00419,Mouse,2,25.00
ORD-006890,2024-10-09,C00419,Keyboard,1,76.00
ORD-006891,2024-10-09,C00667,External SSD,5,112.00
ORD-006892,2024-10-09,C00137,Headphones,1,150.00
ORD-006892,2024-10-09,C00137,Router,3,175.00
ORD-006893,2024-10-09,C00962,Router,1,175.00
ORD-006894,2024-10-09,C00703,Headphones,5,150.00
ORD-006895,2024-10-09,C00116,Keyboard,2,80.00
ORD-006896,2024-10-09,C01148,Headphones,1,150.00
ORD-006896,2024-10-09,C01148,Mouse,4,22.50
ORD-006896,2024-10-09,C01148,Bluetooth Speaker,1,104.50
ORD-006897,2024-10-09,C00607,Mouse,1,25.00
ORD-006897,2024-10-09,C00607,Webcam,1,95.00
ORD-006898,2024-10-09,C00456,Hard Drive,1,85.00
ORD-006899,2024-10-09,C00021,Desktop PC,3,950.00
ORD-006900,2024-10-09,C01379,Mouse,2,23.75
ORD-006901,2024-10-09,C00658,Webcam,1,85.50
ORD-006901,2024-10-09,C00658,Router,1,175.00
ORD-006901,2024-10-09,C00658,Hard Drive,1,80.75
ORD-006902,2024-10-09,C00391,Mouse,5,23.75
ORD-006903,2024-10-09,C00544,Microphone,1,130.00
ORD-006904,2024-10-09,C00610,Ultrawide Monitor,4,620.00
ORD-006905,2024-10-09,C01353,Webcam,1,95.00
ORD-006905,2024-10-09,C01353,Router,2,175.00
ORD-006906,2024-10-09,C01160,Mouse,2,25.00
ORD-006907,2024-10-09,C00419,Desktop PC,1,902.50
ORD-006908,2024-10-09,C00703,Webcam,3,95.00
ORD-006908,2024-10-09,C00703,USB-C Hub,1,45.00
ORD-006909,2024-10-09,C00752,USB-C Hub,2,45.00
ORD-006909,2024-10-09,C00752,Webcam,1,90.25
ORD-006910,2024-10-09,C01455,External SSD,1,140.00
ORD-006911,2024-10-09,C00808,Mouse,1,23.75
ORD-006912,2024-10-10,C00929,USB-C Hub,1,45.00
ORD-006913,2024-10-10,C00966,Mouse,1,25.00
ORD-006914,2024-10-10,C00348,Keyboard,1,80.00
ORD-006914,2024-10-10,C00348,Bluetooth Speaker,1,110.00
ORD-006915,2024-10-10,C00185,Microphone,1,130.00
ORD-006916,2024-10-10,C00251,Mouse,5,25.00
ORD-006916,2024-10-10,C00251,Keyboard,1,80.00
ORD-006917,2024-10-10,C00339,Hard Drive,1,85.00
ORD-006917,2024-10-10,C00339,Monitor,1,300.00
ORD-006918,2024-10-10,C00703,Microphone,1,130.00
ORD-006919,2024-10-10,C01430,Desktop PC,1,950.00
ORD-006920,2024-10-10,C00703,Mouse,3,25.00
ORD-006921,2024-10-10,C00617,Hard Drive,1,85.00
ORD-006922,2024-10-10,C00703,Hard Drive,2,76.50
ORD-006923,2024-10-10,C00674,Webcam,5,95.00
ORD-006924,2024-10-10,C00156,Webcam,1,90.25
ORD-006925,2024-13-45,C00130,USB-C Hub,1,45.00
ORD-006925,2024-10-10,C00130,Headphones,1,150.00
ORD-006926,2024-10-10,C00859,Desktop PC,2,902.50
ORD-006926,2024-10-10,C00859,Mouse,4,25.00
ORD-006926,2024-10-10,C00859,Headphones,2,150.00
ORD-006927,2024-10-10,C01176,Desktop PC,1,760.00
ORD-006928,2024-10-10,C00957,External SSD,1,140.00
ORD-006929,2024-10-10,C00100,External SSD,2,140.00
ORD-006930,2024-10-10,C00339,Hard Drive,2,85.00
ORD-006931,2024-10-10,C00390,Microphone,1,130.00
ORD-006932,2024-10-10,C00019,Hard Drive,1,68.00
ORD-006932,2024-10-10,C00019,Monitor,3,300.00
ORD-006932,2024-10-10,C00019,USB-C Hub,1,40.50
ORD-006933,2024-10-10,C00703,Monitor,1,270.00
ORD-006933,2024-10-10,C00703,Hard Drive,1,85.00
ORD-006934,2024-10-10,C01450,Mouse,4,22.50
ORD-006934,2024-10-10,C01450,Hard Drive,3,85.00
ORD-006935,2024-10-10,C00068,Bluetooth Speaker,1,110.00
ORD-006936,2024-10-10,C00214,USB-C Hub,1,40.50
ORD-006937,2024-10-10,C00781,External SSD,3,133.00
ORD-006937,2024-10-10,C00781,Mouse,1,23.75
ORD-006938,2024-10-10,C01121,Mouse,1,25.00
ORD-006938,2024-10-10,C01121,Bluetooth Speaker,1,110.00
ORD-006939,2024-10-10,C00210,Keyboard,2,80.00
ORD-006939,2024-10-10,C00210,Tablet,2,432.00
ORD-006939,2024-10-10,,Microphone,1,130.00
ORD-006940,2024-10-10,C00829,Mouse,1,25.00
ORD-006940,2024-10-10,C00829,Desktop PC,2,950.00
ORD-006941,2024-10-10,C01160,USB-C Hub,1,45.00
ORD-006942,2024-10-10,C00183,Tablet,1,456.00
ORD-006942,2024-10-10,C00183,External SSD,4,133.00
ORD-006942,2024-10-10,C00183,Keyboard,3,72.00
ORD-006943,2024-10-10,C00703,Router,1,157.50
ORD-006944,2024-10-10,C00693,Mouse,3,25.00
ORD-006945,2024-10-11,C00577,Desktop PC,3,950.00
ORD-006946,2024-10-11,C00339,Tablet,2,480.00
ORD-006946,2024-10-11,C00339,External SSD,1,140.00
ORD-006946,2024-10-11,C00339,Monitor,1,285.00
ORD-006947,2024-10-11,C00807,External SSD,2,140.00
ORD-006948,2024-10-11,C01412,Laptop,1,1200.00
ORD-006948,2024-10-11,C01412,Ultrawide Monitor,1,620.00
ORD-006949,2024-10-11,C01393,Ultrawide Monitor,1,620.00
ORD-006949,2024-10-11,C01393,Webcam,4,95.00
ORD-006950,2024-10-11,C01160,External SSD,1,133.00
ORD-006950,2024-10-11,C01160,Bluetooth Speaker,1,110.00
ORD-006951,2024-10-11,C00829,External SSD,5,140.00
ORD-006952,2024-10-11,C00679,Mouse,1,25.00
ORD-006953,2024-10-11,C00137,Monitor,1,300.00
ORD-006953,2024-10-11,C00137,Router,2,140.00
ORD-006954,2024-10-11,C00488,Ultrawide Monitor,2,620.00
ORD-006955,2024-10-11,C01289,Tablet,5,480.00
ORD-006956,2024-10-11,C01471,USB-C Hub,1,N/A
ORD-006957,2024-10-11,C01422,Microphone,1,130.00
ORD-006957,2024-10-11,C01422,Bluetooth Speaker,1,99.00
ORD-006958,2024-10-11,C00419,Tablet,1,480.00
ORD-006958,2024-10-11,C00419,Microphone,1,130.00
ORD-006959,2024-10-11,C00419,Hard Drive,1,76.50
ORD-006960,2024-10-11,C00829,Mouse,1,20.00
ORD-006961,2024-10-11,C01442,Headphones,2,135.00
ORD-006962,2024-10-11,C01160,Headphones,1,150.00
ORD-006963,2024-10-11,C00419,USB-C Hub,1,42.75
ORD-006963,2024-10-11,C00419,Ultrawide Monitor,3,620.00
ORD-006964,2024-10-11,C00693,Hard Drive,1,68.00
ORD-006964,2024-10-11,C00693,Headphones,2,150.00
ORD-006965,2024-10-11,C00752,Mouse,2,23.75
ORD-006966,2024-10-11,C00881,USB-C Hub,5,45.00
ORD-006966,2024-10-11,C00881,Hard Drive,3,76.50
ORD-006967,2024-10-11,C01289,Monitor,3,300.00
ORD-006967,2024-10-11,C01289,Router,1,175.00
ORD-006968,2024-10-11,C00565,Microphone,1,123.50
ORD-006969,2024-10-11,C00703,Webcam,2,95.00
ORD-006970,2024-10-11,C00254,Mesh Wi-Fi Kit,3,320.00
ORD-006970,2024-10-11,C00254,External SSD,1,140.00
ORD-006971,2024-10-11,C00419,Hard Drive,1,80.75
ORD-006972,2024-10-11,C00717,Router,1,175.00
ORD-006973,2024-10-11,C01471,Keyboard,1,64.00
ORD-006974,2024-10-11,C00064,Mouse,2,22.50
ORD-006975,2024-10-11,C00829,Mouse,1,22.50
ORD-006976,2024-10-11,C00064,Microphone,1,117.00
ORD-006977,2024-10-11,C00419,Keyboard,1,80.00
ORD-006977,2024-10-11,C00419,Mouse,3,25.00
ORD-006978,2024-10-11,C00411,Bluetooth Speaker,1,104.50
ORD-006979,2024-10-11,C00625,USB-C Hub,1,45.00
ORD-006980,2024-10-11,C00881,Desktop PC,1,950.00
ORD-006980,2024-10-11,C00881,External SSD,2,140.00
ORD-006981,2024-10-11,C01149,Headphones,1,150.00
ORD-006982,2024-10-11,C00252,Ultrawide Monitor,1,589.00
ORD-006982,2024-10-11,C00252,Bluetooth Speaker,1,110.00
ORD-006982,2024-10-11,C00252,Webcam,1,95.00
ORD-006983,2024-10-11,C00881,Mouse,3,25.00
ORD-006983,2024-10-11,C00881,External SSD,3,140.00
ORD-006984,2024-10-11,C00458,USB-C Hub,1,36.00
ORD-006984,2024-10-11,C00458,Headphones,1,150.00
ORD-006985,2024-10-12,C00188,Mouse,4,25.00
ORD-006986,2024-10-12,C00495,Hard Drive,2,85.00
ORD-006986,2024-10-12,C00495,Bluetooth Speaker,5,110.00
ORD-006987,2024-10-12,C00672,Microphone,1,130.00
ORD-006988,2024-10-12,C00348,Keyboard,1,80.00
ORD-006989,2024-10-12,C00880,External SSD,2,133.00
ORD-006990,2024-10-12,C00423,Tablet,1,432.00
ORD-006991,2024-10-12,C00419,Mesh Wi-Fi Kit,1,320.00
ORD-006992,2024-10-12,C00196,Webcam,2,76.00
ORD-006992,2024-10-12,C00196,Router,5,175.00
ORD-006993,2024-10-12,C00703,Bluetooth Speaker,5,104.50
ORD-006994,2024-10-12,C01436,Ultrawide Monitor,1,558.00
ORD-006995,2024-10-12,C00829,Mouse,2,25.00
ORD-006996,2024-10-12,C01443,USB-C Hub,4,45.00
ORD-006996,2024-10-12,C01443,Mouse,1,25.00
ORD-006996,not-a-date,C01443,Webcam,1,95.00
ORD-006997,2024-10-12,C00407,Keyboard,1,76.00
ORD-006997,2024-10-12,C00407,Headphones,1,150.00
ORD-006998,2024-10-12,C00881,Hard Drive,1,85.00
ORD-006998,2024-10-12,C00881,Keyboard,1,80.00
ORD-006998,2024-10-12,C00881,USB-C Hub,2,45.00
ORD-006999,2024-10-12,C00680,Hard Drive,1,85.00
ORD-006999,2024-10-12,C00680,Microphone,1,130.00
ORD-007000,2024-10-12,C01423,Webcam,2,95.00
ORD-007001,2024-10-12,C01353,External SSD,1,140.00
ORD-007002,2024-10-12,C00829,Ultrawide Monitor,2,620.00
ORD-007003,2024-10-12,C01108,Mouse,4,22.50
ORD-007003,2024-10-12,C01108,USB-C Hub,1,45.00
ORD-007004,2024-10-12,C00911,External SSD,1,140.00
ORD-007005,2024-10-12,C01160,Laptop,0,1140.00
ORD-007006,2024-10-12,C00703,Ultrawide Monitor,1,620.00
ORD-007007,2024-10-12,C00703,Microphone,5,130.00
ORD-007007,2024-10-12,C00703,Bluetooth Speaker,2,110.00
ORD-007007,2024-10-12,C00703,External SSD,2,140.00
ORD-007008,2024-10-12,C00613,Hard Drive,4,85.00
ORD-007008,2024-10-12,C00613,Desktop PC,2,950.00
ORD-007009,2024-10-12,C00577,Router,1,175.00
ORD-007010,2024-10-12,C01009,Laptop,3,1200.00
ORD-007011,2024-10-12,C01018,Ultrawide Monitor,1,620.00
ORD-007012,2024-10-12,C01431,External SSD,1,140.00
ORD-007013,2024-10-12,C00425,Keyboard,5,80.00
ORD-007013,2024-10-12,C00425,Tablet,1,432.00
ORD-007013,2024-10-12,C00425,Monitor,1,285.00
ORD-007014,2024-10-12,C01290,Webcam,4,95.00
ORD-007015,2024-10-12,C00596,Keyboard,1,80.00
ORD-007016,2024-10-12,C00964,Microphone,5,130.00
ORD-007016,2024-10-12,C00964,USB-C Hub,1,45.00
ORD-007017,2024-10-12,C00892,Router,2,175.00
ORD-007017,2024-10-12,C00892,Mouse,1,23.75
ORD-007018,2024-10-12,C01319,Keyboard,1,80.00
ORD-007019,2024-10-12,C00264,Bluetooth Speaker,1,110.00
ORD-007019,2024-10-12,C00264,Router,1,175.00
ORD-007019,2024-10-12,C00264,Tablet,1,384.00
ORD-007020,2024-10-12,C01104,Desktop PC,1,950.00
ORD-007020,2024-10-12,C01104,Keyboard,2,80.00
ORD-007021,2024-10-12,C00600,Microphone,1,130.00
ORD-007022,2024-10-13,C00379,Headphones,1,142.50
ORD-007022,2024-10-13,C00379,Mesh Wi-Fi Kit,1,320.00
ORD-007023,2024-10-13,C00703,USB-C Hub,1,45.00
ORD-007023,2024-10-13,C00703,Router,1,175.00
ORD-007024,2024-10-13,C01326,Hard Drive,4,85.00
ORD-007025,2024-10-13,C00742,Bluetooth Speaker,1,110.00
ORD-007025,2024-10-13,C00742,Mouse,1,25.00
ORD-007026,2024-10-13,C00520,Bluetooth Speaker,1,88.00
ORD-007027,2024-10-13,C01154,Webcam,3,95.00
ORD-007028,2024-10-13,C00297,Microphone,1,130.00
ORD-007029,2024-10-13,C00413,Mouse,4,25.00
ORD-007030,2024-10-13,C01160,Ultrawide Monitor,2,496.00
ORD-007031,2024-10-13,C00876,Ultrawide Monitor,1,620.00
ORD-007032,2024-10-13,C00703,Desktop PC,1,855.00
ORD-007032,2024-10-13,C00703,Laptop,1,1200.00
ORD-007032,2024-10-13,C00703,Router,3,175.00
ORD-007033,2024-10-13,C00462,USB-C Hub,4,42.75
ORD-007034,2024-10-13,C00875,Bluetooth Speaker,1,110.00
ORD-007035,2024-10-13,C00520,Mouse,1,23.75
ORD-007036,2024-10-13,C00757,Headphones,1,150.00
ORD-007037,2024-10-13,C01225,Mesh Wi-Fi Kit,1,256.00
ORD-007038,2024-10-13,C01289,Webcam,1,95.00
ORD-007038,2024-10-13,C01289,External SSD,3,140.00
ORD-007039,2024-10-13,C01335,Headphones,3,150.00
ORD-007040,2024-10-13,C00417,Microphone,1,130.00
ORD-007041,2024-10-13,C00870,Keyboard,2,80.00
ORD-007041,2024-10-13,C00870,Mouse,1,25.00
ORD-007042,2024-10-13,C00932,Mouse,1,25.00
ORD-007043,2024-10-13,C01387,Mouse,1,N/A
ORD-007043,2024-10-13,C01387,Keyboard,1,80.00
ORD-007043,2024-10-13,C01387,Headphones,2,150.00
ORD-007044,2024-10-13,C01089,USB-C Hub,1,45.00
ORD-007044,2024-10-13,C01089,Tablet,3,480.00
ORD-007045,2024-10-13,C01124,Mesh Wi-Fi Kit,4,320.00
ORD-007046,2024-10-13,C01092,Keyboard,3,80.00
ORD-007046,2024-10-13,C01092,Webcam,0,85.50
ORD-007047,2024-10-13,C01058,Microphone,1,130.00
ORD-007048,2024-10-13,C00813,Bluetooth Speaker,2,110.00
ORD-007048,2024-10-13,C00813,Mouse,1,25.00
ORD-007049,2024-10-13,C01339,Ultrawide Monitor,1,620.00
ORD-007050,2024-10-13,C00764,Mouse,1,25.00
ORD-007051,2024-10-13,C00149,Bluetooth Speaker,1,104.50
ORD-007052,2024-10-13,C00829,Desktop PC,2,950.00
ORD-007053,2024-10-14,C01400,Webcam,1,85.50
ORD-007054,2024-10-14,C01297,Hard Drive,2,85.00
ORD-007054,2024-10-14,C01297,Microphone,2,130.00
ORD-007055,2024-10-14,C00703,Tablet,-1,480.00
ORD-007055,2024-10-14,C00703,Monitor,1,300.00
ORD-007056,2024-10-14,C01289,Headphones,2,150.00
ORD-007056,2024-10-14,C01289,Microphone,1,130.00
ORD-007057,2024-10-14,C00943,Mouse,1,25.00
ORD-007057,2024-10-14,C00943,Laptop,1,1200.00
ORD-007057,2024-10-14,C00943,Microphone,5,123.50
ORD-007058,2024-10-14,C00829,Keyboard,1,80.00
ORD-007058,2024-10-14,C00829,Tablet,4,480.00
ORD-007059,2024-10-14,C00419,USB-C Hub,2,42.75
ORD-007059,2024-10-14,C00419,Monitor,2,300.00
ORD-007059,2024-10-14,C00419,Webcam,1,95.00
ORD-007060,2024-10-14,C01365,Headphones,1,142.50
ORD-007061,2024-10-14,C00703,Keyboard,4,80.00
ORD-007062,2024-10-14,C00545,USB-C Hub,2,42.75
ORD-007062,2024-10-14,C00545,Microphone,1,130.00
ORD-007063,2024-10-14,C00993,USB-C Hub,2,45.00
ORD-007063,not-a-date,C00993,Hard Drive,1,85.00
ORD-007064,2024-10-14,C00759,Bluetooth Speaker,4,104.50
ORD-007064,2024-10-14,C00759,USB-C Hub,1,45.00
ORD-007065,2024-10-14,C01473,Hard Drive,1,85.00
ORD-007066,2024-10-14,C01086,Mouse,2,23.75
ORD-007066,2024-10-14,C01086,Laptop,1,1200.00
ORD-007067,2024-10-14,C00929,External SSD,2,140.00
ORD-007067,2024-10-14,C00929,Hard Drive,1,85.00
ORD-007068,2024-10-14,C01441,USB-C Hub,2,45.00
ORD-007069,2024-10-14,C01124,Microphone,4,130.00
ORD-007070,2024-10-14,C01160,Ultrawide Monitor,3,589.00
ORD-007070,2024-10-14,C01160,Mesh Wi-Fi Kit,3,304.00
ORD-007071,2024-10-15,C00842,USB-C Hub,1,45.00
ORD-007072,2024-10-15,C00482,External SSD,1,126.00
ORD-007072,2024-10-15,C00482,Hard Drive,4,80.75
ORD-007073,2024-10-15,C01160,Router,1,175.00
ORD-007074,2024-10-15,C00499,Hard Drive,1,85.00
ORD-007074,2024-10-15,C00499,External SSD,3,112.00
ORD-007075,2024-10-15,C01239,Monitor,1,300.00
ORD-007075,2024-10-15,C01239,USB-C Hub,1,45.00
ORD-007076,2024-10-15,C00961,Monitor,4,300.00
ORD-007076,2024-10-15,C00961,Hard Drive,1,85.00
ORD-007077,2024-10-15,C01160,Bluetooth Speaker,1,104.50
ORD-007078,2024-10-15,C00975,Tablet,4,480.00
ORD-007079,2024-10-15,C00600,Mouse,5,25.00
ORD-007080,2024-10-15,C01160,Mouse,1,25.00
ORD-007080,2024-10-15,C01160,Headphones,1,150.00
ORD-007081,2024-10-15,C01223,Webcam,1,90.25
ORD-007081,2024-10-15,C01223,USB-C Hub,4,45.00
ORD-007082,2024-10-15,C01152,Hard Drive,1,85.00
ORD-007082,2024-10-15,C01152,External SSD,2,140.00
ORD-007082,2024-10-15,C01152,Mouse,1,25.00
ORD-007083,2024-10-15,C00607,USB-C Hub,1,45.00
ORD-007083,2024-10-15,C00607,Laptop,1,1200.00
ORD-007084,2024-10-15,C01160,Keyboard,3,80.00
ORD-007085,2024-10-15,C00432,Ultrawide Monitor,1,589.00
ORD-007086,2024-10-15,C00703,Bluetooth Speaker,1,110.00
ORD-007087,2024-10-15,C00809,Hard Drive,2,85.00
ORD-007087,2024-10-15,C00809,Mesh Wi-Fi Kit,1,320.00
ORD-007087,2024-10-15,C00809,Webcam,5,95.00
ORD-007088,2024-10-15,C01160,External SSD,1,133.00
ORD-007089,2024-10-15,C00059,Mouse,2,25.00
ORD-007089,2024-10-15,C00059,Headphones,3,150.00
ORD-007090,2024-10-15,C00703,Desktop PC,1,950.00
ORD-007091,2024-10-15,C00607,USB-C Hub,3,45.00
ORD-007092,2024-10-15,C00780,Router,1,175.00
ORD-007093,2024-10-15,C00139,Bluetooth Speaker,1,110.00
ORD-007094,2024-10-15,C00064,Bluetooth Speaker,1,110.00
ORD-007095,2024-10-15,C01191,Mesh Wi-Fi Kit,1,320.00
ORD-007095,2024-10-15,C01191,Ultrawide Monitor,2,620.00
ORD-007096,2024-10-15,C00344,Mouse,2,25.00
ORD-007097,2024-10-16,C00445,Bluetooth Speaker,1,110.00
ORD-007098,2024-10-16,C00032,Mesh Wi-Fi Kit,1,256.00
ORD-007099,2024-10-16,C00703,Hard Drive,1,80.75
ORD-007099,2024-10-16,C00703,Headphones,1,135.00
ORD-007100,2024-10-16,C00752,Ultrawide Monitor,4,620.00
ORD-007101,2024-10-16,C00829,Ultrawide Monitor,2,620.00
ORD-007102,2024-10-16,C01422,Mouse,1,25.00
ORD-007103,2024-10-16,C01135,Router,1,175.00
ORD-007104,2024-10-16,C00232,External SSD,3,140.00
ORD-007105,2024-10-16,C00152,Tablet,1,480.00
ORD-007106,2024-10-16,C01365,Mouse,2,25.00
ORD-007107,2024-10-16,C00348,USB-C Hub,3,42.75
ORD-007107,2024-10-16,C00348,Mesh Wi-Fi Kit,0,304.00
ORD-007108,2024-10-16,C00064,External SSD,4,140.00
ORD-007109,2024-10-16,C00013,Monitor,2,285.00
ORD-007110,2024-10-16,C00701,Webcam,1,95.00
ORD-007111,2024-10-16,C00353,Mouse,2,25.00
ORD-007111,2024-10-16,C00353,Monitor,1,300.00
ORD-007112,2024-10-16,C00114,Microphone,3,117.00
ORD-007113,2024-10-16,C00829,Mouse,3,23.75
ORD-007114,2024-10-16,C01384,Microphone,1,130.00
ORD-007114,2024-10-16,C01384,Keyboard,1,76.00
ORD-007114,2024-10-16,C01384,Mesh Wi-Fi Kit,1,320.00
ORD-007115,2024-10-16,C01160,USB-C Hub,1,45.00
ORD-007116,2024-10-16,C00401,Mouse,1,23.75
ORD-007116,2024-10-16,C00401,USB-C Hub,1,45.00
ORD-007117,2024-10-16,C00752,Router,1,157.50
ORD-007117,2024-10-16,C00752,Hard Drive,3,85.00
ORD-007118,2024-10-16,C01160,Mouse,2,25.00
ORD-007119,2024-10-16,C00995,Laptop,1,1080.00
ORD-007120,2024-10-16,C01188,Router,1,175.00
ORD-007120,2024-10-16,C01188,Mouse,1,25.00
ORD-007121,2024-10-16,C00703,Mouse,2,25.00
ORD-007122,2024-10-16,C01244,External SSD,1,140.00
ORD-007122,2024-10-16,C01244,Monitor,2,300.00
ORD-007123,2024-10-16,C01407,Headphones,2,150.00
ORD-007124,2024-10-16,C00419,Mouse,2,25.00
ORD-007125,2024-10-16,C00870,Router,1,166.25
ORD-007125,2024-10-16,C00870,Webcam,3,95.00
ORD-007126,2024-10-17,C01311,  External SSD ,1,133.00
ORD-007127,2024-10-17,C00877,Tablet,5,480.00
ORD-007128,2024-10-17,C01160,Keyboard,1,80.00
ORD-007129,2024-10-17,C00137,USB-C Hub,1,42.75
ORD-007129,2024-10-17,C00137,Bluetooth Speaker,5,99.00
ORD-007130,2024-10-17,C00064,External SSD,5,140.00
ORD-007131,2024-10-17,C00425,USB-C Hub,1,45.00
ORD-007131,2024-10-17,C00425,Keyboard,3,80.00
ORD-007132,2024-10-17,C00410,Monitor,1,300.00
ORD-007133,2024-10-17,C01421,Hard Drive,3,85.00
ORD-007133,2024-10-17,C01421,Keyboard,2,64.00
ORD-007134,2024-10-17,C01409,Desktop PC,1,950.00
ORD-007135,2024-10-17,C01366,Mouse,2,25.00
ORD-007136,2024-10-17,C00002,Router,1,175.00
ORD-007136,2024-10-17,C00002,USB-C Hub,1,45.00
ORD-007137,2024-10-17,C00761,Keyboard,2,76.00
ORD-007138,2024-10-17,C00880,Hard Drive,1,85.00
ORD-007138,2024-10-17,C00880,Bluetooth Speaker,1,110.00
ORD-007139,2024-10-17,C01384,External SSD,1,112.00
ORD-007140,2024-10-17,C00703,External SSD,3,133.00
ORD-007141,2024-10-17,C00136,Headphones,3,135.00
ORD-007141,2024-10-17,C00136,Webcam,1,95.00
ORD-007142,2024-10-17,C00449,Mouse,1,23.75
ORD-007143,2024-10-17,C00499,Tablet,1,480.00
ORD-007144,2024-10-17,C00829,Mouse,1,25.00
ORD-007145,2024-10-17,C00577,Tablet,3,384.00
ORD-007145,2024-10-17,C00577,Hard Drive,1,80.75
ORD-007145,2024-10-17,C00577,Router,2,175.00
ORD-007146,2024-10-17,C00829,Monitor,2,300.00
ORD-007146,2024-10-17,C00829,Mouse,1,25.00
ORD-007147,2024-10-17,C01243,Ultrawide Monitor,1,620.00
ORD-007147,2024-10-17,C01243,Microphone,1,130.00
ORD-007148,2024-10-17,C00600,Microphone,1,130.00
ORD-007149,2024-10-17,C00617,Bluetooth Speaker,1,110.00
ORD-007149,2024-10-17,C00617,Hard Drive,2,80.75
ORD-007149,2024-10-17,C00617,Webcam,2,90.25
ORD-007150,2024-10-17,C00069,Mouse,2,25.00
ORD-007151,2024-10-17,C00829,Keyboard,1,80.00
ORD-007151,2024-10-17,C00829,USB-C Hub,1,45.00
ORD-007152,2024-10-17,C01384,Headphones,1,150.00
ORD-007153,2024-10-17,C01067,Hard Drive,1,85.00
ORD-007153,2024-10-17,C01067,Desktop PC,1,950.00
ORD-007154,2024-10-17,C00610,Hard Drive,1,85.00
ORD-007154,2024-10-17,C00610,Keyboard,1,64.00
ORD-007155,2024-10-17,C00331,Keyboard,1,80.00
ORD-007156,2024-10-17,C00784,Bluetooth Speaker,1,110.00
ORD-007157,2024-10-17,C01186,Mouse,1,23.75
ORD-007157,2024-10-17,C01186,Headphones,2,150.00
ORD-007157,2024-10-17,C01186,Bluetooth Speaker,1,110.00
ORD-007158,2024-10-17,C00499,Webcam,1,95.00
ORD-007158,2024-10-17,C00499,USB-C Hub,1,45.00
ORD-007159,2024-10-17,C00196,Monitor,3,240.00
ORD-007159,2024-10-17,C00196,Mesh Wi-Fi Kit,1,320.00
ORD-007160,2024-10-17,C00860,Router,3,175.00
ORD-007161,2024-10-18,C01487,Monitor,2,285.00
ORD-007161,2024-10-18,C01487,Mesh Wi-Fi Kit,1,320.00
ORD-007161,2024-10-18,C01487,Tablet,1,480.00
ORD-007162,2024-10-18,C01031,Webcam,1,90.25
ORD-007163,2024-10-18,C00906,Router,2,140.00
ORD-007164,2024-10-18,C00829,Webcam,1,90.25
ORD-007165,2024-10-18,C00419,Mouse,1,23.75
ORD-007166,2024-10-18,C00699,USB-C Hub,2,45.00
ORD-007167,2024-10-18,C01160,Mouse,2,25.00
ORD-007167,2024-10-18,C01160,USB-C Hub,3,40.50
ORD-007168,2024-10-18,C01289,External SSD,1,140.00
ORD-007169,2024-10-18,C00829,Microphone,3,123.50
ORD-007170,2024-10-18,C01025,Laptop,1,1200.00
ORD-007170,2024-10-18,C01025,Monitor,2,270.00
ORD-007171,2024-10-18,C00881,Bluetooth Speaker,1,104.50
ORD-007172,2024-10-18,C00419,Monitor,1,240.00
ORD-007172,2024-10-18,C00419,Headphones,1,150.00
ORD-007173,2024-10-18,C00137,Monitor,3,300.00
ORD-007173,2024-10-18,C00137,Keyboard,1,80.00
ORD-007174,2024-10-18,C00607,Keyboard,3,80.00
ORD-007175,2024-10-18,C01297,Hard Drive,3,68.00
ORD-007175,2024-10-18,C01297,USB-C Hub,1,45.00
ORD-007176,2024-10-18,C01155,USB-C Hub,2,45.00
ORD-007176,2024-10-18,C01155,Mouse,1,20.00
ORD-007177,2024-10-18,C00210,Hard Drive,3,85.00
ORD-007178,2024-10-18,C00234,Mouse,5,25.00
ORD-007179,2024-10-18,C00419,Router,1,140.00
ORD-007179,2024-10-18,C00419,External SSD,1,140.00
ORD-007180,2024-10-18,C01275,External SSD,3,140.00
ORD-007180,2024-10-18,C01275,Webcam,1,95.00
ORD-007181,2024-10-18,C00561,USB-C Hub,1,40.50
ORD-007181,2024-10-18,C00561,Mouse,2,23.75
ORD-007182,2024-10-18,C00794,Webcam,1,95.00
ORD-007183,2024-10-18,C00829,Mesh Wi-Fi Kit,1,320.00
ORD-007184,2024-10-18,C00859,Keyboard,1,80.00
ORD-007185,2024-10-18,C00829,Tablet,1,456.00
ORD-007186,2024-10-18,C00547,External SSD,1,140.00
ORD-007187,2024-10-18,C00703,Desktop PC,1,950.00
ORD-007187,2024-10-18,C00703,Microphone,1,130.00
ORD-007188,2024-10-18,C00703,Keyboard,3,80.00
ORD-007188,2024-10-18,C00703,Headphones,1,150.00
ORD-007189,2024-10-18,C00752,Mesh Wi-Fi Kit,2,304.00
ORD-007190,2024-10-18,C01462,USB-C Hub,3,36.00
ORD-007191,2024-10-18,C00388,Keyboard,2,76.00
ORD-007192,2024-10-19,C00829,Monitor,4,300.00
ORD-007192,2024-10-19,C00829,Router,4,157.50
ORD-007192,2024-10-19,C00829,USB-C Hub,1,42.75
ORD-007193,2024-10-19,C00499,Keyboard,1,72.00
ORD-007194,2024-10-19,C00456,Bluetooth Speaker,1,99.00
ORD-007194,2024-10-19,C00456,Mouse,1,25.00
ORD-007195,2024-10-19,C00881,Microphone,1,130.00
ORD-007196,2024-10-19,C00137,Webcam,2,85.50
ORD-007196,2024-10-19,C00137,Ultrawide Monitor,3,558.00
ORD-007196,2024-10-19,C00137,Microphone,1,104.00
ORD-007197,2024-10-19,C00607,Hard Drive,1,76.50
ORD-007198,2024-10-19,C00859,Hard Drive,2,85.00
ORD-007199,2024-10-19,C00829,Router,1,175.00
ORD-007200,2024-10-19,C00155,Keyboard,1,80.00
ORD-007201,2024-10-19,C00419,Mouse,2,23.75
ORD-007201,2024-10-19,C00419,Bluetooth Speaker,1,110.00
ORD-007201,2024-10-19,C00419,Mesh Wi-Fi Kit,2,304.00
ORD-007202,2024-10-19,C00829,USB-C Hub,2,45.00
ORD-007202,2024-10-19,C00829,Hard Drive,2,80.75
ORD-007202,2024-10-19,C00829,Microphone,1,130.00
ORD-007203,2024-10-19,C00907,Router,2,175.00
ORD-007203,2024-10-19,C00907,Mouse,1,20.00
ORD-007204,2024-10-19,C00476,Mouse,3,20.00
ORD-007204,2024-10-19,C00476,Webcam,4,95.00
ORD-007205,2024-10-19,C01214,Webcam,1,95.00
ORD-007205,2024-10-19,C01214,Bluetooth Speaker,1,110.00
ORD-007205,2024-10-19,C01214,Mouse,5,25.00
ORD-007206,2024-10-19,C01176,Microphone,1,104.00
ORD-007207,2024-10-19,C01078,Router,3,175.00
ORD-007208,2024-10-19,C00752,Headphones,1,120.00
ORD-007208,2024-10-19,C00752,Webcam,3,95.00
ORD-007209,2024-10-19,C00514,Keyboard,3,80.00
ORD-007210,2024-10-19,C00942,USB-C Hub,3,45.00
ORD-007211,2024-10-19,C00829,Mesh Wi-Fi Kit,5,320.00
ORD-007212,2024-10-19,C00395,Monitor,1,270.00
ORD-007213,2024-10-19,C01289,Keyboard,1,72.00
ORD-007213,2024-10-19,C01289,Tablet,2,432.00
ORD-007214,2024-10-19,C01160,Microphone,2,117.00
ORD-007215,2024-10-19,C01374,External SSD,1,140.00
ORD-007216,2024-10-19,C00890,Mesh Wi-Fi Kit,5,320.00
ORD-007216,2024-10-19,C00890,Bluetooth Speaker,2,110.00
ORD-007217,2024-10-19,C00829,Webcam,3,95.00
ORD-007218,2024-10-19,C01406,Monitor,2,300.00
ORD-007218,2024-10-19,C01406,Keyboard,1,64.00
ORD-007218,2024-10-19,C01406,Mesh Wi-Fi Kit,1,320.00
ORD-007219,2024-10-19,C01044,USB-C Hub,3,45.00
ORD-007220,2024-10-19,C01332,USB-C Hub,4,45.00
ORD-007220,2024-10-19,C01332,Webcam,1,95.00
ORD-007221,2024-10-19,C01160,Mouse,3,25.00
ORD-007221,2024-10-19,C01160,Bluetooth Speaker,2,110.00
ORD-007221,2024-10-19,C01160,Mesh Wi-Fi Kit,1,320.00
ORD-007222,2024-10-19,C00829,Headphones,2,150.00
ORD-007223,2024-10-19,C00474,Keyboard,1,80.00
ORD-007223,2024-10-19,C00474,External SSD,2,140.00
ORD-007224,2024-10-19,C00064,Mouse,1,25.00
ORD-007224,2024-10-19,C00064,Mesh Wi-Fi Kit,1,320.00
ORD-007225,2024-10-19,C00829,External SSD,1,140.00
ORD-007225,2024-10-19,C00829,Keyboard,2,80.00
ORD-007226,2024-10-19,C00829,Microphone,1,130.00
ORD-007226,2024-10-19,C00829,Headphones,1,150.00
ORD-007227,2024-10-19,C00463,Hard Drive,1,80.75
ORD-007227,2024-10-19,C00463,Laptop,3,1200.00
ORD-007227,2024-10-19,C00463,Keyboard,1,76.00
ORD-007228,2024-10-19,C01124,Bluetooth Speaker,1,110.00
ORD-007228,2024-10-19,C01124,Microphone,1,123.50
ORD-007229,2024-10-19,C00699,Bluetooth Speaker,3,104.50
ORD-007230,2024-10-19,C01028,USB-C Hub,1,45.00
ORD-007230,2024-10-19,C01028,Webcam,1,95.00
ORD-007230,2024-10-19,C01028,Mouse,2,20.00
ORD-007231,2024-10-19,C01289,Desktop PC,1,950.00
ORD-007232,2024-10-19,C00236,Keyboard,4,76.00
ORD-007233,2024-10-20,C00236,Mouse,1,25.00
ORD-007234,2024-10-20,C00488,USB-C Hub,2,45.00
ORD-007235,2024-10-20,C01169,Mouse,1,25.00
ORD-007235,2024-10-20,C01169,Hard Drive,3,85.00
ORD-007235,2024-10-20,C01169,USB-C Hub,1,40.50
ORD-007236,2024-10-20,C01160,Microphone,1,130.00
ORD-007237,2024-10-20,C01160,Monitor,1,240.00
ORD-007238,2024-10-20,C00079,Microphone,4,130.00
ORD-007239,2024-10-20,C00405,Monitor,1,300.00
ORD-007240,2024-10-20,C00413,Hard Drive,1,85.00
ORD-007240,2024-10-20,C00413,Headphones,1,150.00
ORD-007241,2024-10-20,C00881,External SSD,1,140.00
ORD-007242,2024-10-20,C01482,Mesh Wi-Fi Kit,1,320.00
ORD-007243,2024-10-20,C00773,Hard Drive,1,85.00
ORD-007244,2024-10-20,,Headphones,2,150.00
ORD-007245,2024-10-20,C00694,USB-C Hub,2,45.00
ORD-007245,2024-10-20,C00694,Hard Drive,1,85.00
ORD-007246,2024-10-20,C00210,Mouse,1,25.00
ORD-007246,2024-10-20,C00210,Tablet,1,480.00
ORD-007247,2024-10-20,C00703,Hard Drive,1,80.75
ORD-007247,2024-10-20,C00703,Mouse,4,22.50
ORD-007247,2024-10-20,C00703,External SSD,3,140.00
ORD-007248,2024-10-20,C00940,Webcam,1,95.00
ORD-007248,2024-10-20,C00940,USB-C Hub,1,45.00
ORD-007249,2024-10-20,C01300,Hard Drive,1,85.00
ORD-007250,2024-10-20,C01245,Mouse,2,25.00
ORD-007251,2024-10-20,C01191,Mouse,2,22.50
ORD-007252,2024-10-20,C00829,Mouse,1,25.00
ORD-007252,2024-10-20,C00829,Microphone,3,130.00
ORD-007253,2024-10-20,C01160,Tablet,1,480.00
ORD-007254,2024-10-20,C00845,Monitor,1,300.00
ORD-007254,2024-10-20,C00845,Webcam,1,90.25
ORD-007255,2024-10-20,C01100,Hard Drive,1,80.75
ORD-007255,2024-10-20,C01100,Bluetooth Speaker,1,110.00
ORD-007256,2024-10-20,C00752,Headphones,1,150.00
ORD-007256,2024-10-20,C00752,Desktop PC,2,950.00
ORD-007257,2024-10-20,C00348,USB-C Hub,4,36.00
ORD-007258,2024-10-20,C00671,Router,2,157.50
ORD-007259,2024-10-20,C00870,Microphone,2,123.50
ORD-007259,2024-10-20,C00870,Hard Drive,4,76.50
ORD-007260,2024-10-20,C00703,Webcam,1,95.00
ORD-007260,2024-10-20,C00703,Mouse,1,20.00
ORD-007260,2024-10-20,C00703,Keyboard,1,72.00
ORD-007261,2024-10-20,C00297,USB-C Hub,1,36.00
ORD-007262,2024-10-20,C00591,USB-C Hub,2,45.00
ORD-007262,2024-10-20,C00591,Mouse,2,25.00
ORD-007263,2024-10-21,C01160,Microphone,1,117.00
ORD-007264,2024-10-21,C00154,Bluetooth Speaker,1,99.00
ORD-007264,2024-10-21,C00154,USB-C Hub,1,45.00
ORD-007265,2024-10-21,C01166,Headphones,1,135.00
ORD-007266,2024-10-21,C00236,Mouse,2,25.00
ORD-007266,2024-10-21,C00236,Webcam,3,95.00
ORD-007267,2024-10-21,C01160,Monitor,1,285.00
ORD-007268,2024-10-21,C00703,Microphone,1,130.00
ORD-007269,2024-10-21,C01077,Keyboard,1,80.00
ORD-007269,2024-10-21,C01077,Bluetooth Speaker,1,104.50
ORD-007269,2024-10-21,C01077,Tablet,1,432.00
ORD-007270,2024-10-21,C01013,Bluetooth Speaker,5,88.00
ORD-007271,2024-10-21,C01186,Microphone,1,104.00
ORD-007272,2024-10-21,C00607,Bluetooth Speaker,1,110.00
ORD-007273,2024-10-21,C00499,Desktop PC,1,950.00
ORD-007273,2024-10-21,C00499,Router,1,166.25
ORD-007274,2024-10-21,C01160,USB-C Hub,1,45.00
ORD-007274,2024-10-21,C01160,Keyboard,2,80.00
ORD-007275,2024-10-21,C00467,Webcam,1,95.00
ORD-007275,2024-10-21,C00467,Headphones,2,150.00
ORD-007276,2024-10-21,C01437,Router,5,175.00
ORD-007277,2024-10-21,C00088,External SSD,5,140.00
ORD-007278,2024-10-21,C01364,Laptop,1,1200.00
ORD-007279,2024-10-21,C00973,USB-C Hub,3,45.00
ORD-007280,2024-10-21,C00514,Headphones,1,142.50
ORD-007280,2024-10-21,C00514,Mouse,1,23.75
ORD-007281,2024-10-21,C00154,Keyboard,2,80.00
ORD-007281,2024-10-21,C00154,Mouse,1,25.00
ORD-007281,2024-10-21,C00154,Laptop,2,1140.00
ORD-007282,2024-10-21,C01160,Mouse,1,25.00
ORD-007283,2024-10-22,C01148,Microphone,1,130.00
ORD-007283,2024-10-22,C01148,USB-C Hub,2,45.00
ORD-007283,2024-10-22,C01148,Headphones,5,142.50
ORD-007284,2024-10-22,C00703,Ultrawide Monitor,1,558.00
ORD-007285,2024-10-22,C00626,External SSD,1,140.00
ORD-007286,2024-10-22,C01124,Headphones,1,150.00
ORD-007287,2024-10-22,C00482,Keyboard,3,80.00
ORD-007287,2024-10-22,C00482,Mouse,1,22.50
ORD-007287,2024-10-22,C00482,Headphones,1,142.50
ORD-007288,2024-10-22,C00703,Webcam,2,95.00
ORD-007289,2024-10-22,C01160,Mouse,1,25.00
ORD-007289,2024-10-22,C01160,Bluetooth Speaker,1,110.00
ORD-007289,2024-10-22,C01160,Hard Drive,1,85.00
ORD-007290,2024-10-22,C00553,Monitor,1,300.00
ORD-007290,2024-10-22,C00553,Router,1,166.25
ORD-007290,2024-10-22,C00553,Bluetooth Speaker,1,110.00
ORD-007291,2024-10-22,C01495,Webcam,1,90.25
ORD-007292,2024-10-22,C00463,USB-C Hub,1,45.00
ORD-007293,2024-10-22,C00833,External SSD,1,140.00
ORD-007294,2024-10-22,C01414,Bluetooth Speaker,1,110.00
ORD-007294,2024-10-22,C01414,Microphone,1,130.00
ORD-007295,2024-10-22,C01409,Microphone,1,130.00
ORD-007296,2024-10-22,C00206,USB-C Hub,1,45.00
ORD-007297,2024-10-22,C00333,Laptop,2,1200.00
ORD-007297,2024-10-22,C00333,External SSD,1,112.00
ORD-007298,2024-10-22,C00829,Headphones,1,135.00
ORD-007298,2024-10-22,C00829,Bluetooth Speaker,2,99.00
ORD-007299,2024-10-22,C01160,Mouse,3,22.50
ORD-007300,2024-10-22,C00767,Mouse,1,25.00
ORD-007301,2024-10-22,C01387,Webcam,2,95.00
ORD-007302,2024-10-22,C01160,Mouse,2,25.00
ORD-007303,2024-10-22,C01487,External SSD,1,126.00
ORD-007304,2024-10-22,C00444,Router,1,175.00
ORD-007305,2024-10-22,C00747,Mouse,1,25.00
ORD-007305,2024-10-22,C00747,Laptop,1,1200.00
ORD-007306,2024-10-22,C00187,Router,1,175.00
ORD-007307,2024-10-22,C00147,Bluetooth Speaker,1,99.00
ORD-007308,2024-10-22,C01124,Bluetooth Speaker,1,110.00
ORD-007308,2024-10-22,C01124,Hard Drive,1,85.00
ORD-007309,2024-10-22,C00644,Ultrawide Monitor,1,589.00
ORD-007309,2024-10-22,C00644,Router,2,175.00
ORD-007309,2024-10-22,C00644,Webcam,3,95.00
ORD-007310,2024-10-22,C00829,External SSD,2,140.00
ORD-007311,2024-10-22,C00577,Microphone,1,130.00
ORD-007311,2024-10-22,C00577,Mesh Wi-Fi Kit,2,320.00
ORD-007312,2024-10-22,C00739,Mesh Wi-Fi Kit,1,320.00
ORD-007312,2024-10-22,C00739,Monitor,2,270.00
ORD-007313,2024-10-22,C00236,Router,1,175.00
ORD-007314,2024-10-22,C00989,Webcam,1,85.50
ORD-007315,2024-10-22,C00881,Webcam,1,90.25
ORD-007315,2024-10-22,C00881,Mouse,1,25.00
ORD-007316,2024-13-45,C01426,Ultrawide Monitor,3,558.00
ORD-007316,2024-10-22,C01426,Mouse,2,25.00
ORD-007317,2024-10-22,C00196,Hard Drive,1,85.00
ORD-007318,2024-10-22,C00752,Mesh Wi-Fi Kit,2,320.00
ORD-007319,2024-10-22,C01144,External SSD,1,140.00
ORD-007319,2024-10-22,C01144,Microphone,1,104.00
ORD-007320,2024-10-22,C00548,Mouse,1,25.00
ORD-007321,2024-10-22,C00699,Mesh Wi-Fi Kit,1,256.00
ORD-007321,2024-10-22,C00699,USB-C Hub,1,45.00
ORD-007322,2024-10-23,C00829,Keyboard,1,80.00
ORD-007322,2024-10-23,C00829,Microphone,1,130.00
ORD-007322,2024-10-23,C00829,External SSD,1,133.00
ORD-007323,2024-10-23,C01378,Mouse,2,25.00
ORD-007323,2024-10-23,C01378,Webcam,1,95.00
ORD-007324,2024-10-23,C01396,Bluetooth Speaker,1,110.00
ORD-007325,2024-10-23,C00354,Tablet,1,384.00
ORD-007326,2024-10-23,C00618,Desktop PC,1,855.00
ORD-007327,2024-10-23,C01342,Webcam,1,90.25
ORD-007328,2024-10-23,C01160,USB-C Hub,1,45.00
ORD-007329,2024-10-23,C01160,Mouse,1,25.00
ORD-007330,2024-10-23,C00558,Keyboard,1,80.00
ORD-007331,2024-10-23,C01370,Webcam,2,95.00
ORD-007332,2024-10-23,C00703,Keyboard,1,76.00
ORD-007332,2024-10-23,C00703,Headphones,1,150.00
ORD-007333,2024-10-23,C00463,Mouse,3,25.00
ORD-007334,2024-10-23,C01106,Router,1,166.25
ORD-007334,2024-10-23,C01106,USB-C Hub,1,42.75
ORD-007335,2024-10-23,C01110,Bluetooth Speaker,1,110.00
ORD-007336,2024-10-23,C00985,Bluetooth Speaker,2,110.00
ORD-007337,2024-10-23,C00978,Headphones,1,135.00
ORD-007338,2024-10-23,C01160,USB-C Hub,2,45.00
ORD-007339,2024-10-23,C00067,Webcam,1,76.00
ORD-007339,2024-10-23,C00067,Mouse,1,25.00
ORD-007340,2024-10-23,C00538,Desktop PC,2,950.00
ORD-007340,2024-10-23,C00538,Bluetooth Speaker,1,110.00
ORD-007341,2024-10-23,C01157,USB-C Hub,4,42.75
ORD-007342,2024-10-23,C00424,External SSD,1,133.00
ORD-007342,2024-10-23,C00424,Router,1,157.50
ORD-007343,2024-10-23,C00600,USB-C Hub,1,45.00
ORD-007344,2024-10-23,C01206,USB-C Hub,1,40.50
ORD-007344,2024-10-23,C01206,External SSD,4,140.00
ORD-007345,2024-10-23,C00829,Keyboard,1,64.00
ORD-007346,2024-10-23,C01252,Webcam,2,95.00
ORD-007346,2024-10-23,C01252,Hard Drive,3,85.00
ORD-007347,2024-10-23,C00761,Microphone,3,117.00
ORD-007348,2024-10-23,C00733,Ultrawide Monitor,4,620.00
ORD-007349,2024-10-24,C01082,Headphones,1,150.00
ORD-007350,2024-10-24,C01359,Headphones,1,150.00
ORD-007351,2024-10-24,C00577,Headphones,1,120.00
ORD-007352,2024-10-24,C01244,USB-C Hub,1,45.00
ORD-007353,2024-10-24,C00191,Tablet,1,432.00
ORD-007354,2024-10-24,C00137,Mouse,4,22.50
ORD-007354,2024-10-24,C00137,Webcam,1,85.50
ORD-007355,2024-10-24,C00379,Hard Drive,1,85.00
ORD-007355,2024-10-24,C00379,Mouse,1,25.00
ORD-007356,2024-10-24,C01300,Monitor,1,300.00
ORD-007356,2024-10-24,C01300,Mouse,1,25.00
ORD-007357,2024-10-24,C01300,Router,2,166.25
ORD-007357,2024-10-24,C01300,Microphone,1,130.00
ORD-007358,2024-10-24,C00348,Bluetooth Speaker,1,110.00
ORD-007359,2024-10-24,C01289,Mouse,1,20.00
ORD-007360,2024-10-24,C00064,Mesh Wi-Fi Kit,1,320.00
ORD-007360,2024-10-24,C00064,Keyboard,3,80.00
ORD-007361,2024-10-24,C01485,Mouse,1,25.00
ORD-007361,2024-10-24,C01485,External SSD,1,140.00
ORD-007362,2024-10-24,C00881,Laptop,1,1200.00
ORD-007362,2024-10-24,C00881,Headphones,5,150.00
ORD-007363,2024-10-24,C00578,Mouse,1,25.00
ORD-007363,2024-10-24,C00578,Keyboard,1,76.00
ORD-007364,2024-10-24,C00987,Webcam,3,90.25
ORD-007364,2024-10-24,C00987,Mouse,1,25.00
ORD-007365,2024-10-24,C01048,Mouse,2,25.00
ORD-007365,2024-10-24,C01048,Webcam,1,95.00
ORD-007366,2024-10-24,C01160,Tablet,1,456.00
ORD-007366,2024-10-24,C01160,USB-C Hub,1,40.50
ORD-007367,2024-10-24,C01005,Tablet,1,456.00
ORD-007367,2024-10-24,C01005,Hard Drive,3,85.00
ORD-007368,2024-10-24,C01434,Ultrawide Monitor,1,620.00
ORD-007369,2024-10-24,C00881,Headphones,1,150.00
ORD-007369,2024-10-24,C00881,Hard Drive,2,85.00
ORD-007370,2024-10-24,C00973,Mouse,1,25.00
ORD-007370,2024-10-24,C00973,Hard Drive,1,80.75
ORD-007371,2024-10-24,C01152,USB-C Hub,5,45.00
ORD-007372,2024-10-24,C00829,Router,1,175.00
ORD-007373,2024-10-24,C01169,Keyboard,1,72.00
ORD-007374,2024-10-24,C00790,Mouse,4,23.75
ORD-007375,2024-10-24,C00829,Monitor,0,300.00
ORD-007376,2024-10-24,C01145,Keyboard,3,80.00
ORD-007377,2024-10-25,C00829,Microphone,2,130.00
ORD-007378,2024-10-25,C00146,Tablet,5,480.00
ORD-007379,2024-10-25,C00305,Hard Drive,1,76.50
ORD-007380,2024-10-25,C01124,Microphone,1,123.50
ORD-007381,2024-10-25,C00232,Keyboard,3,80.00
ORD-007382,2024-10-25,C00348,Microphone,1,130.00
ORD-007383,2024-10-25,C00118,Mesh Wi-Fi Kit,2,304.00
ORD-007383,2024-10-25,C00118,Mouse,1,25.00
ORD-007383,2024-10-25,C00118,Keyboard,1,80.00
ORD-007384,2024-10-25,C00752,USB-C Hub,1,45.00
ORD-007385,2024-10-25,C00139,USB-C Hub,2,45.00
ORD-007386,2024-10-25,C01155,Router,-1,157.50
ORD-007386,2024-10-25,C01155,Mouse,1,25.00
ORD-007387,2024-10-25,C00342,USB-C Hub,3,42.75
ORD-007387,2024-10-25,C00342,Keyboard,1,80.00
ORD-007388,2024-10-25,C00416,External SSD,1,133.00
ORD-007388,2024-10-25,C00416,USB-C Hub,1,45.00
ORD-007389,2024-10-25,C01483,Keyboard,5,80.00
ORD-007390,2024-10-25,C01498,USB-C Hub,1,42.75
ORD-007390,2024-10-25,C01498,Bluetooth Speaker,1,110.00
ORD-007391,2024-10-25,C00654,Mouse,2,25.00
ORD-007392,2024-10-25,C01281,Mouse,1,25.00
ORD-007393,2024-10-25,C00071,USB-C Hub,1,45.00
ORD-007393,2024-10-25,C00071,Headphones,1,142.50
ORD-007394,2024-10-25,C00703,Mouse,5,23.75
ORD-007394,2024-10-25,C00703,Bluetooth Speaker,1,104.50
ORD-007395,2024-10-25,C00876,Ultrawide Monitor,2,620.00
ORD-007395,2024-10-25,C00876,Microphone,1,130.00
ORD-007396,2024-10-25,C00693,Mesh Wi-Fi Kit,1,304.00
ORD-007397,2024-10-25,C00676,Headphones,1,150.00
ORD-007397,2024-10-25,C00676,USB-C Hub,1,42.75
ORD-007397,2024-10-25,C00676,Mouse,4,25.00
ORD-007398,2024-10-25,C00703,Webcam,2,95.00
ORD-007399,2024-10-25,C00969,Webcam,3,95.00
ORD-007400,2024-10-25,C00593,Router,2,175.00
ORD-007401,2024-10-25,C00918,Mesh Wi-Fi Kit,1,304.00
ORD-007402,2024-10-25,C00829,Mouse,1,22.50
ORD-007403,2024-10-25,C00640,Webcam,4,95.00
ORD-007403,2024-10-25,C00640,Keyboard,1,80.00
ORD-007404,2024-10-26,C00829,Webcam,1,85.50
ORD-007405,2024-10-26,C00229,Keyboard,1,76.00
ORD-007405,2024-10-26,C00229,Router,1,175.00
ORD-007405,2024-10-26,C00229,Hard Drive,2,85.00
ORD-007406,2024-10-26,C00693,Tablet,1,480.00
ORD-007407,2024-13-45,C01140,USB-C Hub,1,42.75
ORD-007408,2024-10-26,C01289,Keyboard,2,72.00
ORD-007408,2024-10-26,C01289,Desktop PC,1,855.00
ORD-007409,2024-10-26,C01468,Mouse,1,25.00
ORD-007409,2024-10-26,C01468,Tablet,1,432.00
ORD-007409,2024-10-26,C01468,USB-C Hub,1,40.50
ORD-007410,2024-10-26,C01225,Monitor,1,285.00
ORD-007411,2024-10-26,C00553,Headphones,1,150.00
ORD-007412,2024-10-26,C01414,Hard Drive,1,80.75
ORD-007413,2024-10-26,C00829,Bluetooth Speaker,1,104.50
ORD-007414,2024-10-26,C01062,Bluetooth Speaker,4,110.00
ORD-007415,2024-10-26,C01235,Microphone,2,130.00
ORD-007416,2024-10-26,C00445,Ultrawide Monitor,1,620.00
ORD-007416,2024-10-26,C00445,Hard Drive,1,80.75
ORD-007417,2024-10-26,C00445,Mouse,1,25.00
ORD-007417,2024-10-26,C00445,Keyboard,1,80.00
ORD-007418,2024-10-26,C00703,USB-C Hub,1,40.50
ORD-007419,2024-10-26,C01266,Bluetooth Speaker,1,110.00
ORD-007420,2024-10-26,C00703,Mouse,0,23.75
ORD-007420,2024-10-26,C00703,Microphone,3,123.50
ORD-007421,2024-10-26,C00776,Laptop,2,1200.00
ORD-007421,2024-10-26,C00776,Desktop PC,2,950.00
ORD-007422,2024-10-26,C00196,Mouse,1,20.00
ORD-007422,2024-10-26,C00196,Headphones,1,150.00
ORD-007423,2024-10-26,C00087,Hard Drive,2,85.00
ORD-007423,2024-10-26,C00087,External SSD,2,140.00
ORD-007423,2024-10-26,C00087,Mesh Wi-Fi Kit,2,304.00
ORD-007424,2024-10-26,C00456,Headphones,1,150.00
ORD-007424,2024-10-26,C00456,Router,3,157.50
ORD-007425,2024-10-26,C00159,Tablet,1,432.00
ORD-007426,2024-10-26,C00453,Mouse,5,25.00
ORD-007427,2024-10-26,C01480,Router,2,166.25
ORD-007428,2024-10-26,C00459,Mesh Wi-Fi Kit,1,320.00
ORD-007428,2024-10-26,C00459,Hard Drive,2,85.00
ORD-007429,2024-10-26,C00280,Microphone,2,117.00
ORD-007430,2024-10-26,C00849,Bluetooth Speaker,1,104.50
ORD-007431,2024-10-27,C01289,Bluetooth Speaker,3,104.50
ORD-007432,2024-10-27,C00703,Router,1,175.00
ORD-007433,2024-10-27,C00751,Microphone,2,130.00
ORD-007433,2024-10-27,C00751,Monitor,1,300.00
ORD-007434,2024-10-27,C01160,Ultrawide Monitor,1,620.00
ORD-007434,2024-10-27,C01160,External SSD,1,133.00
ORD-007435,2024-10-27,C00616,Ultrawide Monitor,1,620.00
ORD-007435,2024-10-27,C00616,Router,-1,175.00
ORD-007436,2024-10-27,C01160,Headphones,4,135.00
ORD-007437,2024-10-27,C01206,Ultrawide Monitor,1,620.00
ORD-007438,2024-10-27,C01481,Mouse,1,25.00
ORD-007438,2024-10-27,C01481,Webcam,3,95.00
ORD-007439,2024-10-27,C00829,Keyboard,1,80.00
ORD-007439,2024-10-27,C00829,Webcam,2,95.00
ORD-007440,2024-10-27,C00829,Hard Drive,1,80.75
ORD-007440,2024-10-27,C00829,Mesh Wi-Fi Kit,2,320.00
ORD-007441,2024-10-27,C01323,Bluetooth Speaker,1,110.00
ORD-007441,2024-10-27,C01323,Hard Drive,2,85.00
ORD-007441,2024-10-27,C01323,Keyboard,2,80.00
ORD-007442,2024-10-27,C01160,Mesh Wi-Fi Kit,2,320.00
ORD-007442,2024-10-27,C01160,Microphone,2,130.00
ORD-007443,2024-10-27,C01339,Desktop PC,1,950.00
ORD-007444,2024-10-27,C00880,Monitor,4,300.00
ORD-007444,2024-10-27,C00880,Webcam,1,95.00
ORD-007445,2024-10-27,C00050,Mouse,1,25.00
ORD-007446,2024-10-27,C00639,Router,3,140.00
ORD-007447,2024-10-27,C00006,Webcam,3,95.00
ORD-007448,2024-10-27,C00966,Monitor,3,300.00
ORD-007449,2024-10-27,C00881,USB-C Hub,2,45.00
ORD-007450,2024-10-27,C00703,Mouse,5,23.75
ORD-007450,2024-10-27,C00703,Desktop PC,2,760.00
ORD-007451,2024-10-27,C00954,Router,2,175.00
ORD-007452,2024-10-27,C00829,Bluetooth Speaker,1,99.00
ORD-007452,2024-10-27,C00829,Mouse,1,25.00
ORD-007453,2024-10-27,C00637,Webcam,1,95.00
ORD-007453,2024-10-27,C00637,Hard Drive,1,80.75
ORD-007454,2024-10-27,C00242,Keyboard,1,80.00
ORD-007455,2024-10-27,C00940,Microphone,5,130.00
ORD-007455,2024-10-27,C00940,Bluetooth Speaker,2,110.00
ORD-007456,2024-10-27,C00672,Bluetooth Speaker,1,104.50
ORD-007456,2024-10-27,C00672,Ultrawide Monitor,1,589.00
ORD-007457,2024-10-27,C00314,USB-C Hub,3,45.00
ORD-007458,2024-10-27,C00246,Mouse,1,22.50
ORD-007459,2024-10-27,C01160,Headphones,1,150.00
ORD-007459,2024-10-27,C01160,USB-C Hub,1,45.00
ORD-007460,2024-10-28,C00474,Ultrawide Monitor,1,620.00
ORD-007461,2024-10-28,C01445,Ultrawide Monitor,1,620.00
ORD-007461,2024-10-28,C01445,USB-C Hub,1,45.00
ORD-007461,2024-10-28,C01445,Mouse,1,25.00
ORD-007462,2024-10-28,C00867,USB-C Hub,1,40.50
ORD-007463,2024-10-28,C00693,Webcam,2,95.00
ORD-007464,2024-10-28,C00957,Mouse,2,25.00
ORD-007465,2024-10-28,C00703,Bluetooth Speaker,1,110.00
ORD-007466,2024-10-28,C00281,Hard Drive,4,76.50
ORD-007466,2024-10-28,C00281,Keyboard,1,80.00
ORD-007466,2024-10-28,C00281,USB-C Hub,1,45.00
ORD-007467,2024-10-28,C00396,Tablet,1,480.00
ORD-007468,2024-10-28,C00137,USB-C Hub,1,45.00
ORD-007468,2024-10-28,C00137,Router,4,175.00
ORD-007469,2024-10-28,C00348,Keyboard,1,72.00
ORD-007470,2024-10-28,C00703,Mouse,1,25.00
ORD-007470,2024-10-28,C00703,Monitor,1,300.00
ORD-007471,2024-10-28,C01160,Microphone,2,130.00
ORD-007471,2024-10-28,C01160,Webcam,1,76.00
ORD-007472,2024-10-28,C01124,Bluetooth Speaker,1,104.50
ORD-007472,2024-10-28,C01124,Monitor,1,300.00
ORD-007473,2024-10-28,C01282,Laptop,3,1200.00
ORD-007473,2024-10-28,C01282,Mouse,1,25.00
ORD-007474,2024-10-28,C00494,Webcam,1,95.00
ORD-007475,2024-10-28,C00368,Mouse,1,23.75
ORD-007476,2024-10-28,C00979,Mouse,1,25.00
ORD-007477,2024-10-28,C00458,Headphones,2,142.50
ORD-007478,2024-10-28,C00703,Bluetooth Speaker,2,110.00
ORD-007479,2024-10-28,C01247,Webcam,1,95.00
ORD-007480,2024-10-29,C00703,Webcam,1,95.00
ORD-007480,2024-10-29,C00703,Mouse,2,25.00
ORD-007480,2024-10-29,C00703,Monitor,1,285.00
ORD-007481,2024-10-29,C00703,Laptop,1,1200.00
ORD-007481,2024-10-29,C00703,Ultrawide Monitor,3,620.00
ORD-007482,2024-10-29,C01124,Mesh Wi-Fi Kit,4,304.00
ORD-007482,2024-10-29,C01124,Tablet,1,480.00
ORD-007482,2024-10-29,C01124,Monitor,5,300.00
ORD-007483,2024-10-29,C00172,Mouse,1,20.00
ORD-007483,2024-10-29,C00172,Router,1,166.25
ORD-007483,2024-10-29,C00172,Keyboard,1,80.00
ORD-007484,2024-10-29,C01124,Bluetooth Speaker,2,110.00
ORD-007485,2024-10-29,C00538,Mouse,3,25.00
ORD-007485,2024-10-29,C00538,Router,2,175.00
ORD-007485,2024-10-29,C00538,Headphones,2,150.00
ORD-007486,2024-10-29,C00445,Router,2,175.00
ORD-007487,2024-10-29,C01279,Mouse,4,25.00
ORD-007488,2024-10-29,C01384,Mouse,1,22.50
ORD-007488,2024-10-29,C01384,USB-C Hub,1,45.00
ORD-007488,2024-10-29,C01384,Router,1,166.25
ORD-007489,2024-10-29,C00389,Mouse,3,25.00
ORD-007489,2024-10-29,C00389,Monitor,5,300.00
ORD-007490,2024-10-29,C01285,Mouse,1,25.00
ORD-007491,2024-10-29,C00908,USB-C Hub,1,45.00
ORD-007491,2024-10-29,C00908,Ultrawide Monitor,1,620.00
ORD-007492,2024-10-29,C01289,Headphones,4,150.00
ORD-007493,2024-10-29,C01253,Keyboard,1,76.00
ORD-007494,2024-10-29,C01186,Hard Drive,1,80.75
ORD-007495,2024-10-29,C01137,Webcam,1,95.00
ORD-007496,2024-10-29,C01082,Mouse,1,25.00
ORD-007497,2024-10-29,C00263,Headphones,1,142.50
ORD-007497,2024-10-29,C00263,Router,1,175.00
ORD-007498,2024-10-29,C00808,Webcam,1,95.00
ORD-007499,2024-10-29,C00703,USB-C Hub,2,45.00
ORD-007500,2024-10-29,C01056,External SSD,1,126.00
ORD-007500,2024-10-29,C01056,Ultrawide Monitor,1,620.00
ORD-007501,2024-10-29,C00419,Ultrawide Monitor,5,620.00
ORD-007501,2024-10-29,C00419,USB-C Hub,2,45.00
ORD-007501,2024-10-29,C00419,Monitor,1,300.00
ORD-007502,2024-10-29,C00857,Mouse,1,25.00
ORD-007503,2024-10-30,C01384,Tablet,1,480.00
ORD-007504,2024-10-30,C00617,USB-C Hub,2,45.00
ORD-007504,2024-10-30,C00617,Mouse,3,25.00
ORD-007505,2024-10-30,C00119,Router,1,175.00
ORD-007506,2024-10-30,C00090,Mouse,2,25.00
ORD-007506,2024-10-30,C00090,External SSD,0,126.00
ORD-007507,2024-10-30,C00317,Mouse,2,25.00
ORD-007507,2024-10-30,C00317,External SSD,4,140.00
ORD-007507,2024-10-30,C00317,USB-C Hub,2,45.00
ORD-007508,2024-10-30,C00792,Mouse,3,25.00
ORD-007509,2024-10-30,C00881,Router,2,166.25
ORD-007509,2024-10-30,C00881,Bluetooth Speaker,1,110.00
ORD-007510,2024-10-30,C01453,Mouse,1,25.00
ORD-007511,2024-10-30,C01160,External SSD,2,140.00
ORD-007511,2024-10-30,C01160,Hard Drive,1,76.50
ORD-007511,2024-10-30,C01160,Webcam,3,90.25
ORD-007512,2024-10-30,C00152,Webcam,1,95.00
ORD-007513,2024-10-30,C00752,Bluetooth Speaker,2,104.50
ORD-007513,2024-10-30,C00752,Router,1,175.00
ORD-007514,2024-10-30,C00780,Webcam,1,95.00
ORD-007514,2024-10-30,C00780,External SSD,2,140.00
ORD-007515,2024-10-30,C00829,USB-C Hub,1,45.00
ORD-007516,2024-10-30,C01370,USB-C Hub,1,42.75
ORD-007517,2024-10-30,C00618,Hard Drive,1,76.50
ORD-007518,2024-10-30,C01436,Keyboard,3,76.00
ORD-007519,2024-10-30,C00355,Tablet,1,480.00
ORD-007520,2024-10-30,C00829,Mouse,1,23.75
ORD-007521,2024-10-30,C00007,Headphones,1,135.00
ORD-007522,2024-10-30,C00591,Microphone,1,130.00
ORD-007522,2024-10-30,C00591,Bluetooth Speaker,2,88.00
ORD-007523,2024-10-30,C01160,Mouse,2,25.00
ORD-007524,2024-10-30,C00703,Bluetooth Speaker,1,88.00
ORD-007525,2024-10-30,C00339,Webcam,1,76.00
ORD-007525,2024-10-30,C00339,Headphones,5,150.00
ORD-007526,2024-10-30,C00952,Mouse,1,25.00
ORD-007527,2024-10-30,C01160,Keyboard,3,80.00
ORD-007528,2024-10-30,C00177,Hard Drive,2,76.50
ORD-007528,2024-10-30,C00177,Keyboard,5,80.00
ORD-007529,2024-10-30,C01187,Hard Drive,3,85.00
ORD-007530,2024-10-30,C00829,Hard Drive,2,85.00
ORD-007530,2024-10-30,C00829,External SSD,4,126.00
ORD-007531,2024-10-30,C01160,Hard Drive,2,85.00
ORD-007532,2024-10-30,C00751,USB-C Hub,1,42.75
ORD-007532,2024-10-30,C00751,Webcam,3,95.00
ORD-007533,2024-10-30,C00034,Hard Drive,1,76.50
ORD-007534,2024-10-30,C00703,Mesh Wi-Fi Kit,1,320.00
ORD-007535,2024-10-30,C01282,Microphone,1,130.00
ORD-007535,2024-10-30,C01282,Headphones,1,150.00
ORD-007536,2024-10-31,C00703,Microphone,1,130.00
ORD-007536,2024-10-31,C00703,External SSD,2,140.00
ORD-007536,2024-10-31,C00703,Mouse,1,25.00
ORD-007537,2024-10-31,C01436,Mouse,1,25.00
ORD-007538,2024-10-31,C01448,External SSD,1,140.00
ORD-007539,2024-10-31,C00348,Hard Drive,1,85.00
ORD-007540,2024-10-31,C00733,USB-C Hub,2,42.75
ORD-007541,2024-10-31,C00693,USB-C Hub,1,45.00
ORD-007542,2024-10-31,C00083,Mesh Wi-Fi Kit,1,320.00
ORD-007543,2024-10-31,C00829,Headphones,1,150.00
ORD-007544,2024-10-31,C01124,Mesh Wi-Fi Kit,1,320.00
ORD-007545,2024-10-31,C00623,USB-C Hub,5,45.00
ORD-007546,2024-10-31,C00702,Webcam,1,95.00
ORD-007547,2024-10-31,C01357,Monitor,2,300.00
ORD-007548,2024-10-31,C01160,Bluetooth Speaker,1,99.00
ORD-007548,2024-10-31,C01160,External SSD,2,140.00
ORD-007549,2024-10-31,C00600,Bluetooth Speaker,2,110.00
ORD-007549,2024-10-31,C00600,Laptop,1,1200.00
ORD-007550,2024-10-31,C00087,USB-C Hub,1,40.50
ORD-007550,2024-10-31,C00087,Keyboard,5,72.00
ORD-007551,2024-10-31,C00925,Hard Drive,1,85.00
ORD-007551,2024-10-31,C00925,Webcam,1,95.00
ORD-007552,2024-10-31,C00064,Mouse,1,22.50
ORD-007553,2024-10-31,C00973,USB-C Hub,1,45.00
ORD-007554,2024-10-31,C00137,USB-C Hub,1,42.75
ORD-007555,2024-10-31,C00242,USB-C Hub,1,45.00
ORD-007555,2024-10-31,C00242,Microphone,1,123.50
ORD-007555,2024-10-31,C00242,Mouse,1,25.00
ORD-007556,2024-10-31,C00388,USB-C Hub,2,45.00
ORD-007557,2024-10-31,C01225,External SSD,2,126.00
ORD-007558,2024-10-31,C00973,Hard Drive,1,85.00
ORD-007558,2024-10-31,C00973,Mouse,1,25.00
ORD-007558,2024-10-31,C00973,Bluetooth Speaker,1,110.00
ORD-007559,2024-10-31,C01160,Mouse,4,25.00
ORD-007559,2024-10-31,C01160,Bluetooth Speaker,1,110.00
ORD-007560,2024-10-31,C00209,Mouse,2,25.00
ORD-007560,2024-10-31,C00209,Keyboard,1,80.00
ORD-007561,2024-10-31,C00943,External SSD,3,140.00
ORD-007561,2024-10-31,C00943,Monitor,4,300.00
ORD-007562,2024-10-31,C00996,Webcam,2,95.00
ORD-007563,2024-10-31,C00312,Microphone,4,130.00
ORD-007563,2024-10-31,C00312,Headphones,4,135.00
ORD-007564,2024-10-31,C01167,Keyboard,5,80.00
ORD-007565,2024-11-01,C01432,Keyboard,1,80.00
ORD-007566,2024-11-01,,USB-C Hub,1,45.00
ORD-007566,2024-11-01,C00829,Headphones,4,142.50
ORD-007566,2024-11-01,C00829,Bluetooth Speaker,2,99.00
ORD-007567,2024-11-01,C00458,Bluetooth Speaker,1,110.00
ORD-007567,2024-11-01,C00458,Mouse,1,23.75
ORD-007568,2024-11-01,C00703,Keyboard,1,80.00
ORD-007568,2024-11-01,C00703,USB-C Hub,1,45.00
ORD-007569,2024-11-01,C00855,Router,1,175.00
ORD-007570,2024-11-01,C00703,Mouse,1,25.00
ORD-007571,2024-11-01,C00584,Mouse,4,25.00
ORD-007571,2024-11-01,C00584,Keyboard,1,80.00
ORD-007572,2024-11-01,C00348,Mouse,2,25.00
ORD-007572,2024-11-01,C00348,Keyboard,1,80.00
ORD-007573,2024-11-01,C01441,USB-C Hub,1,45.00
ORD-007574,2024-11-01,C00751,USB-C Hub,1,40.50
ORD-007574,2024-11-01,C00751,Ultrawide Monitor,4,620.00
ORD-007575,2024-11-01,C00936,Mouse,1,25.00
ORD-007575,2024-11-01,C00936,Tablet,1,456.00
ORD-007576,2024-11-01,C00146,Mouse,1,25.00
ORD-007577,2024-11-01,C00551,Headphones,1,150.00
ORD-007578,2024-11-01,C00251,Router,3,175.00
ORD-007579,2024-11-01,C00137,Headphones,3,150.00
ORD-007579,2024-11-01,C00137,USB-C Hub,2,42.75
ORD-007580,2024-11-01,C01370,Microphone,-1,104.00
ORD-007581,2024-11-01,C00348,Tablet,1,480.00
ORD-007581,2024-11-01,C00348,Bluetooth Speaker,1,110.00
ORD-007582,2024-11-01,C00608,Mouse,1,25.00
ORD-007583,2024-11-01,C00829,Monitor,1,300.00
ORD-007583,2024-11-01,C00829,Hard Drive,3,85.00
ORD-007584,2024-11-01,C00732,Router,2,175.00
ORD-007585,2024-11-01,C00426,Mouse,3,25.00
ORD-007586,2024-11-01,,Mouse,1,25.00
ORD-007587,2024-11-01,C00383,Hard Drive,2,80.75
ORD-007588,2024-11-01,C01106,Mouse,4,25.00
ORD-007588,2024-11-01,C01106,External SSD,2,140.00
ORD-007589,2024-11-01,C00752,Microphone,1,130.00
ORD-007590,2024-11-01,C00002,Keyboard,2,72.00
ORD-007590,2024-11-01,C00002,Headphones,1,150.00
ORD-007591,2024-11-01,C00703,External SSD,2,112.00
ORD-007592,2024-11-01,C01311,Mouse,1,25.00
ORD-007592,2024-11-01,C01311,USB-C Hub,1,45.00
ORD-007593,2024-11-01,C00829,Keyboard,1,76.00
ORD-007594,2024-11-01,C01160,Headphones,5,150.00
ORD-007595,2024-11-01,C01363,Keyboard,1,80.00
ORD-007596,2024-11-01,C00881,Keyboard,2,80.00
ORD-007597,2024-11-01,C00264,Tablet,1,480.00
ORD-007598,2024-11-01,C01160,Keyboard,1,80.00
ORD-007598,2024-11-01,C01160,Desktop PC,1,950.00
ORD-007598,2024-11-01,C01160,Hard Drive,2,85.00
ORD-007599,2024-11-01,C00927,Keyboard,1,76.00
ORD-007600,2024-11-01,C00348,Hard Drive,3,80.75
ORD-007600,2024-11-01,C00348,Mouse,4,25.00
ORD-007601,2024-11-01,C00699,Microphone,1,130.00
ORD-007602,2024-11-01,C00920,Monitor,1,285.00
ORD-007603,2024-11-01,C00368,External SSD,4,140.00
ORD-007603,2024-11-01,C00368,Webcam,1,95.00
ORD-007604,2024-11-02,C00887,External SSD,1,133.00
ORD-007604,2024-11-02,C00887,Monitor,2,270.00
ORD-007604,2024-11-02,C00887,Headphones,3,142.50
ORD-007605,2024-11-02,C00185,Microphone,1,130.00
ORD-007605,2024-11-02,C00185,Bluetooth Speaker,1,110.00
ORD-007606,2024-11-02,C01348,Mouse,1,25.00
ORD-007606,2024-11-02,C01348,Laptop,1,1200.00
ORD-007607,2024-11-02,C01074,Bluetooth Speaker,3,110.00
ORD-007607,2024-11-02,C01074,Headphones,2,150.00
ORD-007608,2024-11-02,C01124,Bluetooth Speaker,2,99.00
ORD-007609,2024-11-02,C00728,Ultrawide Monitor,3,620.00
ORD-007610,2024-11-02,C00693,Webcam,1,95.00
ORD-007611,2024-11-02,C00048,Hard Drive,1,85.00
ORD-007612,2024-11-02,C01061,Hard Drive,1,85.00
ORD-007613,2024-11-02,C00250,Hard Drive,1,85.00
ORD-007614,2024-11-02,C00773,Microphone,4,130.00
ORD-007615,2024-11-02,C00258,Mouse,4,25.00
ORD-007616,2024-11-02,C00829,Keyboard,1,80.00
ORD-007617,2024-11-02,C00152,Bluetooth Speaker,1,110.00
ORD-007617,2024-11-02,C00152,Tablet,1,480.00
ORD-007618,2024-11-02,C01160,Webcam,1,95.00
ORD-007619,2024-11-02,C01225,Mouse,1,25.00
ORD-007619,2024-11-02,C01225,Laptop,2,1200.00
ORD-007620,2024-11-02,C00577,Mesh Wi-Fi Kit,1,320.00
ORD-007620,2024-11-02,C00577,USB-C Hub,1,40.50
ORD-007621,2024-11-02,C00881,Mouse,1,25.00
ORD-007621,2024-11-02,C00881,Monitor,4,300.00
ORD-007622,2024-11-02,C00752,Mouse,1,25.00
ORD-007622,2024-11-02,C00752,Ultrawide Monitor,5,620.00
ORD-007623,2024-11-02,C00419,External SSD,5,133.00
ORD-007624,2024-11-02,C00419,Microphone,1,123.50
ORD-007625,2024-11-02,C01379,Webcam,1,95.00
ORD-007625,2024-11-02,C01379,Microphone,1,130.00
ORD-007626,2024-11-02,C00395,Hard Drive,1,85.00
ORD-007626,2024-11-02,C00395,Keyboard,1,80.00
ORD-007627,2024-11-02,C00378,Hard Drive,2,85.00
ORD-007628,2024-11-02,C01070,Bluetooth Speaker,1,110.00
ORD-007628,2024-11-02,C01070,Keyboard,1,80.00
ORD-007628,2024-11-02,C01070,Laptop,1,1200.00
ORD-007629,2024-11-02,C01161,Bluetooth Speaker,1,110.00
ORD-007630,2024-11-02,C00348,Router,1,175.00
ORD-007630,2024-11-02,C00348,External SSD,1,133.00
ORD-007631,2024-11-02,C01059,Mouse,1,25.00
ORD-007631,2024-11-02,C01059,Monitor,1,300.00
ORD-007631,2024-11-02,C01059,USB-C Hub,1,45.00
ORD-007632,2024-11-02,C00677,Mesh Wi-Fi Kit,1,320.00
ORD-007633,2024-11-02,C01029,Router,1,175.00
ORD-007634,2024-11-02,C00419,USB-C Hub,2,45.00
ORD-007634,2024-11-02,C00419,Mouse,1,20.00
ORD-007635,2024-11-02,C00112,Mouse,2,23.75
ORD-007636,2024-11-02,C00365,Desktop PC,1,902.50
ORD-007637,2024-11-02,C01454,Bluetooth Speaker,1,110.00
ORD-007638,2024-11-02,C00703,Keyboard,2,80.00
ORD-007639,2024-11-02,C00951,Mouse,1,25.00
ORD-007639,2024-11-02,C00951,Keyboard,4,80.00
ORD-007639,2024-11-02,C00951,Tablet,4,480.00
ORD-007640,2024-11-02,C00656,Headphones,1,150.00
ORD-007641,2024-11-02,C00938,Microphone,1,130.00
ORD-007641,2024-11-02,C00938,Webcam,1,85.50
ORD-007641,2024-11-02,C00938,External SSD,2,140.00
ORD-007642,2024-11-02,C00703,USB-C Hub,1,40.50
ORD-007643,2024-11-02,C01479,USB-C Hub,4,45.00
ORD-007643,2024-11-02,C01479,Mouse,1,25.00
ORD-007644,2024-11-02,C00259,Webcam,1,95.00
ORD-007645,2024-11-02,C00829,USB-C Hub,1,45.00
ORD-007646,2024-11-02,C00703,Microphone,4,123.50
ORD-007646,2024-11-02,C00703,Webcam,2,90.25
ORD-007647,2024-11-02,C01106,Router,1,175.00
ORD-007648,2024-11-02,C00391,Microphone,5,130.00
ORD-007649,2024-11-02,C00931,Headphones,1,150.00
ORD-007649,2024-11-02,C00931,Mesh Wi-Fi Kit,1,320.00
ORD-007649,2024-11-02,C00931,Router,1,175.00
ORD-007650,2024-11-02,C00703,Hard Drive,3,76.50
ORD-007650,2024-11-02,C00703,Mouse,3,25.00
ORD-007651,2024-11-02,C01365,USB-C Hub,1,45.00
ORD-007652,2024-11-03,C01409,Mouse,2,22.50
ORD-007653,2024-11-03,C00506,Laptop,2,1080.00
ORD-007653,2024-11-03,C00506,USB-C Hub,1,40.50
ORD-007654,2024-11-03,C00829,Desktop PC,3,950.00
ORD-007654,2024-11-03,C00829,Hard Drive,5,85.00
ORD-007655,2024-11-03,C01289,Bluetooth Speaker,1,110.00
ORD-007655,2024-11-03,C01289,Webcam,1,95.00
ORD-007656,2024-11-03,C00751,External SSD,2,133.00
ORD-007657,2024-11-03,C00914,Tablet,1,480.00
ORD-007657,2024-11-03,C00914,Headphones,1,150.00
ORD-007658,2024-11-03,C01106,External SSD,1,140.00
ORD-007658,2024-11-03,C01106,Headphones,1,150.00
ORD-007659,2024-11-03,C00703,Keyboard,1,80.00
ORD-007660,2024-11-03,C00137,Desktop PC,2,950.00
ORD-007661,2024-11-03,C00703,Headphones,2,150.00
ORD-007662,2024-11-03,C00499,Keyboard,1,80.00
ORD-007662,2024-11-03,C00499,Mesh Wi-Fi Kit,2,320.00
ORD-007662,2024-11-03,C00499,Bluetooth Speaker,3,88.00
ORD-007663,2024-11-03,C01457,Webcam,1,90.25
ORD-007664,2024-11-03,C00593,Webcam,1,90.25
ORD-007665,2024-11-03,C00064,Bluetooth Speaker,1,110.00
ORD-007666,2024-11-03,C00703,External SSD,2,140.00
ORD-007667,2024-11-03,C01120,Microphone,1,130.00
ORD-007668,2024-11-03,C01062,Bluetooth Speaker,1,110.00
ORD-007669,2024-11-03,C00607,Ultrawide Monitor,2,620.00
ORD-007670,2024-11-03,C01248,Router,1,157.50
ORD-007670,2024-11-03,C01248,Bluetooth Speaker,2,104.50
ORD-007670,2024-11-03,C01248,Mouse,1,20.00
ORD-007671,2024-11-03,C00434,External SSD,-1,133.00
ORD-007672,2024-11-03,C01240,Hard Drive,4,76.50
ORD-007673,2024-11-03,C01160,USB-C Hub,1,45.00
ORD-007673,2024-11-03,C01160,Headphones,1,150.00
ORD-007674,2024-11-03,C01063,Mouse,3,23.75
ORD-007675,2024-11-03,C00008,Desktop PC,1,855.00
ORD-007675,2024-11-03,C00008,Microphone,2,117.00
ORD-007676,2024-11-03,C01462,Ultrawide Monitor,1,620.00
ORD-007677,2024-11-03,C01160,Laptop,2,1200.00
ORD-007678,2024-11-03,C00562,Headphones,1,142.50
ORD-007679,2024-11-03,C00459,Mouse,2,25.00
ORD-007679,2024-11-03,C00459,Microphone,1,130.00
ORD-007680,2024-11-03,C00370,Microphone,1,130.00
ORD-007681,2024-11-03,C01359,Microphone,3,123.50
ORD-007682,2024-11-03,C01249,Router,1,175.00
ORD-007683,2024-11-03,C00329,External SSD,1,126.00
ORD-007684,2024-11-03,C00703,Headphones,1,150.00
ORD-007684,2024-11-03,C00703,Hard Drive,1,85.00
ORD-007685,2024-11-03,C01289,Tablet,2,480.00
ORD-007686,2024-11-03,C00578,Hard Drive,3,80.75
ORD-007687,2024-11-03,C00226,Headphones,5,150.00
ORD-007688,2024-11-03,C01485,Mesh Wi-Fi Kit,2,288.00
ORD-007689,2024-11-03,C00156,Mouse,1,23.75
ORD-007690,2024-11-03,C01186,External SSD,1,133.00
ORD-007690,2024-11-03,C01186,Mouse,1,25.00
ORD-007691,2024-11-03,C00593,Laptop,1,1200.00
ORD-007691,2024-11-03,C00593,External SSD,1,140.00
ORD-007692,2024-11-04,C00860,Router,3,166.25
ORD-007693,2024-11-04,C01059,USB-C Hub,2,42.75
ORD-007694,2024-11-04,C00982,Bluetooth Speaker,1,110.00
ORD-007695,2024-11-04,C00829,USB-C Hub,4,45.00
ORD-007696,2024-11-04,C01206,Hard Drive,2,80.75
ORD-007697,2024-11-04,C01370,Ultrawide Monitor,1,620.00
ORD-007697,2024-11-04,C01370,Keyboard,1,80.00
ORD-007698,2024-11-04,C00790,Keyboard,1,76.00
ORD-007699,2024-11-04,C00829,Microphone,1,130.00
ORD-007700,2024-11-04,C00686,Keyboard,1,80.00
ORD-007700,2024-11-04,C00686,Mesh Wi-Fi Kit,1,320.00
ORD-007701,2024-11-04,C01285,Bluetooth Speaker,1,110.00
ORD-007701,2024-11-04,C01285,Hard Drive,2,85.00
ORD-007702,2024-11-04,C01210,Monitor,2,285.00
ORD-007703,2024-11-04,C00481,Ultrawide Monitor,1,620.00
ORD-007704,2024-11-04,C01062,Hard Drive,2,85.00
ORD-007705,2024-11-04,C00400,Mouse,2,25.00
ORD-007706,2024-11-04,C00870,USB-C Hub,1,40.50
ORD-007707,2024-11-04,C00154,External SSD,2,126.00
ORD-007708,2024-11-04,C00419,Keyboard,5,80.00
ORD-007708,2024-11-04,C00419,Laptop,1,1140.00
ORD-007709,2024-11-04,C00557,Microphone,1,104.00
ORD-007709,2024-11-04,C00557,Mouse,1,25.00
ORD-007710,2024-11-04,C01106,Desktop PC,1,950.00
ORD-007711,2024-11-04,C01160,Headphones,2,150.00
ORD-007711,2024-11-04,C01160,Bluetooth Speaker,2,110.00
ORD-007711,2024-11-04,C01160,Tablet,2,480.00
ORD-007712,2024-11-04,C01206,Tablet,1,432.00
ORD-007712,2024-11-04,C01206,Bluetooth Speaker,1,110.00
ORD-007713,2024-11-04,C00419,Webcam,2,95.00
ORD-007714,2024-11-04,C00188,Bluetooth Speaker,2,110.00
ORD-007715,2024-11-04,C00922,Mesh Wi-Fi Kit,5,320.00
ORD-007716,2024-11-04,C00348,Headphones,2,150.00
ORD-007716,2024-11-04,C00348,Mesh Wi-Fi Kit,1,320.00
ORD-007716,2024-11-04,C00348,Hard Drive,3,85.00
ORD-007717,2024-11-04,C00757,Mesh Wi-Fi Kit,4,288.00
ORD-007718,2024-11-05,C00346,Webcam,2,95.00
ORD-007718,2024-11-05,C00346,Hard Drive,1,85.00
ORD-007719,2024-11-05,C00829,Headphones,1,150.00
ORD-007720,2024-11-05,C00479,Monitor,1,285.00
ORD-007721,2024-11-05,C00445,External SSD,2,140.00
ORD-007722,2024-11-05,C01095,Router,3,175.00
ORD-007723,2024-11-05,C00568,Headphones,3,135.00
ORD-007723,2024-11-05,C00568,Mouse,3,25.00
ORD-007724,2024-11-05,C00414,Mouse,3,25.00
ORD-007724,2024-11-05,C00414,Router,1,175.00
ORD-007725,2024-11-05,C01157,Monitor,1,300.00
ORD-007726,2024-11-05,C00829,Headphones,1,150.00
ORD-007726,2024-11-05,C00829,USB-C Hub,3,45.00
ORD-007727,2024-11-05,C00064,Webcam,3,95.00
ORD-007727,2024-11-05,C00064,Router,1,157.50
ORD-007728,2024-11-05,C01461,Monitor,1,240.00
ORD-007729,2024-11-05,C00064,Mesh Wi-Fi Kit,1,304.00
ORD-007730,2024-11-05,C00618,External SSD,1,140.00
ORD-007731,2024-11-05,C01106,USB-C Hub,2,42.75
ORD-007732,2024-11-05,C00777,Headphones,1,150.00
ORD-007732,2024-11-05,C00777,Hard Drive,1,85.00
ORD-007733,2024-11-05,C00395,Router,2,175.00
ORD-007734,2024-11-05,C00923,Webcam,1,95.00
ORD-007735,2024-11-05,C01256,Headphones,1,150.00
ORD-007736,2024-11-05,C00064,Mouse,3,23.75
ORD-007736,2024-11-05,C00064,Monitor,1,300.00
ORD-007736,2024-11-05,C00064,Laptop,1,1200.00
ORD-007737,2024-11-05,C00642,Bluetooth Speaker,1,88.00
ORD-007738,2024-11-05,C00445,Monitor,1,300.00
ORD-007738,2024-11-05,C00445,Laptop,1,1200.00
ORD-007739,2024-11-05,C01298,Bluetooth Speaker,5,110.00
ORD-007740,2024-11-05,C00829,Mouse,2,25.00
ORD-007740,2024-11-05,C00829,Tablet,1,480.00
ORD-007741,2024-11-05,C00206,Mouse,2,23.75
ORD-007742,2024-11-05,C01380,Laptop,1,1200.00
ORD-007742,2024-11-05,C01380,Mouse,1,25.00
ORD-007742,2024-11-05,C01380,Hard Drive,2,85.00
ORD-007743,2024-11-05,C00792,Mesh Wi-Fi Kit,1,320.00
ORD-007743,2024-11-05,C00792,External SSD,1,140.00
ORD-007743,2024-11-05,C00792,Mouse,1,25.00
ORD-007744,2024-11-05,C00104,Webcam,4,95.00
ORD-007745,2024-11-05,C00839,Hard Drive,1,85.00
ORD-007746,2024-11-05,C01129,External SSD,1,140.00
ORD-007747,2024-11-05,C00822,Microphone,4,130.00
ORD-007747,2024-11-05,C00822,Router,1,175.00
ORD-007748,2024-11-05,C00703,Desktop PC,1,950.00
ORD-007749,2024-11-06,C01361,Router,1,140.00
ORD-007749,2024-11-06,C01361,USB-C Hub,2,45.00
ORD-007749,2024-11-06,C01361,Mouse,1,25.00
ORD-007750,2024-11-06,C00371,Monitor,4,300.00
ORD-007751,2024-11-06,C01160,Monitor,2,240.00
ORD-007752,2024-11-06,C00808,Router,3,175.00
ORD-007752,2024-11-06,C00808,Monitor,2,300.00
ORD-007752,2024-11-06,C00808,Bluetooth Speaker,1,110.00
ORD-007753,2024-11-06,C00829,External SSD,3,140.00
ORD-007754,2024-11-06,C01160,Bluetooth Speaker,1,104.50
ORD-007755,2024-11-06,C01092,Desktop PC,3,950.00
ORD-007755,2024-11-06,C01092,USB-C Hub,1,45.00
ORD-007755,2024-11-06,C01092,Ultrawide Monitor,2,620.00
ORD-007756,2024-11-06,C00212,Microphone,4,130.00
ORD-007757,2024-11-06,C01147,Hard Drive,5,85.00
ORD-007758,2024-11-06,C01462,Mouse,1,25.00
ORD-007759,2024-11-06,C00695,USB-C Hub,4,42.75
ORD-007759,2024-11-06,C00695,Mouse,1,22.50
ORD-007759,2024-11-06,C00695,Keyboard,5,80.00
ORD-007760,2024-11-06,C01414,Keyboard,1,80.00
ORD-007761,2024-11-06,C01065,External SSD,1,140.00
ORD-007762,2024-11-06,C00600,Bluetooth Speaker,1,110.00
ORD-007763,2024-11-06,C01160,Headphones,5,150.00
ORD-007764,2024-11-06,C01468,External SSD,4,133.00
ORD-007765,2024-11-06,C01251,Mouse,1,22.50
ORD-007766,2024-11-06,C00799,Mouse,1,25.00
ORD-007767,2024-11-06,C00642,External SSD,3,140.00
ORD-007768,2024-11-06,C00419,Tablet,-1,480.00
ORD-007768,2024-11-06,C00419,Mouse,1,25.00
ORD-007769,2024-11-06,C00322,Mouse,1,25.00
ORD-007770,2024-11-06,C00751,Hard Drive,1,85.00
ORD-007770,2024-11-06,C00751,Mesh Wi-Fi Kit,1,256.00
ORD-007771,2024-11-06,C00693,Hard Drive,1,76.50
ORD-007772,2024-11-06,C00553,Tablet,1,480.00
ORD-007772,2024-11-06,C00553,Hard Drive,4,80.75
ORD-007773,2024-11-06,C00881,Microphone,1,123.50
ORD-007774,2024-11-06,C00836,Router,2,157.50
ORD-007774,2024-11-06,C00836,Webcam,5,95.00
ORD-007775,2024-11-06,C00126,USB-C Hub,4,42.75
ORD-007775,2024-11-06,C00126,Headphones,1,135.00
ORD-007776,2024-11-06,C01050,Mouse,1,25.00
ORD-007776,2024-11-06,C01050,Hard Drive,1,76.50
ORD-007777,2024-11-06,C01282,Hard Drive,1,85.00
ORD-007778,2024-11-06,C00638,Mouse,2,25.00
ORD-007778,2024-11-06,C00638,Bluetooth Speaker,1,110.00
ORD-007779,2024-11-06,C00966,Ultrawide Monitor,1,620.00
ORD-007780,2024-11-06,C00627,Keyboard,1,80.00
ORD-007780,2024-11-06,C00627,Webcam,1,85.50
ORD-007781,2024-11-06,C01271,Tablet,1,480.00
ORD-007782,2024-11-06,C00703,Monitor,1,300.00
ORD-007783,2024-11-06,C01169,Desktop PC,1,950.00
ORD-007783,2024-11-06,C01169,External SSD,1,133.00
ORD-007784,2024-11-07,C00577,USB-C Hub,2,45.00
ORD-007785,2024-11-07,C00187,Webcam,2,85.50
ORD-007786,2024-11-07,C00358,Mouse,5,22.50
ORD-007787,2024-11-07,C00140,Mouse,1,25.00
ORD-007788,2024-11-07,C01067,Webcam,1,90.25
ORD-007789,2024-11-07,C00908,Mouse,4,25.00
ORD-007790,2024-11-07,C00055,USB-C Hub,1,45.00
ORD-007790,2024-11-07,C00055,Microphone,1,130.00
ORD-007791,2024-11-07,C00064,Mouse,2,22.50
ORD-007792,2024-11-07,C00163,Mouse,1,25.00
ORD-007793,2024-11-07,C00618,Webcam,-1,95.00
ORD-007794,2024-11-07,C01160,Microphone,1,130.00
ORD-007794,2024-11-07,C01160,Tablet,1,456.00
ORD-007794,2024-11-07,C01160,Router,2,175.00
ORD-007795,2024-11-07,C00337,USB-C Hub,1,36.00
ORD-007796,2024-11-07,C00544,USB-C Hub,3,45.00
ORD-007797,2024-11-07,C01041,Webcam,1,76.00
ORD-007797,2024-11-07,C01041,External SSD,1,140.00
ORD-007798,2024-11-07,C00829,External SSD,5,140.00
ORD-007799,2024-11-07,C01160,Desktop PC,1,902.50
ORD-007800,2024-11-07,C00752,Mesh Wi-Fi Kit,2,320.00
ORD-007801,2024-11-07,C01414,Monitor,1,300.00
ORD-007802,2024-11-07,C00577,USB-C Hub,1,45.00
ORD-007803,2024-11-07,C00703,USB-C Hub,1,45.00
ORD-007803,2024-11-07,C00703,Microphone,4,130.00
ORD-007804,2024-11-07,C00852,Desktop PC,4,950.00
ORD-007805,2024-11-07,C00951,Tablet,2,480.00
ORD-007806,2024-11-07,C00565,Keyboard,1,72.00
ORD-007807,2024-11-07,C00348,Microphone,2,130.00
ORD-007808,2024-11-07,C00975,Hard Drive,2,85.00
ORD-007809,2024-11-07,C00775,Webcam,1,95.00
ORD-007810,2024-11-07,C00837,External SSD,1,140.00
ORD-007811,2024-11-07,C00777,Mouse,2,25.00
ORD-007811,2024-11-07,C00777,Router,1,166.25
ORD-007812,2024-11-07,C00703,External SSD,1,126.00
ORD-007813,2024-11-07,C00607,Keyboard,3,80.00
ORD-007814,2024-11-07,C00562,Ultrawide Monitor,1,558.00
ORD-007815,2024-11-07,C00996,Microphone,1,130.00
ORD-007815,2024-11-07,C00996,Mouse,3,25.00
ORD-007816,2024-11-07,C00837,Bluetooth Speaker,4,104.50
ORD-007817,2024-11-07,C01160,Keyboard,1,80.00
ORD-007818,2024-11-07,C00829,Keyboard,2,80.00
ORD-007818,2024-11-07,C00829,External SSD,2,140.00
ORD-007819,2024-11-07,C00829,Ultrawide Monitor,1,558.00
ORD-007820,2024-11-07,C00231,Bluetooth Speaker,1,88.00
ORD-007820,2024-11-07,C00231,Hard Drive,1,80.75
ORD-007821,2024-11-07,C01342,Router,4,175.00
ORD-007821,2024-11-07,C01342,USB-C Hub,1,45.00
ORD-007822,2024-11-07,C01225,Bluetooth Speaker,3,110.00
ORD-007822,2024-11-07,C01225,Webcam,1,95.00
ORD-007822,2024-11-07,C01225,Monitor,0,300.00
ORD-007823,2024-11-07,C00829,USB-C Hub,3,45.00
ORD-007824,2024-11-08,C00966,Hard Drive,1,68.00
ORD-007824,2024-11-08,C00966,Ultrawide Monitor,-1,620.00
ORD-007825,2024-11-08,C01357,Mouse,4,25.00
ORD-007826,2024-11-08,C00419,Laptop,3,1200.00
ORD-007827,2024-11-08,C00735,Hard Drive,5,80.75
ORD-007828,2024-11-08,C00132,Hard Drive,1,85.00
ORD-007829,2024-11-08,C01333,Microphone,2,117.00
ORD-007830,2024-11-08,C01289,External SSD,1,140.00
ORD-007830,2024-11-08,C01289,Bluetooth Speaker,1,104.50
ORD-007831,2024-11-08,C00531,Webcam,5,90.25
ORD-007832,2024-11-08,C00210,External SSD,1,140.00
ORD-007833,2024-11-08,C00607,Bluetooth Speaker,2,110.00
ORD-007834,2024-11-08,C01007,Mouse,2,25.00
ORD-007835,2024-11-08,C00126,Hard Drive,1,76.50
ORD-007835,2024-11-08,C00126,USB-C Hub,1,45.00
ORD-007836,2024-11-08,C01087,Mesh Wi-Fi Kit,1,288.00
ORD-007837,2024-11-08,C00703,Keyboard,1,80.00
ORD-007838,2024-11-08,C00291,Mesh Wi-Fi Kit,1,320.00
ORD-007838,2024-11-08,C00291,Mouse,2,25.00
ORD-007839,2024-11-08,C00842,Ultrawide Monitor,5,558.00
ORD-007839,2024-11-08,C00842,Mouse,1,25.00
ORD-007840,2024-11-08,C00778,Bluetooth Speaker,3,110.00
ORD-007841,2024-11-08,C01451,Mesh Wi-Fi Kit,1,304.00
ORD-007841,2024-11-08,C01451,Ultrawide Monitor,1,496.00
ORD-007841,2024-11-08,C01451,Mouse,2,25.00
ORD-007842,2024-11-08,C00703,USB-C Hub,1,42.75
ORD-007843,2024-11-08,C00064,Microphone,1,130.00
ORD-007843,2024-11-08,C00064,USB-C Hub,2,45.00
ORD-007844,2024-11-08,C00693,Mesh Wi-Fi Kit,2,304.00
ORD-007844,2024-11-08,C00693,Mouse,1,25.00
ORD-007844,2024-11-08,C00693,Keyboard,1,80.00
ORD-007845,2024-11-08,C00703,Mouse,1,25.00
ORD-007846,2024-11-08,C00626,External SSD,1,140.00
ORD-007846,2024-11-08,C00626,USB-C Hub,1,40.50
ORD-007847,2024-11-08,C00189,Monitor,5,300.00
ORD-007848,2024-11-08,C00829,External SSD,1,140.00
ORD-007849,2024-11-08,C00703,Monitor,1,270.00
ORD-007850,2024-11-08,C00829,USB-C Hub,2,42.75
ORD-007851,2024-11-08,C00570,External SSD,1,140.00
ORD-007851,2024-11-08,C00570,Keyboard,-1,80.00
ORD-007852,2024-11-08,C00973,Mouse,1,25.00
ORD-007853,2024-11-08,C00231,Tablet,3,480.00
ORD-007853,2024-11-08,C00231,Desktop PC,3,950.00
ORD-007853,2024-11-08,C00231,External SSD,1,140.00
ORD-007854,2024-11-08,C00415,Ultrawide Monitor,1,620.00
ORD-007855,2024-11-09,C00064,USB-C Hub,2,42.75
ORD-007856,2024-11-09,C01069,Mouse,1,25.00
ORD-007857,2024-11-09,C00881,USB-C Hub,1,42.75
ORD-007858,2024-11-09,C01351,Mouse,3,25.00
ORD-007859,2024-11-09,C00231,USB-C Hub,1,45.00
ORD-007860,2024-11-09,C01211,Laptop,1,1200.00
ORD-007861,2024-11-09,C00787,Hard Drive,1,80.75
ORD-007861,2024-11-09,C00787,Ultrawide Monitor,1,558.00
ORD-007862,2024-11-09,C01299,Mouse,1,25.00
ORD-007862,2024-11-09,C01299,Bluetooth Speaker,1,110.00
ORD-007863,2024-11-09,C00600,USB-C Hub,1,45.00
ORD-007864,2024-11-09,C01160,Hard Drive,1,85.00
ORD-007864,2024-11-09,C01160,External SSD,1,140.00
ORD-007865,2024-11-09,C01359,Headphones,1,150.00
ORD-007865,2024-11-09,C01359,Microphone,5,130.00
ORD-007866,2024-11-09,C01151,Webcam,5,95.00
ORD-007867,2024-11-09,C01414,Mouse,1,25.00
ORD-007868,2024-11-09,C00703,External SSD,2,140.00
ORD-007868,2024-11-09,C00703,Monitor,1,300.00
ORD-007869,2024-11-09,C00348,Mouse,1,22.50
ORD-007869,2024-11-09,C00348,Bluetooth Speaker,3,104.50
ORD-007870,2024-11-09,C00881,Mouse,1,23.75
ORD-007871,2024-11-09,C01160,Hard Drive,4,76.50
ORD-007871,2024-11-09,C01160,External SSD,1,140.00
ORD-007872,2024-11-09,C00365,Mouse,3,23.75
ORD-007873,2024-11-09,C00703,Bluetooth Speaker,3,104.50
ORD-007873,2024-11-09,C00703,Headphones,1,142.50
ORD-007874,2024-11-09,C00575,Bluetooth Speaker,2,99.00
ORD-007875,2024-11-09,C01160,Webcam,3,90.25
ORD-007876,2024-11-09,C00779,Hard Drive,1,85.00
ORD-007877,2024-11-09,C00735,Ultrawide Monitor,1,620.00
ORD-007877,2024-11-09,C00735,Bluetooth Speaker,3,110.00
ORD-007877,2024-11-09,C00735,Mouse,3,23.75
ORD-007878,2024-11-09,C01160,Tablet,1,480.00
ORD-007879,2024-11-09,C00197,Desktop PC,1,950.00
ORD-007880,2024-11-09,C00467,Keyboard,2,80.00
ORD-007881,2024-11-09,C01289,USB-C Hub,1,45.00
ORD-007882,2024-11-09,C00169,USB-C Hub,3,45.00
ORD-007883,2024-11-09,C00703,Microphone,1,130.00
ORD-007884,2024-11-09,C00638,Router,1,157.50
ORD-007884,2024-11-09,C00638,Bluetooth Speaker,1,110.00
ORD-007885,2024-11-09,C01110,Webcam,1,95.00
ORD-007886,2024-11-09,C00829,Mouse,1,25.00
ORD-007886,2024-11-09,C00829,Ultrawide Monitor,2,620.00
ORD-007887,2024-11-09,C00842,Keyboard,3,72.00
ORD-007888,2024-11-09,C01211,Tablet,1,480.00
ORD-007889,2024-11-09,C00593,Router,1,175.00
ORD-007889,2024-11-09,C00593,Headphones,1,150.00
ORD-007890,2024-11-09,C00281,Mouse,4,25.00
ORD-007891,2024-11-09,C00808,Bluetooth Speaker,2,110.00
ORD-007891,2024-11-09,C00808,USB-C Hub,1,45.00
ORD-007892,2024-11-09,C00236,Mouse,1,23.75
ORD-007892,2024-11-09,C00236,Keyboard,2,64.00
ORD-007893,2024-11-09,C01123,USB-C Hub,1,45.00
ORD-007894,2024-11-09,C01080,Microphone,4,130.00
ORD-007895,2024-11-09,C00757,Hard Drive,1,85.00
ORD-007896,2024-11-09,C00703,Keyboard,3,76.00
ORD-007897,2024-11-09,C00703,Monitor,1,300.00
ORD-007898,2024-11-09,C00591,Bluetooth Speaker,2,110.00
ORD-007899,2024-11-10,C00216,Bluetooth Speaker,3,110.00
ORD-007900,2024-11-10,C01160,Mouse,1,25.00
ORD-007900,2024-11-10,C01160,Router,3,175.00
ORD-007901,2024-11-10,C01289,Keyboard,4,80.00
ORD-007902,2024-11-10,C01434,Tablet,1,456.00
ORD-007903,2024-11-10,C00397,Keyboard,1,72.00
ORD-007903,2024-11-10,C00397,External SSD,2,140.00
ORD-007904,2024-11-10,C00829,Tablet,2,480.00
ORD-007904,2024-11-10,C00829,Mesh Wi-Fi Kit,1,320.00
ORD-007904,2024-11-10,C00829,USB-C Hub,1,42.75
ORD-007905,2024-11-10,C00411,External SSD,2,140.00
ORD-007906,2024-11-10,C00752,Webcam,1,95.00
ORD-007907,2024-11-10,C01289,Microphone,1,130.00
ORD-007908,2024-11-10,C00323,USB-C Hub,1,45.00
ORD-007909,2024-11-10,C01206,Mouse,1,25.00
ORD-007910,2024-11-10,C00453,Hard Drive,3,85.00
ORD-007911,2024-11-10,C01124,Bluetooth Speaker,1,110.00
ORD-007912,2024-11-10,C00064,Headphones,1,150.00
ORD-007912,2024-11-10,C00064,External SSD,1,140.00
ORD-007913,2024-11-10,C00106,Monitor,2,285.00
ORD-007914,2024-11-10,C00975,Mouse,1,23.75
ORD-007914,2024-11-10,C00975,USB-C Hub,1,45.00
ORD-007914,2024-11-10,C00975,Monitor,1,285.00
ORD-007915,2024-11-10,C00137,Webcam,1,95.00
ORD-007916,2024-11-10,C00577,Keyboard,1,80.00
ORD-007917,2024-11-10,C00655,Tablet,1,480.00
ORD-007917,2024-11-10,C00655,Bluetooth Speaker,1,110.00
ORD-007917,2024-11-10,C00655,Headphones,1,150.00
ORD-007918,2024-11-10,C00703,Ultrawide Monitor,1,620.00
ORD-007919,2024-11-10,C01031,USB-C Hub,2,45.00
ORD-007919,2024-11-10,C01031,Tablet,2,480.00
ORD-007920,2024-11-10,C00899,Mouse,2,25.00
ORD-007921,2024-11-10,C00426,Ultrawide Monitor,4,589.00
ORD-007922,2024-11-10,C00741,USB-C Hub,1,45.00
ORD-007923,2024-11-10,C01437,Headphones,1,150.00
ORD-007923,2024-11-10,C01437,Laptop,1,1200.00
ORD-007923,2024-11-10,C01437,Mouse,4,22.50
ORD-007924,2024-11-10,C00466,Hard Drive,1,80.75
ORD-007924,2024-11-10,C00466,Mesh Wi-Fi Kit,1,320.00
ORD-007925,2024-11-10,C00508,Bluetooth Speaker,2,110.00
ORD-007925,2024-11-10,C00508,Router,1,175.00
ORD-007926,2024-11-10,C01286,Headphones,1,142.50
ORD-007926,2024-11-10,C01286,Mesh Wi-Fi Kit,2,320.00
ORD-007927,2024-11-10,C00703,Tablet,3,456.00
ORD-007928,2024-11-10,C01137,Keyboard,2,76.00
ORD-007928,2024-11-10,C01137,USB-C Hub,1,45.00
ORD-007929,2024-11-10,C00936,Desktop PC,1,950.00
ORD-007930,2024-11-10,C00577,Router,4,175.00
ORD-007930,2024-11-10,C00577,Ultrawide Monitor,1,496.00
ORD-007931,2024-11-10,C01160,External SSD,1,112.00
ORD-007932,2024-11-10,C00419,Webcam,1,95.00
ORD-007933,2024-11-10,C00792,Hard Drive,1,80.75
ORD-007933,2024-11-10,C00792,Webcam,2,90.25
ORD-007934,2024-11-10,C01177,External SSD,2,140.00
ORD-007935,2024-11-10,C01426,Hard Drive,2,80.75
ORD-007936,2024-11-10,C00137,Router,1,175.00
ORD-007937,2024-11-10,C00003,Bluetooth Speaker,1,110.00
ORD-007938,2024-11-10,C01183,USB-C Hub,1,45.00
ORD-007939,2024-11-10,C01062,Headphones,3,150.00
ORD-007940,2024-11-10,C00623,USB-C Hub,4,45.00
ORD-007940,2024-11-10,C00623,Desktop PC,2,950.00
ORD-007941,2024-11-10,C01465,Webcam,1,95.00
ORD-007941,2024-11-10,C01465,Keyboard,1,80.00
ORD-007942,2024-11-10,C00868,Keyboard,3,76.00
ORD-007942,2024-11-10,C00868,Mouse,5,23.75
ORD-007943,2024-11-11,C01160,Router,3,175.00
ORD-007943,2024-11-11,C01160,Bluetooth Speaker,3,110.00
ORD-007943,2024-11-11,C01160,Microphone,1,130.00
ORD-007944,2024-11-11,C00156,External SSD,1,112.00
ORD-007944,2024-11-11,C00156,Webcam,3,95.00
ORD-007944,2024-11-11,C00156,Laptop,1,1200.00
ORD-007945,2024-11-11,C00705,Hard Drive,1,68.00
ORD-007946,2024-11-11,C00379,Webcam,1,90.25
ORD-007947,2024-11-11,C00337,Monitor,1,300.00
ORD-007948,2024-11-11,C01289,Keyboard,1,80.00
ORD-007948,2024-11-11,C01289,Ultrawide Monitor,2,620.00
ORD-007949,2024-11-11,C01311,Tablet,1,480.00
ORD-007950,2024-11-11,C00172,Mouse,5,25.00
ORD-007951,2024-11-11,C01229,Hard Drive,3,85.00
ORD-007952,2024-11-11,C00969,Bluetooth Speaker,1,110.00
ORD-007953,2024-11-11,C01370,Router,1,166.25
ORD-007954,2024-11-11,C01160,USB-C Hub,1,45.00
ORD-007955,2024-11-11,C00616,Hard Drive,1,76.50
ORD-007956,2024-11-11,C00196,Laptop,1,1200.00
ORD-007956,2024-11-11,C00196,Router,3,175.00
ORD-007956,2024-11-11,C00196,Headphones,4,150.00
ORD-007957,2024-11-11,C00784,External SSD,3,133.00
ORD-007957,2024-11-11,C00784,USB-C Hub,1,36.00
ORD-007958,2024-11-11,C01160,Microphone,2,130.00
ORD-007958,2024-11-11,C01160,Router,2,175.00
ORD-007959,2024-11-11,C00419,Headphones,1,150.00
ORD-007960,2024-11-11,C00065,Headphones,1,150.00
ORD-007961,2024-11-11,C00609,Keyboard,1,80.00
ORD-007962,2024-11-11,C00881,Keyboard,5,72.00
ORD-007962,2024-11-11,C00881,Mouse,1,25.00
ORD-007963,2024-11-11,C01465,Mouse,1,25.00
ORD-007964,2024-11-11,C01362,Hard Drive,1,85.00
ORD-007965,2024-11-11,C01344,External SSD,1,140.00
ORD-007966,2024-11-11,C00881,Router,1,175.00
ORD-007967,2024-11-11,C01136,Ultrawide Monitor,2,620.00
ORD-007968,2024-11-11,C00242,Router,1,175.00
ORD-007968,2024-11-11,C00242,Ultrawide Monitor,2,620.00
ORD-007969,2024-11-11,C01432,Mouse,3,25.00
ORD-007969,2024-11-11,C01432,Keyboard,1,80.00
ORD-007969,2024-11-11,C01432,Microphone,1,123.50
ORD-007970,2024-11-11,C01485,USB-C Hub,2,45.00
ORD-007970,2024-11-11,C01485,Ultrawide Monitor,3,558.00
ORD-007971,2024-11-11,C01379,USB-C Hub,1,45.00
ORD-007971,2024-11-11,C01379,Webcam,1,95.00
ORD-007972,2024-11-11,C00998,Webcam,2,95.00
ORD-007973,2024-11-11,C00591,Hard Drive,1,85.00
ORD-007974,2024-11-11,C00829,Headphones,5,150.00
ORD-007974,2024-11-11,C00829,Mouse,5,25.00
ORD-007974,2024-11-11,C00829,External SSD,2,140.00
ORD-007975,2024-11-11,C01153,Mouse,1,25.00
ORD-007976,2024-11-11,C00780,Webcam,1,95.00
ORD-007976,2024-11-11,C00780,Microphone,5,130.00
ORD-007976,2024-11-11,C00780,Hard Drive,2,85.00
ORD-007977,2024-11-11,C00190,Router,1,175.00
ORD-007978,2024-11-11,C01225,Headphones,3,150.00
ORD-007979,2024-11-11,C01441,Hard Drive,2,76.50
ORD-007980,2024-11-11,C01160,Tablet,1,480.00
ORD-007980,2024-11-11,C01160,Mouse,1,25.00
ORD-007981,2024-11-11,C00810,Laptop,1,1200.00
ORD-007982,2024-11-11,C01454,Router,2,140.00
ORD-007983,2024-11-11,C00829,Keyboard,1,80.00
ORD-007984,2024-11-11,C00591,Keyboard,1,76.00
ORD-007985,2024-11-12,C00829,Webcam,1,95.00
ORD-007986,2024-11-12,C00419,Headphones,1,135.00
ORD-007986,2024-11-12,C00419,Bluetooth Speaker,1,104.50
ORD-007986,2024-11-12,C00419,Mouse,4,23.75
ORD-007987,2024-11-12,C00385,Hard Drive,1,85.00
ORD-007988,2024-11-12,C00829,Router,1,175.00
ORD-007988,2024-11-12,C00829,Mouse,1,25.00
ORD-007988,2024-11-12,C00829,Bluetooth Speaker,2,110.00
ORD-007989,2024-11-12,C00463,Microphone,1,130.00
ORD-007990,2024-11-12,C00469,Ultrawide Monitor,2,620.00
ORD-007990,2024-11-12,C00469,Headphones,5,150.00
ORD-007991,2024-11-12,C00703,Microphone,2,117.00
ORD-007992,2024-11-12,C00950,Bluetooth Speaker,1,110.00
ORD-007992,2024-11-12,C00950,USB-C Hub,1,42.75
ORD-007993,2024-11-12,C00276,Bluetooth Speaker,2,110.00
ORD-007994,2024-11-12,C00672,Microphone,1,130.00
ORD-007995,2024-11-12,C01377,Mouse,1,25.00
ORD-007996,2024-11-12,C00600,Mouse,1,22.50
ORD-007997,2024-11-12,C00102,External SSD,2,140.00
ORD-007997,2024-11-12,C00102,Monitor,2,300.00
ORD-007997,2024-11-12,C00102,Mouse,1,25.00
ORD-007998,2024-11-12,C00419,Mouse,2,25.00
ORD-007998,2024-11-12,C00419,Webcam,1,95.00
ORD-007999,2024-11-12,C00703,Bluetooth Speaker,2,110.00
ORD-007999,2024-11-12,C00703,Webcam,1,95.00
ORD-008000,2024-11-12,C00102,Hard Drive,2,85.00
ORD-008000,2024-11-12,C00102,Tablet,1,480.00
ORD-008001,2024-11-12,C00453,Ultrawide Monitor,2,496.00
ORD-008002,2024-11-12,C00829,Mouse,2,20.00
ORD-008002,2024-11-12,C00829,Hard Drive,1,85.00
ORD-008002,2024-11-12,C00829,Monitor,2,300.00
ORD-008003,2024-11-12,C00547,USB-C Hub,1,45.00
ORD-008004,2024-11-12,C00027,Webcam,1,95.00
ORD-008004,2024-11-12,C00027,Microphone,1,117.00
ORD-008005,2024-11-12,C00675,Keyboard,4,80.00
ORD-008006,2024-11-12,C00185,Monitor,2,285.00
ORD-008006,2024-11-12,C00185,Keyboard,1,80.00
ORD-008007,2024-11-12,C00703,Microphone,1,130.00
ORD-008007,2024-11-12,C00703,Hard Drive,3,85.00
ORD-008008,2024-11-12,C00842,Webcam,2,85.50
ORD-008009,2024-11-12,C01419,Keyboard,2,80.00
ORD-008009,2024-11-12,C01419,Webcam,1,95.00
ORD-008010,2024-11-12,C00419,External SSD,1,133.00
ORD-008010,2024-11-12,C00419,Mouse,2,25.00
ORD-008010,2024-11-12,C00419,Router,1,175.00
ORD-008011,2024-11-12,C00145,Mouse,1,25.00
ORD-008012,2024-11-12,C00855,Monitor,1,300.00
ORD-008012,2024-11-12,C00855,Microphone,1,117.00
ORD-008012,2024-11-12,C00855,Keyboard,2,80.00
ORD-008013,2024-11-12,C00966,Mouse,5,25.00
ORD-008014,2024-11-13,C00881,Router,1,166.25
ORD-008015,2024-11-13,C00348,USB-C Hub,1,45.00
ORD-008016,2024-11-13,C00902,External SSD,4,140.00
ORD-008017,2024-11-13,C01081,Mouse,1,23.75
ORD-008017,2024-11-13,C01081,Hard Drive,1,85.00
ORD-008018,2024-11-13,C01031,Webcam,3,95.00
ORD-008018,2024-11-13,C01031,External SSD,1,133.00
ORD-008019,2024-11-13,C01160,Bluetooth Speaker,1,104.50
ORD-008019,2024-11-13,C01160,Keyboard,1,80.00
ORD-008020,2024-11-13,C01155,Headphones,2,135.00
ORD-008021,2024-11-13,C01186,Tablet,3,480.00
ORD-008022,2024-11-13,C01095,Router,3,175.00
ORD-008023,2024-11-13,C00166,USB-C Hub,1,45.00
ORD-008023,2024-11-13,C00166,Monitor,1,300.00
ORD-008024,2024-11-13,C00551,Laptop,3,960.00
ORD-008025,2024-11-13,C00433,Headphones,1,142.50
ORD-008025,2024-11-13,C00433,Keyboard,2,80.00
ORD-008026,2024-11-13,C01307,Headphones,3,142.50
ORD-008027,2024-11-13,C00006,Keyboard,3,80.00
ORD-008028,2024-11-13,C00137,Mouse,4,25.00
ORD-008028,2024-11-13,C00137,Tablet,3,480.00
ORD-008028,2024-11-13,C00137,External SSD,2,140.00
ORD-008029,2024-11-13,C00752,Bluetooth Speaker,1,110.00
ORD-008029,2024-11-13,C00752,Keyboard,3,80.00
ORD-008030,2024-11-13,C00419,Mouse,1,23.75
ORD-008031,2024-11-13,C00807,USB-C Hub,1,45.00
ORD-008032,2024-11-13,C01465,Hard Drive,2,85.00
ORD-008033,2024-11-13,C01160,Ultrawide Monitor,3,620.00
ORD-008033,2024-11-13,C01160,Headphones,2,120.00
ORD-008033,2024-11-13,C01160,Keyboard,2,80.00
ORD-008034,2024-11-13,C01469,Hard Drive,1,85.00
ORD-008034,2024-11-13,C01469,USB-C Hub,1,45.00
ORD-008034,2024-11-13,C01469,Keyboard,3,80.00
ORD-008035,2024-11-13,C01160,Keyboard,5,64.00
ORD-008036,2024-11-13,C01440,Ultrawide Monitor,1,620.00
ORD-008036,2024-11-13,C01440,External SSD,1,133.00
ORD-008036,2024-11-13,C01440,Keyboard,4,80.00
ORD-008037,2024-11-13,C00499,External SSD,1,140.00
ORD-008037,2024-11-13,C00499,Monitor,2,285.00
ORD-008038,2024-11-13,C00536,Webcam,3,95.00
ORD-008038,2024-11-13,C00536,USB-C Hub,2,45.00
ORD-008039,2024-13-45,C00488,Monitor,1,300.00
ORD-008040,2024-11-13,C01359,Mesh Wi-Fi Kit,1,320.00
ORD-008041,2024-11-13,C00585,USB-C Hub,3,42.75
ORD-008041,2024-11-13,C00585,Mouse,1,23.75
ORD-008041,2024-11-13,C00585,Keyboard,1,72.00
ORD-008042,2024-11-13,C00419,Bluetooth Speaker,2,104.50
ORD-008043,2024-11-13,C00241,Tablet,1,432.00
ORD-008044,2024-11-13,C01342,Headphones,3,142.50
ORD-008045,2024-11-13,C01054,Mouse,2,25.00
ORD-008046,2024-11-13,C00694,External SSD,1,140.00
ORD-008046,2024-11-13,C00694,Mouse,1,25.00
ORD-008047,2024-11-13,C00703,Keyboard,1,80.00
ORD-008048,2024-11-13,C01430,Keyboard,1,80.00
ORD-008048,2024-11-13,C01430,USB-C Hub,3,45.00
ORD-008049,2024-11-13,C01289,USB-C Hub,1,45.00
ORD-008050,2024-11-14,C01336,Microphone,2,130.00
ORD-008050,2024-11-14,C01336,Mouse,2,25.00
ORD-008050,2024-11-14,C01336,Tablet,1,384.00
ORD-008051,2024-11-14,C01485,Webcam,1,95.00
ORD-008052,2024-11-14,C01124,External SSD,2,133.00
ORD-008052,2024-11-14,C01124,Keyboard,1,80.00
ORD-008053,2024-11-14,C00943,External SSD,1,140.00
ORD-008053,2024-11-14,C00943,Mesh Wi-Fi Kit,1,320.00
ORD-008053,2024-11-14,C00943,Keyboard,2,80.00
ORD-008054,2024-11-14,C00829,Mouse,1,25.00
ORD-008054,2024-11-14,C00829,USB-C Hub,5,45.00
ORD-008055,2024-11-14,C01361,Mouse,1,22.50
ORD-008055,2024-11-14,C01361,Microphone,1,130.00
ORD-008056,2024-11-14,C01211,Mesh Wi-Fi Kit,1,320.00
ORD-008057,2024-11-14,C00829,Mesh Wi-Fi Kit,2,320.00
ORD-008058,2024-11-14,C00276,Mesh Wi-Fi Kit,2,320.00
ORD-008058,2024-11-14,C00276,External SSD,1,140.00
ORD-008059,2024-11-14,C01280,Mouse,2,22.50
ORD-008060,2024-11-14,C00829,Hard Drive,1,85.00
ORD-008061,2024-11-14,C00367,Mouse,1,25.00
ORD-008062,2024-11-14,C01206,Mouse,2,22.50
ORD-008063,2024-11-14,C00829,Monitor,1,270.00
ORD-008063,2024-11-14,C00829,Microphone,1,123.50
ORD-008064,2024-11-14,C00065,Ultrawide Monitor,4,496.00
ORD-008065,2024-11-14,C00078,Router,2,175.00
ORD-008066,2024-11-14,C00388,Mouse,4,25.00
ORD-008067,2024-11-14,C01160,Mouse,1,22.50
ORD-008068,2024-11-14,C00703,Bluetooth Speaker,1,110.00
ORD-008069,2024-11-14,C01131,Ultrawide Monitor,1,620.00
ORD-008069,2024-11-14,C01131,Mouse,1,25.00
ORD-008070,2024-11-14,C00592,Bluetooth Speaker,3,110.00
ORD-008070,2024-11-14,C00592,Router,1,157.50
ORD-008071,2024-11-14,C00348,Bluetooth Speaker,1,110.00
ORD-008072,2024-11-14,C00285,Ultrawide Monitor,1,558.00
ORD-008073,2024-11-14,C00419,External SSD,1,140.00
ORD-008073,2024-11-14,C00419,Router,1,166.25
ORD-008073,2024-11-14,C00419,Hard Drive,2,85.00
ORD-008074,2024-11-14,C00064,Bluetooth Speaker,1,110.00
ORD-008075,2024-11-14,C00975,Router,1,175.00
ORD-008076,2024-11-14,C01310,Hard Drive,1,80.75
ORD-008077,2024-11-14,C00829,Router,1,140.00
ORD-008078,2024-11-14,C01426,Headphones,1,150.00
ORD-008079,2024-11-14,C00609,Keyboard,4,80.00
ORD-008080,2024-11-14,C01160,Webcam,1,85.50
ORD-008081,2024-11-14,C00703,Router,1,175.00
ORD-008082,2024-11-14,C01314,Hard Drive,3,68.00
ORD-008082,2024-11-14,C01314,Mouse,5,25.00
ORD-008083,2024-11-14,C00703,Headphones,2,142.50
ORD-008084,2024-11-15,C01349,Headphones,2,150.00
ORD-008085,2024-11-15,C01064,Mesh Wi-Fi Kit,2,320.00
ORD-008085,2024-11-15,C01064,USB-C Hub,1,45.00
ORD-008085,2024-11-15,C01064,Desktop PC,1,855.00
ORD-008086,2024-11-15,C01362,Mesh Wi-Fi Kit,2,320.00
ORD-008087,2024-11-15,C00829,Microphone,1,130.00
ORD-008088,2024-11-15,C01412,Router,4,166.25
ORD-008088,2024-11-15,C01412,External SSD,1,133.00
ORD-008089,2024-11-15,C00829,Keyboard,4,80.00
ORD-008090,2024-11-15,C00041,USB-C Hub,1,45.00
ORD-008090,2024-11-15,C00041,External SSD,1,140.00
ORD-008091,2024-11-15,C00760,Mouse,1,25.00
ORD-008091,2024-13-45,C00760,USB-C Hub,1,45.00
ORD-008092,2024-11-15,C01285,Keyboard,1,80.00
ORD-008092,2024-11-15,C01285,Microphone,1,130.00
ORD-008093,2024-11-15,C00989,Laptop,1,1200.00
ORD-008094,2024-11-15,C01419,Laptop,1,1200.00
ORD-008095,2024-11-15,C00985,Microphone,1,117.00
ORD-008095,2024-11-15,C00985,Webcam,4,95.00
ORD-008096,2024-11-15,C00703,Microphone,3,117.00
ORD-008096,2024-11-15,C00703,Webcam,3,95.00
ORD-008096,2024-11-15,C00703,Bluetooth Speaker,1,110.00
ORD-008097,2024-11-15,C00699,Mouse,1,23.75
ORD-008098,2024-11-15,C00236,Bluetooth Speaker,3,110.00
ORD-008099,2024-11-15,C00133,Hard Drive,2,80.75
ORD-008100,2024-11-15,C00079,USB-C Hub,1,40.50
ORD-008101,2024-11-15,C01225,Router,1,175.00
ORD-008101,2024-11-15,C01225,Keyboard,3,80.00
ORD-008102,2024-11-15,C01356,Hard Drive,1,80.75
ORD-008103,2024-11-15,C00703,Hard Drive,1,85.00
ORD-008103,2024-11-15,C00703,Mesh Wi-Fi Kit,1,304.00
ORD-008104,2024-11-15,C01283,USB-C Hub,1,45.00
ORD-008105,2024-11-15,C00693,Tablet,1,480.00
ORD-008106,2024-11-15,C01128,Tablet,2,480.00
ORD-008107,2024-11-15,C00419,Bluetooth Speaker,1,88.00
ORD-008108,2024-11-15,C00419,Hard Drive,2,85.00
ORD-008109,2024-11-15,C00703,Mesh Wi-Fi Kit,1,320.00
ORD-008110,2024-11-15,C01468,Monitor,3,300.00
ORD-008111,2024-11-15,C01488,Mesh Wi-Fi Kit,1,320.00
ORD-008111,2024-11-15,C01488,Keyboard,2,80.00
ORD-008112,2024-11-15,C00829,Hard Drive,4,85.00
ORD-008112,2024-11-15,C00829,Keyboard,1,76.00
ORD-008113,2024-11-15,C00829,Keyboard,1,80.00
ORD-008113,2024-11-15,C00829,Laptop,1,960.00
ORD-008114,2024-11-15,C01110,Keyboard,1,80.00
ORD-008114,2024-11-15,C01110,Desktop PC,4,950.00
ORD-008115,2024-11-15,C01160,Monitor,3,300.00
ORD-008116,2024-11-15,C01289,USB-C Hub,2,45.00
ORD-008117,2024-11-15,C01285,Hard Drive,1,85.00
ORD-008118,2024-11-15,C01225,Tablet,1,480.00
ORD-008119,2024-11-15,C00348,Microphone,1,130.00
ORD-008119,2024-11-15,C00348,Webcam,1,95.00
ORD-008119,2024-11-15,C00348,External SSD,2,140.00
ORD-008120,2024-11-15,C00684,Headphones,5,142.50
ORD-008121,2024-11-15,C01289,Keyboard,1,80.00
ORD-008122,2024-11-16,C01285,USB-C Hub,2,45.00
ORD-008122,2024-11-16,C01285,Router,1,175.00
ORD-008123,2024-11-16,C00413,Keyboard,2,80.00
ORD-008124,2024-11-16,C00554,Headphones,1,150.00
ORD-008124,2024-11-16,C00554,Webcam,1,95.00
ORD-008125,2024-11-16,C01430,Ultrawide Monitor,4,558.00
ORD-008125,2024-11-16,C01430,USB-C Hub,3,40.50
ORD-008126,2024-11-16,C00488,Microphone,1,117.00
ORD-008126,2024-11-16,C00488,Hard Drive,1,85.00
ORD-008127,2024-11-16,C01359,Ultrawide Monitor,2,620.00
ORD-008128,2024-11-16,C01441,External SSD,1,140.00
ORD-008129,2024-11-16,C00522,Router,1,175.00
ORD-008129,2024-11-16,C00522,External SSD,4,126.00
ORD-008130,2024-11-16,C01160,External SSD,5,140.00
ORD-008130,2024-11-16,C01160,USB-C Hub,1,45.00
ORD-008131,2024-11-16,C00236,Mouse,5,25.00
ORD-008132,2024-11-16,C01370,Mouse,1,N/A
ORD-008132,2024-11-16,C01370,Bluetooth Speaker,1,110.00
ORD-008132,2024-11-16,C01370,USB-C Hub,1,45.00
ORD-008133,2024-11-16,C01311,Bluetooth Speaker,1,110.00
ORD-008134,2024-11-16,C00087,Hard Drive,1,76.50
ORD-008134,2024-11-16,C00087,Keyboard,1,80.00
ORD-008134,2024-11-16,C00087,USB-C Hub,1,40.50
ORD-008135,2024-11-16,C00164,Keyboard,1,80.00
ORD-008136,2024-11-16,C01019,Bluetooth Speaker,1,110.00
ORD-008137,2024-11-16,C01038,Bluetooth Speaker,2,99.00
ORD-008137,2024-11-16,C01038,Mouse,1,25.00
ORD-008138,2024-11-16,C00423,Mouse,1,22.50
ORD-008138,2024-11-16,C00423,Headphones,5,150.00
ORD-008139,2024-11-16,C00829,USB-C Hub,1,45.00
ORD-008140,2024-11-16,C00750,Mouse,5,23.75
ORD-008140,2024-11-16,C00750,Bluetooth Speaker,1,110.00
ORD-008141,2024-11-16,C01379,External SSD,1,140.00
ORD-008141,2024-11-16,C01379,Webcam,1,90.25
ORD-008141,2024-11-16,C01379,Mesh Wi-Fi Kit,2,320.00
ORD-008142,2024-11-16,C01160,Keyboard,2,76.00
ORD-008142,2024-11-16,C01160,Mouse,1,22.50
ORD-008143,2024-11-16,C00558,Mouse,1,25.00
ORD-008144,2024-11-16,C00829,Mouse,1,25.00
ORD-008144,2024-11-16,C00829,Hard Drive,1,85.00
ORD-008145,2024-11-16,C01399,USB-C Hub,1,45.00
ORD-008145,2024-11-16,C01399,Webcam,1,95.00
ORD-008146,2024-11-16,C01217,Router,1,175.00
ORD-008146,2024-11-16,C01217,USB-C Hub,1,40.50
ORD-008147,2024-11-16,C00137,USB-C Hub,4,40.50
ORD-008147,2024-11-16,C00137,Headphones,2,150.00
ORD-008148,2024-11-16,C00752,External SSD,1,140.00
ORD-008149,2024-11-16,C00975,Mouse,4,25.00
ORD-008150,2024-11-16,C01195,USB-C Hub,1,36.00
ORD-008150,2024-11-16,C01195,Desktop PC,1,902.50
ORD-008151,2024-11-16,C00494,Headphones,2,142.50
ORD-008152,2024-11-16,C00064,Microphone,2,130.00
ORD-008152,2024-11-16,C00064,External SSD,1,140.00
ORD-008153,2024-11-16,C00342,External SSD,3,140.00
ORD-008154,2024-11-16,C01272,Ultrawide Monitor,1,496.00
ORD-008154,2024-11-16,C01272,USB-C Hub,1,45.00
ORD-008155,2024-11-16,C00458,Router,2,166.25
ORD-008155,2024-11-16,C00458,Webcam,1,95.00
ORD-008156,2024-11-16,C01082,Tablet,2,480.00
ORD-008156,2024-11-16,C01082,Router,2,175.00
ORD-008157,2024-11-16,C00057,Mouse,2,25.00
ORD-008157,2024-11-16,C00057,Monitor,1,300.00
ORD-008158,2024-11-16,C01414,Mouse,1,22.50
ORD-008159,2024-11-16,C00591,External SSD,1,133.00
ORD-008160,2024-11-16,C00843,Keyboard,4,76.00
ORD-008161,2024-11-16,C01160,Bluetooth Speaker,2,110.00
ORD-008161,2024-11-16,C01160,Tablet,2,456.00
ORD-008162,2024-11-16,C00590,External SSD,1,140.00
ORD-008163,2024-11-16,C00172,Microphone,2,130.00
ORD-008164,2024-11-16,C01485,Headphones,1,150.00
ORD-008165,2024-11-16,C00829,Headphones,1,150.00
ORD-008166,2024-11-16,C00037,Mesh Wi-Fi Kit,1,288.00
ORD-008166,2024-11-16,C00037,Mouse,1,25.00
ORD-008166,2024-11-16,C00037,Hard Drive,1,85.00
ORD-008167,2024-11-17,C00339,Ultrawide Monitor,3,620.00
ORD-008168,2024-11-17,C00973,Mouse,1,25.00
ORD-008168,2024-11-17,C00973,USB-C Hub,1,45.00
ORD-008169,2024-11-17,C00819,Ultrawide Monitor,1,620.00
ORD-008170,2024-11-17,C01289,Ultrawide Monitor,4,620.00
ORD-008170,2024-11-17,C01289,Mouse,1,25.00
ORD-008170,2024-11-17,C01289,Bluetooth Speaker,1,110.00
ORD-008171,2024-11-17,C00379,Hard Drive,2,85.00
ORD-008172,2024-11-17,C00699,Mesh Wi-Fi Kit,2,320.00
ORD-008173,2024-11-17,C01327,Webcam,1,95.00
ORD-008174,2024-11-17,C00137,Router,1,175.00
ORD-008174,2024-11-17,C00137,Microphone,3,130.00
ORD-008175,2024-11-17,C00432,Mesh Wi-Fi Kit,1,256.00
ORD-008176,2024-11-17,C01422,Hard Drive,1,85.00
ORD-008177,2024-11-17,C01160,Mesh Wi-Fi Kit,1,320.00
ORD-008178,2024-11-17,C00829,Laptop,1,1200.00
ORD-008178,2024-11-17,C00829,Bluetooth Speaker,1,110.00
ORD-008179,2024-11-17,C00543,Webcam,3,95.00
ORD-008179,2024-11-17,C00543,Monitor,1,285.00
ORD-008180,2024-11-17,C00829,USB-C Hub,1,42.75
ORD-008181,2024-11-17,C01206,Webcam,1,85.50
ORD-008181,2024-11-17,C01206,Router,4,166.25
ORD-008182,2024-11-17,C00829,Monitor,1,300.00
ORD-008182,2024-11-17,C00829,Router,1,166.25
ORD-008182,2024-11-17,C00829,Bluetooth Speaker,1,110.00
ORD-008183,2024-11-17,C00207,USB-C Hub,1,45.00
ORD-008184,2024-11-17,C01124,Hard Drive,4,68.00
ORD-008185,2024-11-17,C00456,Microphone,1,104.00
ORD-008185,2024-11-17,C00456,USB-C Hub,1,45.00
ORD-008186,2024-11-17,C00445,Bluetooth Speaker,4,110.00
ORD-008186,2024-11-17,C00445,Microphone,1,130.00
ORD-008187,2024-11-17,C00357,External SSD,1,140.00
ORD-008188,2024-11-17,C00687,USB-C Hub,4,36.00
ORD-008189,2024-11-17,C01379,Mesh Wi-Fi Kit,4,320.00
ORD-008189,2024-11-17,C01379,Mouse,1,23.75
ORD-008190,2024-11-17,C00419,Webcam,1,90.25
ORD-008191,2024-11-17,C00738,Microphone,1,130.00
ORD-008192,2024-11-17,C00499,Headphones,1,150.00
ORD-008193,2024-11-17,C00445,External SSD,1,140.00
ORD-008193,2024-11-17,C00445,USB-C Hub,1,45.00
ORD-008193,2024-11-17,C00445,Mouse,3,25.00
ORD-008194,2024-11-17,C00144,Webcam,1,95.00
ORD-008194,2024-11-17,C00144,Desktop PC,1,950.00
ORD-008195,2024-11-17,C00703,Webcam,1,90.25
ORD-008195,2024-11-17,C00703,Keyboard,2,76.00
ORD-008196,2024-11-17,C01160,Router,1,175.00
ORD-008197,2024-11-17,C01037,Bluetooth Speaker,1,110.00
ORD-008197,2024-11-17,C01037,Mesh Wi-Fi Kit,1,320.00
ORD-008198,2024-11-17,C00687,Webcam,2,95.00
ORD-008198,2024-11-17,C00687,Router,5,175.00
ORD-008199,2024-11-17,C01487,Keyboard,1,80.00
ORD-008199,2024-11-17,C01487,USB-C Hub,1,45.00
ORD-008200,2024-11-17,C01422,Microphone,5,130.00
ORD-008200,2024-11-17,C01422,External SSD,1,140.00
ORD-008201,2024-11-17,C00966,Headphones,1,150.00
ORD-008202,2024-11-17,C00137,Headphones,5,150.00
ORD-008202,2024-11-17,C00137,Bluetooth Speaker,1,110.00
ORD-008203,2024-11-17,C00960,Microphone,2,130.00
ORD-008203,2024-11-17,C00960,Mesh Wi-Fi Kit,2,320.00
ORD-008204,2024-11-17,C00757,Mesh Wi-Fi Kit,2,320.00
ORD-008205,2024-11-17,C00796,  Mouse ,2,25.00
ORD-008206,2024-11-17,C01160,USB-C Hub,1,40.50
ORD-008207,2024-11-17,C00616,USB-C Hub,1,45.00
ORD-008208,2024-11-17,C01206,Monitor,1,285.00
ORD-008209,2024-11-18,C01077,Keyboard,3,80.00
ORD-008210,2024-11-18,C00413,USB-C Hub,1,36.00
ORD-008210,2024-11-18,C00413,Microphone,3,130.00
ORD-008210,2024-11-18,C00413,Headphones,2,150.00
ORD-008211,2024-11-18,C01304,External SSD,1,140.00
ORD-008211,2024-11-18,C01304,Tablet,4,480.00
ORD-008211,2024-11-18,C01304,Headphones,1,150.00
ORD-008212,2024-11-18,C01151,Bluetooth Speaker,2,110.00
ORD-008213,2024-11-18,C00752,Tablet,5,480.00
ORD-008214,2024-11-18,C00610,Microphone,4,117.00
ORD-008214,2024-11-18,C00610,Headphones,1,135.00
ORD-008215,2024-11-18,C00287,USB-C Hub,3,45.00
ORD-008216,2024-11-18,C01289,Headphones,1,120.00
ORD-008216,2024-11-18,C01289,Webcam,5,95.00
ORD-008217,2024-11-18,C01199,USB-C Hub,3,45.00
ORD-008218,2024-11-18,C00829,Headphones,1,120.00
ORD-008219,2024-11-18,C00897,Mouse,2,25.00
ORD-008220,2024-11-18,C01192,External SSD,1,140.00
ORD-008221,2024-11-18,C00703,USB-C Hub,1,45.00
ORD-008222,2024-11-18,C00752,Webcam,3,76.00
ORD-008222,2024-11-18,C00752,Keyboard,1,80.00
ORD-008223,2024-11-18,C00659,Microphone,4,130.00
ORD-008223,2024-11-18,C00659,Bluetooth Speaker,1,110.00
ORD-008223,2024-11-18,C00659,Ultrawide Monitor,2,620.00
ORD-008224,2024-11-18,C00514,Mouse,5,25.00
ORD-008225,2024-11-18,C00703,Ultrawide Monitor,1,620.00
ORD-008225,2024-11-18,C00703,External SSD,1,140.00
ORD-008226,2024-11-18,C01160,Keyboard,1,80.00
ORD-008226,2024-11-18,C01160,Webcam,1,95.00
ORD-008227,2024-11-18,C01151,Webcam,1,95.00
ORD-008227,2024-11-18,C01151,Laptop,1,1200.00
ORD-008227,2024-11-18,C01151,Bluetooth Speaker,1,110.00
ORD-008228,2024-11-18,C00348,Webcam,1,95.00
ORD-008228,2024-11-18,C00348,Microphone,4,130.00
ORD-008229,2024-11-18,C00703,Bluetooth Speaker,1,110.00
ORD-008230,2024-11-18,C00390,Headphones,1,150.00
ORD-008231,2024-11-18,C01361,Headphones,1,142.50
ORD-008232,2024-11-18,C01134,Mouse,1,22.50
ORD-008233,2024-11-18,C00703,Headphones,2,150.00
ORD-008233,2024-11-18,C00703,USB-C Hub,-1,45.00
ORD-008234,2024-11-18,C00339,Mesh Wi-Fi Kit,4,320.00
ORD-008234,2024-11-18,C00339,Mouse,2,25.00
ORD-008235,2024-11-18,C00705,Mouse,1,23.75
ORD-008236,2024-11-18,C00741,Router,1,166.25
ORD-008237,2024-11-18,C00618,Router,2,175.00
ORD-008238,2024-11-18,C00859,Bluetooth Speaker,1,110.00
ORD-008238,2024-11-18,C00859,Mouse,1,25.00
ORD-008239,2024-11-18,C01285,Ultrawide Monitor,1,620.00
ORD-008240,2024-11-18,C00245,Bluetooth Speaker,1,99.00
ORD-008240,2024-11-18,C00245,Headphones,1,150.00
ORD-008241,2024-11-18,C01062,Webcam,1,95.00
ORD-008242,2024-11-18,C00881,Hard Drive,1,68.00
ORD-008243,2024-11-18,C01482,Laptop,1,1080.00
ORD-008244,2024-11-18,C00130,Microphone,2,130.00
ORD-008245,2024-11-18,C01186,Router,1,157.50
ORD-008245,2024-11-18,C01186,Keyboard,2,64.00
ORD-008245,2024-11-18,C01186,USB-C Hub,1,40.50
ORD-008246,2024-11-18,C00384,Mouse,2,25.00
ORD-008246,2024-11-18,C00384,Router,1,157.50
ORD-008246,2024-11-18,C00384,Keyboard,1,80.00
ORD-008247,2024-11-18,C00377,Microphone,1,130.00
ORD-008247,2024-11-18,C00377,Hard Drive,1,85.00
ORD-008248,2024-11-18,C00877,Hard Drive,2,85.00
ORD-008249,2024-11-18,C00376,Mouse,1,25.00
ORD-008250,2024-11-18,C00419,USB-C Hub,1,45.00
ORD-008251,2024-11-19,C00829,Desktop PC,1,950.00
ORD-008252,2024-11-19,C01124,Desktop PC,1,950.00
ORD-008253,2024-11-19,C01335,Webcam,1,90.25
ORD-008254,2024-11-19,C00391,USB-C Hub,2,45.00
ORD-008254,2024-11-19,C00391,Mouse,1,25.00
ORD-008255,2024-11-19,C00368,  Monitor ,1,300.00
ORD-008256,2024-11-19,C00829,Keyboard,1,76.00
ORD-008257,2024-11-19,C00832,Headphones,1,150.00
ORD-008258,2024-11-19,C00829,Ultrawide Monitor,1,620.00
ORD-008259,2024-11-19,C01160,Ultrawide Monitor,3,620.00
ORD-008260,2024-11-19,C01248,Hard Drive,1,85.00
ORD-008260,2024-11-19,C01248,Mesh Wi-Fi Kit,1,288.00
ORD-008260,2024-11-19,C01248,Mouse,1,25.00
ORD-008261,2024-11-19,C00829,USB-C Hub,1,45.00
ORD-008261,2024-11-19,C00829,Router,1,157.50
ORD-008262,2024-11-19,C00829,External SSD,1,140.00
ORD-008263,2024-11-19,C00251,Mouse,2,20.00
ORD-008264,2024-11-19,C01485,Hard Drive,1,85.00
ORD-008264,2024-11-19,C01485,Monitor,1,300.00
ORD-008265,2024-11-19,C00872,Mouse,3,22.50
ORD-008265,2024-11-19,C00872,Hard Drive,1,85.00
ORD-008266,2024-11-19,C00693,Ultrawide Monitor,1,496.00
ORD-008267,2024-11-19,C00666,Webcam,2,95.00
ORD-008268,2024-11-19,C01077,Bluetooth Speaker,1,110.00
ORD-008268,2024-11-19,C01077,Hard Drive,5,85.00
ORD-008269,2024-11-19,C00626,Tablet,1,384.00
ORD-008270,2024-11-19,C00223,Router,1,175.00
ORD-008270,2024-11-19,C00223,USB-C Hub,1,45.00
ORD-008271,2024-11-19,C00735,Ultrawide Monitor,1,620.00
ORD-008271,2024-11-19,C00735,Bluetooth Speaker,1,110.00
ORD-008272,2024-11-19,C00362,Keyboard,1,80.00
ORD-008273,2024-11-19,C00064,External SSD,1,112.00
ORD-008273,2024-11-19,C00064,Webcam,1,90.25
ORD-008274,2024-11-19,C00600,Keyboard,1,80.00
ORD-008275,2024-11-20,C01331,USB-C Hub,4,45.00
ORD-008276,2024-11-20,C00344,Bluetooth Speaker,1,110.00
ORD-008277,2024-11-20,C00064,Hard Drive,4,85.00
ORD-008277,2024-11-20,C00064,Ultrawide Monitor,1,620.00
ORD-008277,2024-11-20,C00064,Microphone,1,117.00
ORD-008278,2024-11-20,C01370,USB-C Hub,1,45.00
ORD-008278,2024-11-20,C01370,Ultrawide Monitor,1,620.00
ORD-008279,2024-11-20,C00829,Bluetooth Speaker,5,110.00
ORD-008280,2024-11-20,C00829,Mesh Wi-Fi Kit,5,256.00
ORD-008281,2024-11-20,C00549,Laptop,2,1080.00
ORD-008282,2024-11-20,C00496,Hard Drive,1,85.00
ORD-008283,2024-11-20,C00331,Webcam,1,95.00
ORD-008284,2024-11-20,C00703,Router,1,175.00
ORD-008285,2024-11-20,C00417,Webcam,2,95.00
ORD-008286,2024-11-20,C00829,Keyboard,1,80.00
ORD-008287,2024-11-20,C00703,Mouse,3,25.00
ORD-008288,2024-11-20,C00397,Hard Drive,1,85.00
ORD-008288,2024-11-20,C00397,Microphone,1,130.00
ORD-008289,2024-11-20,C00829,Monitor,1,300.00
ORD-008290,2024-11-20,C01277,Mouse,3,25.00
ORD-008290,2024-11-20,C01277,Router,2,166.25
ORD-008291,2024-11-20,C01384,External SSD,4,140.00
ORD-008292,2024-11-20,C01097,Headphones,1,150.00
ORD-008293,2024-11-20,C01155,Microphone,4,123.50
ORD-008294,2024-11-20,C01426,Mouse,0,25.00
ORD-008295,2024-11-20,C00073,Hard Drive,1,80.75
ORD-008296,2024-11-20,C00432,Monitor,2,300.00
ORD-008297,2024-11-20,C01387,Router,1,175.00
ORD-008297,2024-11-20,C01387,Monitor,1,300.00
ORD-008298,2024-11-20,C00881,Router,2,175.00
ORD-008299,2024-11-20,C00829,USB-C Hub,1,45.00
ORD-008299,2024-11-20,C00829,Desktop PC,1,950.00
ORD-008300,2024-11-20,C00881,Ultrawide Monitor,1,620.00
ORD-008300,2024-11-20,C00881,Webcam,1,90.25
ORD-008300,2024-11-20,C00881,Mouse,4,25.00
ORD-008301,2024-11-20,C00896,Desktop PC,5,760.00
ORD-008302,2024-11-20,C00957,Microphone,1,130.00
ORD-008303,2024-11-20,C00262,Monitor,2,300.00
ORD-008304,2024-11-20,C01451,External SSD,2,140.00
ORD-008304,2024-11-20,C01451,Tablet,2,480.00
ORD-008304,2024-11-20,C01451,Webcam,2,95.00
ORD-008305,2024-11-20,C01101,Mesh Wi-Fi Kit,1,320.00
ORD-008306,2024-11-20,C00829,Hard Drive,1,85.00
ORD-008307,2024-11-20,C00808,Mouse,3,22.50
ORD-008307,2024-11-20,C00808,Monitor,1,270.00
ORD-008308,2024-11-20,C01160,Headphones,1,150.00
ORD-008309,2024-11-21,C01337,Keyboard,2,80.00
ORD-008310,2024-11-21,C00703,Mesh Wi-Fi Kit,2,320.00
ORD-008310,2024-11-21,C00703,Bluetooth Speaker,1,110.00
ORD-008311,2024-11-21,C00295,Mouse,1,25.00
ORD-008312,2024-11-21,C01225,Hard Drive,1,85.00
ORD-008313,2024-11-21,C01291,Headphones,1,142.50
ORD-008314,2024-11-21,C00077,Ultrawide Monitor,1,620.00
ORD-008315,2024-11-21,C01144,Keyboard,1,76.00
ORD-008315,2024-11-21,C01144,Bluetooth Speaker,1,99.00
ORD-008316,2024-11-21,C00248,Router,1,175.00
ORD-008317,2024-11-21,C00693,Hard Drive,1,85.00
ORD-008318,2024-11-21,C00025,Keyboard,4,64.00
ORD-008319,2024-11-21,C00798,Keyboard,1,80.00
ORD-008319,2024-11-21,C00798,Laptop,2,1200.00
ORD-008320,2024-11-21,,External SSD,1,112.00
ORD-008320,2024-11-21,C01025,USB-C Hub,2,45.00
ORD-008320,2024-11-21,C01025,Mouse,1,20.00
ORD-008321,2024-11-21,C01479,Bluetooth Speaker,1,110.00
ORD-008322,2024-11-21,C01350,Microphone,2,130.00
ORD-008323,2024-11-21,C01260,Laptop,1,1140.00
ORD-008324,2024-11-21,C00494,Keyboard,1,72.00
ORD-008325,2024-11-21,C00591,Monitor,2,300.00
ORD-008325,2024-11-21,C00591,Bluetooth Speaker,2,110.00
ORD-008326,2024-11-21,C00104,Mouse,1,25.00
ORD-008326,2024-11-21,C00104,Webcam,1,95.00
ORD-008326,2024-11-21,C00104,Keyboard,1,76.00
ORD-008327,2024-11-21,C00251,USB-C Hub,1,45.00
ORD-008328,2024-11-21,C00703,Keyboard,1,76.00
ORD-008329,2024-11-21,C01151,Webcam,2,76.00
ORD-008330,2024-11-21,C00319,Microphone,1,130.00
ORD-008330,2024-11-21,C00319,Mesh Wi-Fi Kit,1,320.00
ORD-008331,2024-11-21,C00072,Bluetooth Speaker,1,110.00
ORD-008331,2024-11-21,C00072,Microphone,1,130.00
ORD-008332,2024-11-21,C01226,Mouse,2,25.00
ORD-008332,2024-11-21,C01226,USB-C Hub,2,42.75
ORD-008333,2024-11-21,C01229,External SSD,3,140.00
ORD-008334,2024-11-21,C00554,Microphone,2,130.00
ORD-008334,2024-11-21,C00554,Mouse,1,25.00
ORD-008335,2024-11-21,C00888,Laptop,1,1140.00
ORD-008335,2024-11-21,C00888,USB-C Hub,2,45.00
ORD-008336,2024-11-21,C00373,Mouse,1,23.75
ORD-008336,2024-11-21,C00373,Bluetooth Speaker,2,99.00
ORD-008336,2024-11-21,C00373,External SSD,1,112.00
ORD-008337,2024-11-21,C01213,Hard Drive,1,85.00
ORD-008337,2024-11-21,C01213,Mouse,2,23.75
ORD-008338,2024-11-21,C01295,Headphones,1,135.00
ORD-008339,2024-11-21,C00703,External SSD,1,126.00
ORD-008340,2024-11-21,C00432,Keyboard,2,80.00
ORD-008341,2024-11-21,C00599,Hard Drive,1,76.50
ORD-008342,2024-11-21,C00189,Router,1,157.50
ORD-008343,2024-11-21,C01436,External SSD,1,126.00
ORD-008344,2024-11-21,C00514,Mouse,1,20.00
ORD-008345,2024-11-21,C01206,Mesh Wi-Fi Kit,1,304.00
ORD-008346,2024-11-21,C00348,Headphones,2,142.50
ORD-008347,2024-11-21,C00829,Router,1,166.25
ORD-008347,2024-11-21,C00829,Webcam,1,95.00
ORD-008348,2024-11-21,C01421,Router,1,175.00
ORD-008348,2024-11-21,C01421,Mouse,5,25.00
ORD-008349,2024-11-21,C00079,Mouse,2,25.00
ORD-008349,2024-11-21,C00079,Tablet,5,384.00
ORD-008349,2024-11-21,C00079,Keyboard,1,80.00
ORD-008350,2024-11-21,C00703,USB-C Hub,1,45.00
ORD-008351,2024-11-21,C01418,External SSD,1,140.00
ORD-008351,2024-11-21,C01418,USB-C Hub,5,45.00
ORD-008352,2024-11-21,C00966,Bluetooth Speaker,1,88.00
ORD-008353,2024-11-22,C01289,Laptop,1,1080.00
ORD-008354,2024-11-22,C00985,Webcam,1,76.00
ORD-008355,2024-11-22,C00182,Mesh Wi-Fi Kit,1,288.00
ORD-008356,2024-11-22,C00829,Mesh Wi-Fi Kit,3,320.00
ORD-008357,2024-11-22,C00295,External SSD,1,140.00
ORD-008358,2024-11-22,C01399,Ultrawide Monitor,1,620.00
ORD-008358,2024-11-22,C01399,USB-C Hub,1,45.00
ORD-008359,2024-11-22,C01472,Keyboard,1,80.00
ORD-008360,2024-11-22,C01207,USB-C Hub,1,45.00
ORD-008360,2024-11-22,C01207,Microphone,1,130.00
ORD-008361,2024-11-22,C00064,Bluetooth Speaker,1,110.00
ORD-008362,2024-11-22,C00378,Ultrawide Monitor,5,620.00
ORD-008363,2024-11-22,C00063,External SSD,1,112.00
ORD-008364,2024-11-22,C00547,Bluetooth Speaker,1,110.00
ORD-008365,2024-11-22,C01342,Keyboard,1,64.00
ORD-008366,2024-11-22,C01225,Keyboard,2,80.00
ORD-008367,2024-11-22,C01436,Microphone,1,130.00
ORD-008367,2024-11-22,C01436,Mouse,2,20.00
ORD-008367,2024-11-22,C01436,Webcam,1,95.00
ORD-008368,2024-11-22,C00752,Router,1,166.25
ORD-008369,2024-11-22,C00703,Desktop PC,1,950.00
ORD-008370,2024-11-22,C00030,Mouse,1,25.00
ORD-008371,2024-11-22,C00829,Webcam,2,95.00
ORD-008371,2024-11-22,C00829,Mesh Wi-Fi Kit,4,320.00
ORD-008372,2024-11-22,C00829,USB-C Hub,3,42.75
ORD-008372,2024-11-22,C00829,Hard Drive,1,85.00
ORD-008373,2024-11-22,C00808,Mouse,1,23.75
ORD-008374,2024-11-22,C00829,USB-C Hub,3,40.50
ORD-008375,2024-11-22,C00829,Keyboard,1,80.00
ORD-008376,2024-11-22,C00367,Mouse,2,25.00
ORD-008377,2024-11-22,C01413,Mouse,-1,25.00
ORD-008378,2024-11-23,C00881,External SSD,1,140.00
ORD-008379,2024-11-23,C01255,External SSD,1,126.00
ORD-008379,2024-11-23,C01255,Router,2,166.25
ORD-008380,2024-11-23,C00752,Microphone,2,N/A
ORD-008381,2024-11-23,C00703,USB-C Hub,5,40.50
ORD-008382,2024-11-23,C01445,External SSD,1,140.00
ORD-008382,2024-11-23,C01445,Keyboard,2,80.00
ORD-008383,2024-11-23,C00020,Mesh Wi-Fi Kit,2,320.00
ORD-008383,2024-11-23,C00020,Mouse,-1,23.75
ORD-008384,2024-11-23,C01036,Hard Drive,2,68.00
ORD-008384,2024-11-23,C01036,Desktop PC,1,950.00
ORD-008385,2024-11-23,C01471,External SSD,1,140.00
ORD-008386,2024-11-23,C00703,Keyboard,1,80.00
ORD-008387,2024-11-23,C00419,Headphones,1,142.50
ORD-008388,2024-11-23,C00903,Microphone,3,117.00
ORD-008388,2024-11-23,C00903,Router,1,166.25
ORD-008389,2024-11-23,C00299,Headphones,1,150.00
ORD-008389,2024-11-23,C00299,Microphone,3,117.00
ORD-008390,2024-11-23,C00246,Router,1,175.00
ORD-008391,2024-11-23,C01342,Bluetooth Speaker,3,104.50
ORD-008391,2024-11-23,C01342,Webcam,2,95.00
ORD-008392,2024-11-23,C01013,Hard Drive,1,76.50
ORD-008393,2024-11-23,C01103,Keyboard,2,80.00
ORD-008394,2024-11-23,C01338,Mouse,1,25.00
ORD-008395,2024-11-23,C00388,Mesh Wi-Fi Kit,1,288.00
ORD-008396,2024-11-23,C00380,Bluetooth Speaker,1,88.00
ORD-008396,2024-11-23,C00380,Keyboard,3,80.00
ORD-008397,2024-11-23,C00655,Router,2,175.00
ORD-008397,2024-11-23,C00655,Desktop PC,2,950.00
ORD-008398,2024-11-23,C01167,Desktop PC,5,950.00
ORD-008399,2024-11-23,C00829,Microphone,1,130.00
ORD-008399,2024-11-23,C00829,Mouse,1,25.00
ORD-008399,2024-11-23,C00829,Headphones,4,135.00
ORD-008400,2024-11-23,C01098,USB-C Hub,1,45.00
ORD-008401,2024-11-23,C00881,Keyboard,1,64.00
ORD-008402,2024-11-23,C01102,USB-C Hub,2,40.50
ORD-008402,2024-11-23,C01102,Keyboard,2,80.00
ORD-008403,2024-11-23,C00236,External SSD,2,140.00
ORD-008404,2024-11-23,C00656,Hard Drive,3,85.00
ORD-008404,2024-11-23,C00656,Headphones,5,150.00
ORD-008405,2024-11-23,C01186,Mouse,1,22.50
ORD-008406,2024-11-23,C00154,Hard Drive,1,85.00
ORD-008407,2024-11-23,C00458,Webcam,1,95.00
ORD-008408,2024-11-23,C00912,Headphones,2,142.50
ORD-008409,2024-11-23,C00293,Router,3,175.00
ORD-008410,2024-11-23,C00703,Mouse,2,25.00
ORD-008410,2024-11-23,C00703,Microphone,1,130.00
ORD-008411,2024-11-23,C00018,Hard Drive,4,85.00
ORD-008411,2024-11-23,C00018,Webcam,1,95.00
ORD-008412,2024-11-23,C00397,Router,1,175.00
ORD-008413,2024-11-23,C01159,Mouse,1,25.00
ORD-008413,2024-11-23,C01159,Keyboard,1,80.00
ORD-008414,2024-11-23,C00380,Mouse,2,25.00
ORD-008414,2024-11-23,C00380,Bluetooth Speaker,1,110.00
ORD-008415,2024-11-23,C00445,Keyboard,2,80.00
ORD-008416,2024-11-23,C01160,External SSD,2,140.00
ORD-008417,2024-11-23,C00829,USB-C Hub,1,36.00
ORD-008418,2024-11-23,C00703,Microphone,1,130.00
ORD-008419,2024-11-23,C00456,Webcam,1,95.00
ORD-008420,2024-11-23,C00501,Webcam,1,90.25
ORD-008420,2024-11-23,C00501,Keyboard,4,80.00
ORD-008420,2024-11-23,C00501,Mouse,5,25.00
ORD-008421,2024-11-23,C00618,Hard Drive,1,85.00
ORD-008422,2024-11-23,C00950,Webcam,1,95.00
ORD-008422,2024-11-23,C00950,Microphone,5,130.00
ORD-008423,2024-11-23,C00348,Mouse,1,25.00
ORD-008423,2024-11-23,C00348,USB-C Hub,1,45.00
ORD-008423,2024-11-23,C00348,Microphone,1,130.00
ORD-008424,2024-11-23,C00458,USB-C Hub,1,45.00
ORD-008424,2024-11-23,C00458,Router,1,175.00
ORD-008425,2024-11-23,C00565,Headphones,3,150.00
ORD-008426,2024-11-23,C01285,Webcam,1,95.00
ORD-008427,2024-11-23,C00829,Router,1,175.00
ORD-008428,2024-11-23,C01156,Mouse,1,22.50
ORD-008428,2024-11-23,C01156,Headphones,3,150.00
ORD-008429,2024-11-23,C01302,Keyboard,3,80.00
ORD-008430,2024-11-23,C01419,Router,1,175.00
ORD-008431,2024-11-24,C00234,Keyboard,1,72.00
ORD-008431,2024-11-24,C00234,Router,1,175.00
ORD-008431,2024-11-24,C00234,External SSD,2,140.00
ORD-008432,2024-11-24,C00476,Ultrawide Monitor,1,620.00
ORD-008433,2024-11-24,C00348,Ultrawide Monitor,1,620.00
ORD-008434,2024-11-24,C00966,Keyboard,1,80.00
ORD-008434,2024-11-24,C00966,USB-C Hub,1,42.75
ORD-008435,2024-11-24,C01432,Keyboard,1,80.00
ORD-008435,2024-11-24,C01432,External SSD,4,140.00
ORD-008435,2024-11-24,C01432,Mouse,1,22.50
ORD-008436,2024-11-24,C01176,Microphone,1,130.00
ORD-008436,2024-11-24,C01176,USB-C Hub,4,45.00
ORD-008436,2024-11-24,C01176,Bluetooth Speaker,1,110.00
ORD-008437,2024-11-24,C00703,Mesh Wi-Fi Kit,1,320.00
ORD-008438,2024-11-24,C01434,Hard Drive,2,85.00
ORD-008438,2024-11-24,C01434,External SSD,1,140.00
ORD-008439,2024-11-24,C00824,Tablet,1,456.00
ORD-008439,2024-11-24,C00824,Hard Drive,1,85.00
ORD-008440,2024-11-24,C00703,Keyboard,1,80.00
ORD-008441,2024-11-24,C00288,Headphones,3,150.00
ORD-008441,2024-11-24,C00288,Router,1,175.00
ORD-008441,2024-11-24,C00288,Bluetooth Speaker,1,110.00
ORD-008442,2024-11-24,C00077,Hard Drive,1,80.75
ORD-008443,2024-11-24,C00419,Mouse,1,25.00
ORD-008444,2024-11-24,C00703,USB-C Hub,2,45.00
ORD-008444,2024-11-24,C00703,Hard Drive,1,68.00
ORD-008444,2024-11-24,C00703,Mouse,2,25.00
ORD-008445,2024-11-24,C00700,Tablet,1,480.00
ORD-008446,2024-11-24,C00703,Hard Drive,1,85.00
ORD-008446,2024-11-24,C00703,Tablet,2,384.00
ORD-008447,2024-11-24,C01416,Bluetooth Speaker,1,99.00
ORD-008448,2024-11-24,C01364,Mesh Wi-Fi Kit,1,320.00
ORD-008449,2024-11-24,C00137,Ultrawide Monitor,1,620.00
ORD-008450,2024-11-24,C00295,Bluetooth Speaker,1,110.00
ORD-008451,2024-11-24,C00829,Keyboard,2,80.00
ORD-008452,2024-11-24,C00499,Monitor,2,285.00
ORD-008453,2024-11-24,C00703,Router,1,175.00
ORD-008453,2024-11-24,C00703,USB-C Hub,4,45.00
ORD-008454,2024-11-24,C00829,Router,1,175.00
ORD-008455,2024-11-24,C00998,Hard Drive,1,85.00
ORD-008455,2024-11-24,C00998,  Mouse ,1,25.00
ORD-008455,2024-11-24,C00998,External SSD,1,140.00
ORD-008456,2024-11-24,C00236,Hard Drive,1,76.50
ORD-008457,2024-11-24,C01398,Keyboard,1,76.00
ORD-008458,2024-11-24,C01102,Bluetooth Speaker,1,104.50
ORD-008458,2024-11-24,C01102,Hard Drive,1,85.00
ORD-008459,2024-11-24,C00855,Mouse,1,25.00
ORD-008460,2024-11-24,C01160,USB-C Hub,1,40.50
ORD-008461,2024-11-24,C00137,Keyboard,4,80.00
ORD-008461,2024-11-24,C00137,Microphone,3,123.50
ORD-008462,2024-11-24,C00829,Keyboard,2,80.00
ORD-008463,2024-11-24,C00990,Hard Drive,1,85.00
ORD-008464,2024-11-24,C01127,Keyboard,1,80.00
ORD-008464,2024-11-24,C01127,Hard Drive,1,80.75
ORD-008465,2024-11-24,C00703,Monitor,5,300.00
ORD-008466,2024-11-24,C00870,Mesh Wi-Fi Kit,1,256.00
ORD-008467,2024-11-25,C00413,Headphones,2,150.00
ORD-008468,2024-11-25,C00610,Mouse,5,25.00
ORD-008468,2024-11-25,C00610,USB-C Hub,2,45.00
ORD-008469,2024-11-25,C00833,Headphones,2,150.00
ORD-008469,2024-11-25,C00833,Monitor,2,285.00
ORD-008470,2024-11-25,C00379,Microphone,1,130.00
ORD-008471,2024-11-25,C00055,External SSD,1,140.00
ORD-008471,2024-11-25,C00055,USB-C Hub,2,45.00
ORD-008472,2024-11-25,C00238,External SSD,3,126.00
ORD-008473,2024-11-25,C00829,Monitor,1,300.00
ORD-008474,2024-11-25,C01160,USB-C Hub,2,45.00
ORD-008474,2024-11-25,C01160,Mouse,4,25.00
ORD-008475,2024-11-25,C00492,Tablet,1,480.00
ORD-008476,2024-11-25,C01161,USB-C Hub,2,45.00
ORD-008477,2024-11-25,C00881,Keyboard,2,76.00
ORD-008478,2024-11-25,C00234,Mouse,1,25.00
ORD-008479,2024-11-25,C00821,Microphone,2,130.00
ORD-008480,not-a-date,C00881,Router,4,175.00
ORD-008480,2024-11-25,C00881,Headphones,1,142.50
ORD-008480,2024-11-25,C00881,Bluetooth Speaker,2,110.00
ORD-008481,2024-11-25,C00609,Router,3,175.00
ORD-008481,2024-11-25,C00609,Monitor,1,300.00
ORD-008482,2024-11-25,C01160,USB-C Hub,3,36.00
ORD-008483,2024-11-25,C00844,Webcam,2,95.00
ORD-008484,2024-11-25,C01155,Headphones,5,150.00
ORD-008484,2024-11-25,C01155,Mouse,2,22.50
ORD-008485,2024-11-25,C01267,Bluetooth Speaker,5,110.00
ORD-008485,2024-11-25,C01267,Microphone,1,130.00
ORD-008486,2024-11-25,C00362,Bluetooth Speaker,2,110.00
ORD-008486,2024-11-25,C00362,USB-C Hub,1,42.75
ORD-008487,2024-11-25,C00388,Headphones,4,150.00
ORD-008488,2024-11-25,C00593,Mouse,1,25.00
ORD-008489,2024-11-25,C00847,Ultrawide Monitor,1,620.00
ORD-008490,2024-11-25,C00703,Desktop PC,2,950.00
ORD-008490,2024-11-25,C00703,Mouse,1,25.00
ORD-008491,2024-11-25,C00419,Router,1,175.00
ORD-008491,2024-11-25,C00419,Mesh Wi-Fi Kit,1,304.00
ORD-008491,2024-11-25,C00419,Ultrawide Monitor,1,620.00
ORD-008492,2024-11-25,C00766,Desktop PC,2,950.00
ORD-008492,2024-11-25,C00766,Headphones,2,150.00
ORD-008492,2024-11-25,C00766,Keyboard,1,80.00
ORD-008493,2024-11-25,C01105,Router,3,175.00
ORD-008493,2024-11-25,,Microphone,1,130.00
ORD-008494,2024-11-25,C01160,Mesh Wi-Fi Kit,2,304.00
ORD-008494,2024-11-25,C01160,USB-C Hub,1,45.00
ORD-008495,2024-11-25,C00703,Mouse,1,22.50
ORD-008496,2024-11-25,C01176,USB-C Hub,3,42.75
ORD-008497,2024-11-25,C00064,Hard Drive,1,85.00
ORD-008497,2024-11-25,C00064,Keyboard,1,80.00
ORD-008498,2024-11-26,,Microphone,1,130.00
ORD-008499,2024-11-26,C01271,Mouse,1,25.00
ORD-008500,2024-11-26,C01124,External SSD,3,140.00
ORD-008500,2024-11-26,C01124,USB-C Hub,1,45.00
ORD-008501,2024-11-26,C01295,Keyboard,1,80.00
ORD-008502,2024-11-26,C00485,Keyboard,1,72.00
ORD-008503,2024-11-26,C00712,Tablet,1,480.00
ORD-008503,2024-11-26,C00712,Mouse,1,25.00
ORD-008504,2024-11-26,C00413,Monitor,1,300.00
ORD-008504,2024-11-26,C00413,Tablet,1,432.00
ORD-008505,2024-11-26,C00716,Tablet,1,456.00
ORD-008505,2024-11-26,C00716,Mesh Wi-Fi Kit,1,320.00
ORD-008506,2024-11-26,C00693,Mouse,3,23.75
ORD-008507,2024-11-26,C00634,Desktop PC,1,760.00
ORD-008508,2024-11-26,C00912,External SSD,1,140.00
ORD-008509,2024-11-26,C00064,USB-C Hub,1,45.00
ORD-008509,2024-11-26,C00064,Ultrawide Monitor,1,620.00
ORD-008509,2024-11-26,C00064,Microphone,1,123.50
ORD-008510,2024-11-26,C00419,Bluetooth Speaker,-1,99.00
ORD-008510,2024-11-26,C00419,Hard Drive,1,85.00
ORD-008510,2024-11-26,C00419,Desktop PC,3,950.00
ORD-008511,2024-11-26,C00936,Router,1,175.00
ORD-008511,2024-11-26,C00936,Mouse,2,22.50
ORD-008512,2024-11-26,C00065,USB-C Hub,1,40.50
ORD-008512,2024-11-26,C00065,Webcam,1,95.00
ORD-008512,2024-11-26,C00065,Headphones,4,150.00
ORD-008513,2024-11-26,C01157,Ultrawide Monitor,1,620.00
ORD-008513,2024-11-26,C01157,USB-C Hub,1,45.00
ORD-008513,2024-11-26,C01157,Monitor,1,300.00
ORD-008514,2024-11-26,C00694,Webcam,2,90.25
ORD-008514,2024-11-26,C00694,USB-C Hub,1,45.00
ORD-008514,2024-11-26,C00694,Monitor,1,285.00
ORD-008515,2024-11-26,C00752,Webcam,1,85.50
ORD-008516,2024-11-26,C00689,Mouse,1,20.00
ORD-008517,2024-11-26,C00241,Headphones,1,150.00
ORD-008517,2024-11-26,C00241,Mouse,1,25.00
ORD-008518,2024-11-26,C00829,Bluetooth Speaker,1,110.00
ORD-008518,2024-11-26,C00829,Tablet,1,480.00
ORD-008519,2024-11-26,C00839,External SSD,1,140.00
ORD-008520,2024-11-26,C00562,USB-C Hub,2,42.75
ORD-008521,2024-11-26,C00096,Microphone,1,130.00
ORD-008521,2024-11-26,C00096,Tablet,1,456.00
ORD-008522,2024-11-26,C00392,Microphone,3,130.00
ORD-008523,2024-11-26,C00907,Mesh Wi-Fi Kit,1,304.00
ORD-008524,2024-11-26,C00554,Desktop PC,1,855.00
ORD-008525,2024-11-26,C00348,External SSD,1,126.00
ORD-008526,2024-11-26,C00044,Mouse,5,25.00
ORD-008526,2024-11-26,C00044,Ultrawide Monitor,1,589.00
ORD-008527,2024-11-26,C00829,Router,2,157.50
ORD-008527,2024-11-26,C00829,USB-C Hub,1,45.00
ORD-008528,2024-11-26,C01379,USB-C Hub,1,45.00
ORD-008529,2024-11-26,C00130,External SSD,3,140.00
ORD-008530,2024-11-26,C01486,External SSD,1,140.00
ORD-008531,2024-11-26,C00499,Keyboard,1,80.00
ORD-008531,2024-11-26,C00499,Mouse,3,25.00
ORD-008532,2024-11-26,C00725,Webcam,1,85.50
ORD-008532,2024-11-26,C00725,External SSD,2,140.00
ORD-008533,2024-11-26,C01434,Microphone,5,130.00
ORD-008534,2024-11-26,C01160,Monitor,1,300.00
ORD-008534,2024-11-26,C01160,Tablet,1,480.00
ORD-008534,2024-11-26,C01160,Webcam,1,95.00
ORD-008535,2024-11-26,C00758,Bluetooth Speaker,1,110.00
ORD-008536,2024-11-26,C00542,Mouse,3,25.00
ORD-008536,2024-11-26,C00542,Router,2,175.00
ORD-008536,2024-11-26,C00542,Keyboard,5,80.00
ORD-008537,2024-11-26,C00064,Monitor,1,300.00
ORD-008538,2024-11-27,,Keyboard,5,80.00
ORD-008539,2024-11-27,C01062,Bluetooth Speaker,4,110.00
ORD-008540,2024-11-27,C00266,Keyboard,4,72.00
ORD-008541,2024-11-27,C00137,Bluetooth Speaker,1,110.00
ORD-008542,2024-11-27,C00137,Router,1,175.00
ORD-008542,2024-11-27,C00137,Tablet,1,480.00
ORD-008543,2024-11-27,C00379,Mouse,1,23.75
ORD-008544,2024-11-27,C01349,USB-C Hub,2,45.00
ORD-008544,2024-11-27,C01349,Hard Drive,2,76.50
ORD-008545,2024-11-27,C00752,Ultrawide Monitor,1,620.00
ORD-008545,2024-11-27,C00752,Mouse,2,23.75
ORD-008546,2024-11-27,C01284,External SSD,1,140.00
ORD-008546,2024-11-27,C01284,Ultrawide Monitor,2,620.00
ORD-008547,2024-11-27,C00703,Monitor,1,285.00
ORD-008547,2024-11-27,C00703,Router,2,175.00
ORD-008547,2024-11-27,C00703,Microphone,1,104.00
ORD-008548,2024-11-27,C00829,Webcam,1,95.00
ORD-008549,2024-11-27,C00024,Desktop PC,1,950.00
ORD-008550,2024-11-27,C00703,Laptop,1,1200.00
ORD-008551,2024-11-27,C00102,Desktop PC,2,950.00
ORD-008552,2024-11-27,C00270,External SSD,1,140.00
ORD-008553,2024-11-27,C00877,USB-C Hub,4,45.00
ORD-008554,2024-11-27,C01441,Hard Drive,-1,85.00
ORD-008555,2024-11-27,C00703,Mouse,1,23.75
ORD-008556,2024-11-27,C00871,Tablet,1,480.00
ORD-008556,2024-11-27,C00871,Laptop,2,1200.00
ORD-008556,2024-11-27,C00871,Mouse,1,23.75
ORD-008557,2024-11-27,C00829,Headphones,2,150.00
ORD-008557,2024-11-27,C00829,USB-C Hub,1,45.00
ORD-008558,2024-11-27,C00130,Bluetooth Speaker,1,110.00
ORD-008559,2024-11-27,C01485,Laptop,1,1200.00
ORD-008560,2024-11-27,C01324,Mouse,1,25.00
ORD-008560,2024-11-27,C01324,Monitor,2,300.00
ORD-008561,2024-11-27,C00571,Mouse,4,25.00
ORD-008562,2024-11-27,C00703,Headphones,1,150.00
ORD-008562,2024-11-27,C00703,Desktop PC,3,950.00
ORD-008562,2024-11-27,C00703,Keyboard,3,80.00
ORD-008563,2024-11-27,C01363,USB-C Hub,1,45.00
ORD-008564,2024-11-27,C00020,External SSD,1,126.00
ORD-008565,2024-11-27,C00064,Microphone,2,123.50
ORD-008565,2024-11-27,C00064,Mouse,1,25.00
ORD-008566,2024-11-27,C00340,Mouse,3,25.00
ORD-008567,2024-11-28,C00703,USB-C Hub,1,45.00
ORD-008567,2024-11-28,C00703,Headphones,1,150.00
ORD-008568,2024-11-28,C00958,Keyboard,1,76.00
ORD-008568,2024-11-28,C00958,Monitor,1,300.00
ORD-008569,2024-11-28,C00379,Bluetooth Speaker,2,110.00
ORD-008570,2024-11-28,C00985,Mesh Wi-Fi Kit,4,256.00
ORD-008571,2024-11-28,C00424,Webcam,2,95.00
ORD-008571,2024-11-28,C00424,Mouse,1,25.00
ORD-008572,2024-11-28,C01379,Router,2,175.00
ORD-008572,2024-11-28,C01379,Desktop PC,1,950.00
ORD-008573,2024-11-28,C00172,Keyboard,3,80.00
ORD-008574,2024-11-28,C01160,USB-C Hub,2,42.75
ORD-008574,2024-11-28,C01160,Headphones,1,150.00
ORD-008575,2024-11-28,C00978,Router,2,175.00
ORD-008576,2024-11-28,C01046,Bluetooth Speaker,3,104.50
ORD-008576,2024-11-28,C01046,Hard Drive,1,85.00
ORD-008577,2024-11-28,C00829,Router,2,175.00
ORD-008578,2024-11-28,C01013,Router,3,157.50
ORD-008578,2024-11-28,C01013,Tablet,1,384.00
ORD-008579,2024-11-28,C01211,Tablet,1,480.00
ORD-008580,2024-11-28,C00500,Bluetooth Speaker,5,99.00
ORD-008580,2024-11-28,C00500,Headphones,3,135.00
ORD-008580,2024-11-28,C00500,Hard Drive,1,85.00
ORD-008581,2024-11-28,C00693,Monitor,4,300.00
ORD-008582,2024-11-28,C00703,Keyboard,1,76.00
ORD-008582,2024-11-28,C00703,Mouse,1,25.00
ORD-008583,2024-11-28,C00064,Headphones,2,150.00
ORD-008584,2024-11-28,C00137,Bluetooth Speaker,1,110.00
ORD-008584,2024-11-28,C00137,Webcam,1,95.00
ORD-008585,2024-11-28,C00419,Headphones,1,135.00
ORD-008586,2024-11-28,C01092,Laptop,3,1200.00
ORD-008587,2024-11-28,C01420,Webcam,1,95.00
ORD-008588,2024-11-28,C00727,Bluetooth Speaker,2,110.00
ORD-008589,2024-11-28,,Mouse,2,25.00
ORD-008589,2024-11-28,C00881,Router,1,175.00
ORD-008590,2024-11-28,C00013,Router,1,166.25
ORD-008591,2024-11-28,C00558,USB-C Hub,2,45.00
ORD-008592,2024-11-28,C00750,Mouse,1,23.75
ORD-008592,2024-11-28,C00750,Router,2,166.25
ORD-008593,2024-11-28,C00703,USB-C Hub,1,45.00
ORD-008594,2024-11-28,C01160,Bluetooth Speaker,1,99.00
ORD-008595,2024-11-28,C01160,Mouse,2,22.50
ORD-008595,2024-11-28,C01160,Headphones,1,150.00
ORD-008596,2024-11-28,C00829,Keyboard,2,76.00
ORD-008597,2024-11-28,C01160,Keyboard,2,80.00
ORD-008598,2024-11-28,C01324,Mouse,2,25.00
ORD-008598,2024-11-28,C01324,USB-C Hub,3,45.00
ORD-008599,2024-11-28,C00789,  Microphone ,3,123.50
ORD-008600,2024-11-28,C00210,Tablet,1,384.00
ORD-008601,2024-11-28,C01157,Keyboard,2,80.00
ORD-008602,2024-11-28,C00472,Webcam,1,95.00
ORD-008603,2024-11-28,C01160,Microphone,1,130.00
ORD-008603,2024-11-28,C01160,Ultrawide Monitor,1,620.00
ORD-008604,2024-11-28,C00419,Headphones,1,150.00
ORD-008605,2024-11-28,C00656,Router,1,140.00
ORD-008606,2024-11-28,C00472,External SSD,5,140.00
ORD-008607,2024-11-28,C00757,External SSD,1,133.00
ORD-008608,2024-11-28,C00348,Mesh Wi-Fi Kit,2,320.00
ORD-008608,2024-11-28,C00348,Microphone,1,130.00
ORD-008608,2024-11-28,C00348,Keyboard,1,80.00
ORD-008609,2024-11-28,C00859,Monitor,2,270.00
ORD-008609,2024-11-28,C00859,Router,3,175.00
ORD-008609,2024-11-28,C00859,Mouse,2,25.00
ORD-008610,2024-11-29,C01292,Monitor,1,300.00
ORD-008611,2024-11-29,C01241,USB-C Hub,1,40.50
ORD-008611,2024-11-29,C01241,Headphones,5,150.00
ORD-008611,2024-11-29,C01241,Mouse,2,23.75
ORD-008612,2024-11-29,C00703,Mouse,2,25.00
ORD-008613,2024-11-29,C01160,Tablet,1,480.00
ORD-008613,2024-11-29,C01160,Webcam,1,90.25
ORD-008613,2024-11-29,C01160,Hard Drive,2,85.00
ORD-008614,2024-11-29,C00336,Webcam,1,95.00
ORD-008614,2024-11-29,C00336,Router,1,175.00
ORD-008615,2024-11-29,C00565,Router,1,175.00
ORD-008616,2024-11-29,C00966,Ultrawide Monitor,2,620.00
ORD-008617,2024-11-29,C00567,Microphone,4,130.00
ORD-008618,2024-11-29,C01160,USB-C Hub,1,45.00
ORD-008618,2024-11-29,C01160,Router,1,166.25
ORD-008619,2024-11-29,C01160,Ultrawide Monitor,2,589.00
ORD-008619,2024-11-29,C01160,Monitor,3,300.00
ORD-008619,2024-11-29,C01160,External SSD,3,140.00
ORD-008620,2024-11-29,C00591,Headphones,1,150.00
ORD-008621,2024-11-29,C00333,Headphones,3,150.00
ORD-008621,2024-11-29,C00333,Keyboard,2,80.00
ORD-008622,2024-11-29,C00776,External SSD,1,140.00
ORD-008622,2024-11-29,C00776,Microphone,4,130.00
ORD-008622,2024-11-29,C00776,Router,1,175.00
ORD-008623,2024-11-29,C00600,Keyboard,2,80.00
ORD-008623,2024-11-29,C00600,Headphones,1,150.00
ORD-008624,2024-11-29,C00039,Bluetooth Speaker,2,104.50
ORD-008624,2024-11-29,C00039,Hard Drive,1,85.00
ORD-008625,2024-11-29,C00887,Bluetooth Speaker,1,110.00
ORD-008626,2024-11-29,C00829,Microphone,1,123.50
ORD-008626,2024-11-29,C00829,External SSD,2,126.00
ORD-008626,2024-11-29,C00829,Webcam,1,95.00
ORD-008627,2024-11-29,C00881,Keyboard,2,80.00
ORD-008628,2024-11-29,C00047,Microphone,3,130.00
ORD-008629,2024-11-29,C00829,Mesh Wi-Fi Kit,4,320.00
ORD-008630,2024-11-29,C01497,Mouse,1,22.50
ORD-008631,2024-11-29,C00703,External SSD,2,140.00
ORD-008631,2024-11-29,C00703,Bluetooth Speaker,1,110.00
ORD-008632,2024-11-29,C00525,Bluetooth Speaker,1,110.00
ORD-008633,2024-11-29,C01485,Keyboard,1,80.00
ORD-008633,2024-11-29,C01485,Microphone,1,130.00
ORD-008634,2024-11-29,C01406,USB-C Hub,3,45.00
ORD-008635,2024-11-29,C00566,USB-C Hub,1,N/A
ORD-008636,2024-11-29,C00982,Desktop PC,1,950.00
ORD-008636,2024-11-29,C00982,Webcam,1,95.00
ORD-008637,2024-11-29,C00998,Webcam,1,95.00
ORD-008638,2024-11-29,C00445,Microphone,1,130.00
ORD-008639,2024-11-29,C01225,Mouse,1,25.00
ORD-008639,2024-11-29,C01225,Microphone,1,130.00
ORD-008640,2024-11-29,C00297,Monitor,2,300.00
ORD-008641,2024-11-29,C00703,Mouse,1,25.00
ORD-008642,2024-11-29,C00555,Webcam,2,95.00
ORD-008642,2024-11-29,C00555,Tablet,3,480.00
ORD-008642,2024-11-29,C00555,Router,1,157.50
ORD-008643,2024-11-29,C00215,Mouse,1,25.00
ORD-008643,2024-11-29,C00215,Hard Drive,5,85.00
ORD-008644,2024-11-29,C00137,Microphone,1,130.00
ORD-008645,2024-11-29,C00331,Router,1,175.00
ORD-008646,2024-11-29,C00693,Headphones,2,150.00
ORD-008646,2024-11-29,C00693,Monitor,1,240.00
ORD-008647,2024-11-29,C00159,Webcam,3,95.00
ORD-008647,2024-11-29,C00159,Microphone,2,130.00
ORD-008648,2024-11-29,C00694,Keyboard,1,76.00
ORD-008649,2024-11-30,C00703,Ultrawide Monitor,1,620.00
ORD-008650,2024-11-30,C00829,Microphone,1,130.00
ORD-008651,2024-11-30,C00383,Mesh Wi-Fi Kit,1,304.00
ORD-008651,2024-11-30,C00383,Microphone,1,130.00
ORD-008652,2024-11-30,C00154,Mouse,4,25.00
ORD-008653,2024-11-30,C00703,Keyboard,1,80.00
ORD-008654,2024-11-30,C00829,Router,1,175.00
ORD-008654,2024-11-30,C00829,Bluetooth Speaker,3,104.50
ORD-008654,2024-11-30,C00829,Keyboard,3,80.00
ORD-008655,2024-11-30,C00419,Mouse,2,25.00
ORD-008655,2024-11-30,C00419,Bluetooth Speaker,1,99.00
ORD-008656,2024-11-30,C01258,Bluetooth Speaker,1,110.00
ORD-008657,2024-11-30,C00881,USB-C Hub,1,45.00
ORD-008658,2024-11-30,C00224,Keyboard,1,80.00
ORD-008658,2024-11-30,C00224,Mouse,1,25.00
ORD-008659,2024-11-30,C01160,Keyboard,4,72.00
ORD-008660,2024-11-30,C01427,Laptop,1,1200.00
ORD-008660,2024-11-30,C01427,Ultrawide Monitor,1,620.00
ORD-008661,2024-11-30,C00348,Monitor,1,300.00
ORD-008661,2024-11-30,C00348,Laptop,1,1200.00
ORD-008661,2024-11-30,C00348,Desktop PC,1,855.00
ORD-008662,2024-11-30,C00562,USB-C Hub,3,45.00
ORD-008662,2024-11-30,C00562,Headphones,4,150.00
ORD-008663,2024-11-30,C00348,Keyboard,1,76.00
ORD-008664,2024-11-30,C00200,Mesh Wi-Fi Kit,1,320.00
ORD-008664,2024-11-30,C00200,USB-C Hub,1,45.00
ORD-008665,2024-11-30,C00064,Hard Drive,1,85.00
ORD-008666,2024-11-30,C01329,Headphones,2,120.00
ORD-008666,2024-11-30,C01329,Mouse,1,25.00
ORD-008667,2024-11-30,C00859,Monitor,3,285.00
ORD-008668,2024-11-30,C00703,Ultrawide Monitor,1,620.00
ORD-008669,2024-11-30,C00975,Webcam,1,95.00
ORD-008669,2024-11-30,C00975,Microphone,1,130.00
ORD-008669,2024-11-30,C00975,Tablet,2,480.00
ORD-008670,2024-11-30,C00325,Bluetooth Speaker,2,104.50
ORD-008670,2024-11-30,C00325,Mesh Wi-Fi Kit,1,320.00
ORD-008671,2024-11-30,C00551,Bluetooth Speaker,1,110.00
ORD-008671,2024-11-30,C00551,USB-C Hub,2,45.00
ORD-008672,2024-11-30,C00514,Laptop,1,1080.00
ORD-008673,2024-11-30,C01377,Webcam,1,95.00
ORD-008674,2024-11-30,C00190,Router,1,175.00
ORD-008674,2024-11-30,C00190,Microphone,4,130.00
ORD-008675,2024-11-30,C01160,USB-C Hub,1,42.75
ORD-008676,2024-11-30,C00693,Router,1,175.00
ORD-008677,2024-11-30,C01454,USB-C Hub,2,45.00
ORD-008677,2024-11-30,C01454,Router,1,166.25
ORD-008678,2024-11-30,C00693,Bluetooth Speaker,1,110.00
ORD-008679,2024-11-30,C01225,Mouse,1,25.00
ORD-008679,2024-11-30,C01225,Laptop,1,1200.00
ORD-008680,2024-11-30,C01241,Router,2,175.00
ORD-008681,2024-11-30,C00829,Keyboard,3,80.00
ORD-008681,2024-11-30,C00829,Webcam,1,95.00
ORD-008681,2024-11-30,C00829,Mouse,1,22.50
ORD-008682,2024-11-30,C01046,Hard Drive,1,85.00
ORD-008682,2024-11-30,C01046,Bluetooth Speaker,1,110.00
ORD-008683,2024-11-30,C00808,Bluetooth Speaker,2,110.00
ORD-008684,2024-11-30,C00829,Bluetooth Speaker,4,110.00
ORD-008685,2024-11-30,C00137,Tablet,1,480.00
ORD-008686,2024-11-30,C00119,Router,1,175.00
ORD-008686,2024-11-30,C00119,Monitor,1,300.00
ORD-008687,2024-11-30,C01136,Desktop PC,1,950.00
ORD-008688,2024-11-30,C00881,Bluetooth Speaker,2,110.00
ORD-008688,2024-11-30,C00881,Tablet,1,480.00
ORD-008689,2024-11-30,C00703,USB-C Hub,1,45.00
ORD-008690,2024-11-30,C00829,Webcam,2,95.00
ORD-008691,2024-11-30,C00754,Monitor,2,300.00
ORD-008691,2024-11-30,C00754,Headphones,2,150.00
ORD-008692,2024-12-01,C00819,Mouse,1,23.75
ORD-008692,2024-12-01,C00819,USB-C Hub,2,45.00
ORD-008693,2024-12-01,C01030,Mouse,1,25.00
ORD-008694,2024-12-01,C00669,Mesh Wi-Fi Kit,1,256.00
ORD-008695,2024-12-01,C00735,Bluetooth Speaker,4,110.00
ORD-008695,2024-12-01,C00735,Ultrawide Monitor,1,620.00
ORD-008695,2024-12-01,C00735,Keyboard,1,76.00
ORD-008696,2024-12-01,C00187,USB-C Hub,1,45.00
ORD-008696,2024-12-01,C00187,Webcam,2,95.00
ORD-008697,2024-12-01,C01286,USB-C Hub,1,45.00
ORD-008698,2024-12-01,C00850,Keyboard,2,80.00
ORD-008699,2024-12-01,C00145,Headphones,1,150.00
ORD-008700,2024-12-01,C00829,Monitor,2,300.00
ORD-008700,2024-12-01,C00829,Microphone,1,130.00
ORD-008701,2024-12-01,C00957,Mouse,1,25.00
ORD-008701,2024-12-01,C00957,Mesh Wi-Fi Kit,1,320.00
ORD-008702,2024-12-01,C01160,USB-C Hub,1,42.75
ORD-008703,2024-12-01,C00864,Hard Drive,4,85.00
ORD-008704,2024-12-01,C00649,USB-C Hub,1,45.00
ORD-008705,2024-12-01,C00740,USB-C Hub,4,45.00
ORD-008706,2024-12-01,C00502,External SSD,0,140.00
ORD-008707,2024-12-01,C00159,Desktop PC,1,950.00
ORD-008708,2024-12-01,C00525,USB-C Hub,1,45.00
ORD-008708,2024-12-01,C00525,Mesh Wi-Fi Kit,1,288.00
ORD-008708,2024-12-01,C00525,Mouse,2,25.00
ORD-008709,2024-12-01,C00579,Ultrawide Monitor,1,620.00
ORD-008709,2024-12-01,C00579,Tablet,4,456.00
ORD-008710,2024-12-01,C01327,Mouse,1,22.50
ORD-008710,2024-12-01,C01327,USB-C Hub,1,45.00
ORD-008710,2024-12-01,C01327,External SSD,3,126.00
ORD-008711,2024-12-01,C01249,Router,4,175.00
ORD-008711,2024-12-01,C01249,Mesh Wi-Fi Kit,1,320.00
ORD-008712,2024-12-01,C00829,USB-C Hub,2,45.00
ORD-008713,2024-12-01,C00966,External SSD,3,140.00
ORD-008714,2024-12-01,C00907,Microphone,1,130.00
ORD-008714,2024-12-01,C00907,Webcam,3,95.00
ORD-008714,2024-12-01,C00907,Mouse,1,22.50
ORD-008715,2024-12-01,C00064,Desktop PC,1,950.00
ORD-008715,2024-12-01,C00064,Webcam,3,95.00
ORD-008716,2024-12-01,C01069,External SSD,1,140.00
ORD-008717,2024-12-01,C00591,External SSD,3,140.00
ORD-008718,2024-12-01,C01462,Router,1,175.00
ORD-008718,2024-12-01,C01462,Microphone,1,123.50
ORD-008718,2024-12-01,C01462,Mesh Wi-Fi Kit,4,320.00
ORD-008719,2024-12-01,C01160,Mouse,2,25.00
ORD-008720,2024-12-01,C01160,Laptop,1,1200.00
ORD-008720,2024-12-01,C01160,Microphone,1,104.00
ORD-008721,2024-12-01,C00137,Webcam,5,95.00
ORD-008722,2024-12-01,C00703,Hard Drive,4,80.75
ORD-008723,2024-12-01,C00881,Bluetooth Speaker,3,110.00
ORD-008723,2024-12-01,C00881,Ultrawide Monitor,1,620.00
ORD-008723,2024-12-01,C00881,Mouse,1,25.00
ORD-008724,2024-12-01,C00493,Router,1,157.50
ORD-008724,2024-12-01,C00493,Microphone,0,130.00
ORD-008724,2024-12-01,C00493,Ultrawide Monitor,1,620.00
ORD-008725,2024-12-01,C00348,Hard Drive,4,76.50
ORD-008726,2024-12-01,C01160,Headphones,2,150.00
ORD-008726,2024-12-01,C01160,Mesh Wi-Fi Kit,1,320.00
ORD-008727,2024-12-01,C00829,Hard Drive,3,85.00
ORD-008727,2024-12-01,C00829,Desktop PC,1,950.00
ORD-008728,2024-12-01,C00703,External SSD,1,140.00
ORD-008728,2024-12-01,C00703,Hard Drive,1,85.00
ORD-008729,2024-12-01,C00703,Webcam,1,95.00
ORD-008730,2024-12-01,C01457,USB-C Hub,1,45.00
ORD-008731,2024-12-01,C01151,Mouse,5,25.00
ORD-008732,2024-12-01,C00625,Microphone,2,117.00
ORD-008733,2024-12-01,C00645,Mouse,1,25.00
ORD-008733,2024-12-01,C00645,USB-C Hub,1,45.00
ORD-008734,2024-12-01,C01106,USB-C Hub,2,45.00
ORD-008735,2024-12-01,C00881,Keyboard,1,80.00
ORD-008735,2024-12-01,C00881,Bluetooth Speaker,1,110.00
ORD-008736,2024-12-01,C00829,External SSD,1,140.00
ORD-008736,2024-12-01,C00829,Webcam,2,85.50
ORD-008737,2024-12-01,C00607,USB-C Hub,2,40.50
ORD-008737,2024-12-01,C00607,Headphones,1,135.00
ORD-008738,2024-12-01,C01160,USB-C Hub,2,45.00
ORD-008739,2024-12-01,C00137,USB-C Hub,1,45.00
ORD-008739,2024-12-01,C00137,Microphone,1,130.00
ORD-008740,2024-12-02,C00217,Webcam,1,95.00
ORD-008741,2024-12-02,C01384,Microphone,1,130.00
ORD-008742,2024-12-02,C00870,Mouse,2,25.00
ORD-008742,2024-12-02,C00870,USB-C Hub,3,45.00
ORD-008743,2024-12-02,C00350,Router,2,166.25
ORD-008743,2024-12-02,C00350,Mouse,1,25.00
ORD-008744,2024-12-02,C01285,Mouse,1,20.00
ORD-008745,2024-12-02,C00079,Mesh Wi-Fi Kit,3,320.00
ORD-008746,2024-12-02,C01282,Microphone,2,130.00
ORD-008747,2024-12-02,C00703,Ultrawide Monitor,1,620.00
ORD-008748,2024-12-02,C00919,Mouse,2,25.00
ORD-008749,2024-12-02,C01248,Microphone,2,130.00
ORD-008750,2024-12-02,C01374,USB-C Hub,1,45.00
ORD-008751,2024-12-02,C00792,External SSD,1,140.00
ORD-008751,2024-12-02,C00792,Webcam,5,95.00
ORD-008752,2024-12-02,C00971,Mesh Wi-Fi Kit,1,304.00
ORD-008753,2024-12-02,C00981,Mesh Wi-Fi Kit,3,320.00
ORD-008754,2024-12-02,C00727,Mouse,1,25.00
ORD-008754,2024-12-02,C00727,USB-C Hub,5,45.00
ORD-008755,2024-12-02,C00703,USB-C Hub,1,40.50
ORD-008756,2024-12-02,C00548,Mouse,1,25.00
ORD-008757,2024-12-02,C00358,Webcam,2,95.00
ORD-008758,2024-12-02,C01118,Mouse,2,25.00
ORD-008758,2024-12-02,C01118,Headphones,3,135.00
ORD-008759,2024-12-02,C00840,Ultrawide Monitor,1,620.00
ORD-008760,2024-12-02,C00966,Tablet,2,456.00
ORD-008761,2024-12-02,C00610,Webcam,2,90.25
ORD-008761,2024-12-02,C00610,External SSD,1,126.00
ORD-008762,2024-12-02,C00249,Microphone,1,130.00
ORD-008762,2024-12-02,C00249,Webcam,1,95.00
ORD-008763,2024-12-02,C00064,Headphones,-1,150.00
ORD-008763,2024-12-02,C00064,Microphone,1,130.00
ORD-008764,2024-12-02,C00829,Microphone,4,130.00
ORD-008765,2024-12-02,C00752,Headphones,1,142.50
ORD-008766,2024-12-02,C00551,Bluetooth Speaker,1,110.00
ORD-008767,2024-12-02,C00672,Mouse,1,25.00
ORD-008767,2024-12-02,C00672,Webcam,1,95.00
ORD-008768,2024-12-03,C00780,Hard Drive,4,80.75
ORD-008768,2024-12-03,C00780,External SSD,1,140.00
ORD-008768,2024-12-03,C00780,USB-C Hub,3,40.50
ORD-008769,2024-12-03,C01289,  Mouse ,1,25.00
ORD-008769,2024-12-03,C01289,Headphones,1,150.00
ORD-008769,2024-12-03,C01289,Keyboard,1,80.00
ORD-008770,2024-12-03,C01288,Headphones,3,135.00
ORD-008771,2024-12-03,C00808,Monitor,1,285.00
ORD-008772,2024-12-03,C00130,Keyboard,1,76.00
ORD-008773,2024-12-03,C01233,Router,1,140.00
ORD-008774,2024-12-03,C00361,Router,1,175.00
ORD-008775,2024-12-03,C00654,Mesh Wi-Fi Kit,2,304.00
ORD-008775,2024-12-03,C00654,Keyboard,3,80.00
ORD-008775,2024-12-03,C00654,USB-C Hub,2,42.75
ORD-008776,2024-12-03,C00752,External SSD,1,140.00
ORD-008776,2024-12-03,C00752,Keyboard,1,64.00
ORD-008777,2024-12-03,C00473,Router,1,175.00
ORD-008778,2024-12-03,C00703,Laptop,2,1200.00
ORD-008779,2024-12-03,C01106,Bluetooth Speaker,1,104.50
ORD-008780,2024-12-03,C00322,Headphones,3,150.00
ORD-008780,2024-12-03,C00322,Webcam,1,95.00
ORD-008781,2024-12-03,C00485,External SSD,3,140.00
ORD-008782,2024-12-03,C00634,Ultrawide Monitor,2,558.00
ORD-008783,2024-12-03,C01341,Ultrawide Monitor,1,558.00
ORD-008783,2024-12-03,C01341,USB-C Hub,2,45.00
ORD-008784,2024-12-03,C00829,Keyboard,1,80.00
ORD-008785,2024-12-03,C01342,Webcam,3,95.00
ORD-008786,2024-12-03,C01466,USB-C Hub,1,45.00
ORD-008786,2024-12-03,C01466,Router,1,175.00
ORD-008787,2024-12-03,C00703,Keyboard,2,80.00
ORD-008788,2024-12-03,C00859,External SSD,1,112.00
ORD-008788,2024-12-03,C00859,Ultrawide Monitor,1,589.00
ORD-008789,2024-12-03,C00793,External SSD,1,140.00
ORD-008789,2024-12-03,C00793,Tablet,3,480.00
ORD-008789,2024-12-03,C00793,Bluetooth Speaker,5,110.00
ORD-008790,2024-12-03,C01160,Headphones,1,150.00
ORD-008790,2024-12-03,C01160,Hard Drive,1,85.00
ORD-008791,2024-12-03,C00829,Keyboard,2,80.00
ORD-008791,2024-12-03,C00829,Mesh Wi-Fi Kit,5,288.00
ORD-008792,2024-12-03,C00829,Headphones,2,150.00
ORD-008792,2024-12-03,C00829,Mouse,1,25.00
ORD-008792,2024-12-03,C00829,USB-C Hub,1,45.00
ORD-008793,2024-12-03,C01069,  Router ,1,175.00
ORD-008794,2024-12-03,C00703,Monitor,1,270.00
ORD-008795,2024-12-03,C00675,Laptop,1,1200.00
ORD-008796,2024-12-03,C01152,Headphones,3,150.00
ORD-008797,2024-12-03,C00613,USB-C Hub,1,45.00
ORD-008798,2024-12-03,C00752,Headphones,1,150.00
ORD-008799,2024-12-03,C00881,Router,1,175.00
ORD-008800,2024-12-03,C01124,Hard Drive,1,85.00
ORD-008801,2024-12-03,C00757,Webcam,2,95.00
ORD-008802,2024-12-03,C00656,Mouse,1,25.00
ORD-008803,2024-12-03,C01206,USB-C Hub,3,45.00
ORD-008804,2024-12-03,C00985,Headphones,1,135.00
ORD-008805,2024-12-03,C00567,Mouse,1,25.00
ORD-008806,2024-12-03,C00591,Mesh Wi-Fi Kit,1,304.00
ORD-008806,2024-12-03,C00591,Keyboard,1,80.00
ORD-008807,2024-12-03,C00693,Mouse,1,25.00
ORD-008808,2024-12-03,C00693,USB-C Hub,1,40.50
ORD-008809,2024-12-03,C00829,Webcam,1,95.00
ORD-008809,2024-12-03,C00829,External SSD,4,140.00
ORD-008810,2024-12-03,C00189,Monitor,2,300.00
ORD-008810,2024-12-03,C00189,Webcam,2,95.00
ORD-008811,2024-12-03,C01271,Mesh Wi-Fi Kit,1,320.00
ORD-008811,2024-12-03,C01271,Router,4,175.00
ORD-008811,2024-12-03,C01271,Mouse,1,25.00
ORD-008812,2024-12-03,C01353,USB-C Hub,3,45.00
ORD-008813,2024-12-04,C00751,Ultrawide Monitor,2,620.00
ORD-008814,2024-12-04,C00445,USB-C Hub,1,45.00
ORD-008814,2024-12-04,C00445,Desktop PC,3,950.00
ORD-008815,2024-12-04,C00577,Hard Drive,1,76.50
ORD-008815,2024-12-04,C00577,USB-C Hub,1,45.00
ORD-008816,2024-12-04,C00348,Bluetooth Speaker,2,110.00
ORD-008817,2024-12-04,C00808,Webcam,5,85.50
ORD-008818,2024-12-04,C00610,USB-C Hub,1,45.00
ORD-008819,2024-12-04,C00615,Laptop,1,1200.00
ORD-008820,2024-12-04,C00419,Tablet,1,384.00
ORD-008821,2024-12-04,C01238,External SSD,1,126.00
ORD-008821,2024-12-04,C01238,Keyboard,1,80.00
ORD-008822,2024-12-04,C00609,External SSD,4,140.00
ORD-008823,2024-12-04,C00829,USB-C Hub,4,45.00
ORD-008824,2024-12-04,C00920,Headphones,4,142.50
ORD-008825,2024-12-04,C00880,Webcam,2,95.00
ORD-008825,2024-12-04,C00880,Keyboard,2,72.00
ORD-008826,2024-12-04,C01419,Bluetooth Speaker,1,110.00
ORD-008826,2024-12-04,C01419,Laptop,1,1200.00
ORD-008827,2024-12-04,C00895,USB-C Hub,1,45.00
ORD-008827,2024-12-04,C00895,Headphones,3,150.00
ORD-008828,2024-12-04,C00079,Mouse,1,25.00
ORD-008828,2024-12-04,C00079,Microphone,1,130.00
ORD-008828,2024-12-04,C00079,USB-C Hub,1,42.75
ORD-008829,2024-12-04,C01495,Mouse,2,25.00
ORD-008830,2024-12-04,C00682,Tablet,1,480.00
ORD-008831,2024-12-04,C00488,Bluetooth Speaker,1,110.00
ORD-008832,2024-12-04,C01257,Keyboard,1,80.00
ORD-008833,2024-12-04,C00419,Ultrawide Monitor,3,620.00
ORD-008833,2024-12-04,C00419,Mouse,2,25.00
ORD-008833,2024-12-04,C00419,Tablet,2,480.00
ORD-008834,2024-12-04,C01434,USB-C Hub,1,45.00
ORD-008835,2024-12-04,C00093,Mouse,1,25.00
ORD-008836,2024-12-04,C00137,Keyboard,2,80.00
ORD-008836,2024-12-04,C00137,Desktop PC,2,950.00
ORD-008837,2024-12-04,C00880,Monitor,1,270.00
ORD-008838,2024-12-04,C00881,USB-C Hub,1,45.00
ORD-008838,2024-12-04,C00881,Headphones,2,142.50
ORD-008839,2024-12-04,C00419,Bluetooth Speaker,1,110.00
ORD-008839,2024-12-04,C00419,Webcam,2,90.25
ORD-008840,2024-12-04,C01223,Router,1,175.00
ORD-008840,2024-12-04,C01223,Hard Drive,2,85.00
ORD-008841,2024-12-04,C00829,Headphones,1,150.00
ORD-008841,2024-12-04,C00829,Hard Drive,2,68.00
ORD-008841,2024-12-04,C00829,Microphone,1,130.00
ORD-008842,2024-12-04,C01102,External SSD,5,133.00
ORD-008842,2024-12-04,C01102,Mouse,1,25.00
ORD-008843,2024-12-04,C00419,Laptop,1,1200.00
ORD-008844,2024-12-04,C00936,Mesh Wi-Fi Kit,1,288.00
ORD-008845,2024-12-04,C01342,Hard Drive,1,85.00
ORD-008846,2024-12-04,C01054,External SSD,3,140.00
ORD-008846,2024-12-04,C01054,Bluetooth Speaker,2,104.50
ORD-008847,2024-12-04,C00240,Hard Drive,3,85.00
ORD-008847,2024-12-04,C00240,USB-C Hub,2,45.00
ORD-008847,2024-12-04,C00240,Webcam,3,90.25
ORD-008848,2024-12-04,C00880,External SSD,2,140.00
ORD-008849,2024-12-04,C01038,Webcam,2,95.00
ORD-008849,2024-12-04,C01038,Microphone,1,130.00
ORD-008850,2024-12-04,C01121,Mesh Wi-Fi Kit,5,320.00
ORD-008851,2024-12-04,C00433,Headphones,2,150.00
ORD-008852,2024-12-04,C00966,External SSD,2,140.00
ORD-008853,2024-12-04,C01035,Tablet,1,480.00
ORD-008853,2024-12-04,C01035,Microphone,1,130.00
ORD-008854,2024-12-04,C01289,Tablet,1,480.00
ORD-008854,2024-12-04,C01289,External SSD,2,133.00
ORD-008855,2024-12-04,C00761,Desktop PC,1,950.00
ORD-008855,2024-12-04,C00761,USB-C Hub,1,45.00
ORD-008856,2024-12-05,C00355,Tablet,1,480.00
ORD-008856,2024-12-05,C00355,Hard Drive,1,85.00
ORD-008856,2024-12-05,C00355,Microphone,1,123.50
ORD-008857,2024-12-05,C00290,Mouse,2,25.00
ORD-008857,2024-12-05,C00290,USB-C Hub,3,45.00
ORD-008858,2024-12-05,C01160,Mouse,3,23.75
ORD-008858,2024-12-05,C01160,Headphones,1,150.00
ORD-008858,2024-12-05,C01160,Hard Drive,1,85.00
ORD-008859,2024-12-05,C00703,Mouse,2,25.00
ORD-008860,2024-12-05,C01160,Hard Drive,1,76.50
ORD-008861,2024-12-05,C01186,Monitor,2,300.00
ORD-008862,2024-12-05,C00752,Bluetooth Speaker,2,99.00
ORD-008863,2024-12-05,C00520,Webcam,1,85.50
ORD-008863,2024-12-05,C00520,Hard Drive,3,85.00
ORD-008863,2024-12-05,C00520,Monitor,1,300.00
ORD-008864,2024-12-05,C00969,Desktop PC,2,950.00
ORD-008865,2024-12-05,C00261,  Keyboard ,1,80.00
ORD-008866,2024-12-05,C00419,External SSD,1,140.00
ORD-008867,2024-12-05,C00760,Mesh Wi-Fi Kit,1,304.00
ORD-008868,2024-12-05,C00236,External SSD,1,140.00
ORD-008869,2024-12-05,C00875,Mouse,1,25.00
ORD-008869,2024-12-05,C00875,Ultrawide Monitor,5,620.00
ORD-008870,2024-12-05,C00574,Bluetooth Speaker,3,110.00
ORD-008871,2024-12-05,C00419,Monitor,1,270.00
ORD-008871,2024-12-05,C00419,Tablet,2,456.00
ORD-008872,2024-12-05,C00966,Webcam,1,90.25
ORD-008873,2024-12-05,C00766,Monitor,1,300.00
ORD-008874,2024-12-05,C01161,Microphone,4,130.00
ORD-008875,2024-12-05,C00450,Keyboard,3,72.00
ORD-008875,2024-12-05,C00450,Hard Drive,1,85.00
ORD-008876,2024-12-05,C01213,Webcam,1,95.00
ORD-008877,2024-12-05,C00897,Mesh Wi-Fi Kit,5,320.00
ORD-008878,2024-12-05,C00286,External SSD,1,140.00
ORD-008878,2024-12-05,C00286,Headphones,2,150.00
ORD-008879,2024-12-05,C00714,External SSD,2,140.00
ORD-008879,2024-12-05,C00714,USB-C Hub,2,45.00
ORD-008880,2024-12-05,C00757,Router,1,175.00
ORD-008881,2024-12-05,C01384,External SSD,1,140.00
ORD-008882,2024-12-05,,Hard Drive,1,85.00
ORD-008883,2024-12-05,C01185,Mouse,1,25.00
ORD-008884,2024-12-05,C00881,Microphone,1,123.50
ORD-008884,2024-12-05,C00881,Headphones,1,142.50
ORD-008884,2024-12-05,C00881,Keyboard,1,80.00
ORD-008885,2024-12-05,C00625,Mouse,1,25.00
ORD-008886,2024-12-05,C00752,Webcam,1,95.00
ORD-008887,2024-12-05,C00829,Monitor,1,300.00
ORD-008887,2024-12-05,C00829,Mouse,3,25.00
ORD-008888,2024-12-05,C00233,Hard Drive,5,85.00
ORD-008889,2024-12-05,C00348,Hard Drive,1,85.00
ORD-008889,2024-12-05,C00348,Router,2,175.00
ORD-008890,2024-12-05,C00151,Desktop PC,3,950.00
ORD-008891,2024-12-05,C00703,Tablet,1,480.00
ORD-008891,2024-12-05,C00703,Microphone,1,123.50
ORD-008892,2024-12-05,C00668,Keyboard,1,80.00
ORD-008892,2024-12-05,C00668,Router,4,166.25
ORD-008892,2024-12-05,C00668,Mouse,2,25.00
ORD-008893,2024-12-05,,USB-C Hub,1,45.00
ORD-008893,2024-12-05,C00616,Tablet,1,480.00
ORD-008894,2024-12-05,C00591,Monitor,1,300.00
ORD-008895,2024-12-05,C00023,Monitor,2,300.00
ORD-008895,2024-12-05,C00023,Webcam,3,95.00
ORD-008896,2024-12-05,C00172,External SSD,5,140.00
ORD-008897,2024-12-05,C01036,Tablet,3,456.00
ORD-008898,2024-12-05,C00881,USB-C Hub,1,45.00
ORD-008899,2024-12-05,C01465,Bluetooth Speaker,2,110.00
ORD-008900,2024-12-05,C00703,USB-C Hub,3,42.75
ORD-008901,2024-12-05,C00610,Mouse,1,25.00
ORD-008901,2024-12-05,C00610,Webcam,1,95.00
ORD-008902,2024-12-05,C00829,Router,3,175.00
ORD-008902,2024-12-05,C00829,Microphone,1,130.00
ORD-008903,2024-12-06,C01351,Headphones,3,150.00
ORD-008904,2024-12-06,C00156,Router,1,140.00
ORD-008905,2024-12-06,C00529,Hard Drive,4,80.75
ORD-008905,2024-12-06,C00529,Mouse,1,25.00
ORD-008906,2024-12-06,C01191,Microphone,5,130.00
ORD-008906,2024-12-06,C01191,Bluetooth Speaker,1,110.00
ORD-008907,2024-12-06,C00829,Headphones,1,150.00
ORD-008907,2024-12-06,C00829,Tablet,3,480.00
ORD-008908,2024-12-06,C01160,USB-C Hub,1,42.75
ORD-008908,2024-12-06,C01160,Mouse,1,25.00
ORD-008909,2024-12-06,C01461,Mesh Wi-Fi Kit,1,304.00
ORD-008909,2024-12-06,C01461,Keyboard,1,80.00
ORD-008910,2024-12-06,C00120,USB-C Hub,-1,45.00
ORD-008910,2024-12-06,C00120,Ultrawide Monitor,1,558.00
ORD-008911,2024-12-06,C00703,Hard Drive,1,80.75
ORD-008912,2024-12-06,C00598,Mesh Wi-Fi Kit,2,304.00
ORD-008912,2024-12-06,C00598,Webcam,1,90.25
ORD-008913,2024-12-06,C00064,Headphones,1,150.00
ORD-008914,2024-12-06,C00507,Keyboard,1,80.00
ORD-008914,2024-12-06,C00507,Laptop,2,1200.00
ORD-008915,2024-12-06,C00829,Monitor,1,285.00
ORD-008915,2024-12-06,C00829,Webcam,1,95.00
ORD-008916,2024-12-06,C00664,Router,3,175.00
ORD-008917,2024-12-06,C00117,USB-C Hub,5,45.00
ORD-008918,2024-12-06,C00829,Mouse,1,23.75
ORD-008918,2024-12-06,C00829,Keyboard,2,80.00
ORD-008919,2024-12-06,C00419,Router,4,175.00
ORD-008919,2024-12-06,C00419,USB-C Hub,2,40.50
ORD-008920,2024-12-06,C01127,Webcam,1,95.00
ORD-008920,2024-12-06,C01127,Mouse,1,25.00
ORD-008921,2024-12-06,C00227,Headphones,5,150.00
ORD-008922,2024-12-06,C00953,Tablet,1,480.00
ORD-008922,2024-12-06,C00953,Mouse,-1,23.75
ORD-008922,2024-12-06,C00953,External SSD,1,126.00
ORD-008923,2024-12-06,C00829,Monitor,1,300.00
ORD-008924,2024-12-06,C01225,Hard Drive,1,68.00
ORD-008925,2024-12-06,,USB-C Hub,1,42.75
ORD-008925,2024-12-06,C00703,Hard Drive,1,85.00
ORD-008926,2024-12-06,C00758,USB-C Hub,1,42.75
ORD-008927,2024-12-06,C00693,Keyboard,1,80.00
ORD-008928,2024-12-06,C00445,USB-C Hub,1,42.75
ORD-008929,2024-12-06,C00156,Mouse,2,25.00
ORD-008930,2024-12-06,C00001,Mouse,1,23.75
ORD-008931,2024-12-06,C01343,Mouse,1,25.00
ORD-008932,2024-12-06,C00966,USB-C Hub,1,45.00
ORD-008933,2024-12-06,C00703,Webcam,4,95.00
ORD-008933,2024-12-06,C00703,Router,1,166.25
ORD-008933,2024-12-06,C00703,Mesh Wi-Fi Kit,1,304.00
ORD-008934,2024-12-06,C00286,Microphone,4,130.00
ORD-008935,2024-12-06,C01161,Headphones,1,135.00
ORD-008936,2024-12-06,C01160,Hard Drive,2,85.00
ORD-008937,2024-12-06,C01160,Mouse,1,23.75
ORD-008937,2024-12-06,C01160,Ultrawide Monitor,1,589.00
ORD-008938,2024-12-06,C00672,Laptop,2,1080.00
ORD-008939,2024-12-06,C01022,Keyboard,1,80.00
ORD-008939,2024-12-06,C01022,Tablet,1,480.00
ORD-008939,2024-12-06,C01022,USB-C Hub,2,45.00
ORD-008940,2024-12-06,C00606,Bluetooth Speaker,2,110.00
ORD-008941,2024-12-06,C00919,Ultrawide Monitor,3,620.00
ORD-008942,2024-12-06,C00607,USB-C Hub,1,45.00
ORD-008943,2024-12-06,C00605,Mouse,2,25.00
ORD-008944,2024-12-06,C00419,External SSD,1,140.00
ORD-008945,2024-13-45,C00752,External SSD,1,140.00
ORD-008945,2024-12-06,C00752,Router,1,175.00
ORD-008946,2024-12-06,C00703,Mouse,2,25.00
ORD-008946,2024-12-06,C00703,USB-C Hub,1,45.00
ORD-008947,2024-12-07,C00703,USB-C Hub,1,45.00
ORD-008948,2024-12-07,C00162,Webcam,2,90.25
ORD-008949,2024-12-07,C00236,Webcam,1,95.00
ORD-008949,2024-12-07,C00236,Monitor,3,300.00
ORD-008950,2024-12-07,C00121,Webcam,1,95.00
ORD-008950,2024-12-07,C00121,Mouse,1,23.75
ORD-008951,2024-12-07,C00958,Keyboard,5,80.00
ORD-008951,2024-12-07,C00958,External SSD,1,140.00
ORD-008952,2024-12-07,C01295,External SSD,5,140.00
ORD-008952,2024-12-07,C01295,Webcam,2,95.00
ORD-008953,2024-12-07,C01454,Microphone,2,130.00
ORD-008953,2024-12-07,C01454,Monitor,1,240.00
ORD-008954,2024-12-07,C01155,Ultrawide Monitor,1,620.00
ORD-008955,2024-13-45,C00122,Bluetooth Speaker,1,110.00
ORD-008956,2024-12-07,C00600,Keyboard,1,80.00
ORD-008957,2024-12-07,C01289,Mouse,1,25.00
ORD-008958,2024-12-07,C00433,Desktop PC,2,902.50
ORD-008958,2024-12-07,C00433,USB-C Hub,1,45.00
ORD-008958,2024-12-07,C00433,Mouse,2,25.00
ORD-008959,2024-12-07,C00881,Hard Drive,3,85.00
ORD-008959,2024-12-07,C00881,Webcam,4,95.00
ORD-008960,2024-12-07,C01071,Router,1,175.00
ORD-008960,2024-12-07,C01071,External SSD,1,140.00
ORD-008961,2024-12-07,C00496,USB-C Hub,1,42.75
ORD-008962,2024-12-07,C00484,Bluetooth Speaker,1,110.00
ORD-008962,2024-12-07,C00484,Monitor,1,285.00
ORD-008963,2024-12-07,C01495,Headphones,2,150.00
ORD-008963,2024-12-07,C01495,Mesh Wi-Fi Kit,2,320.00
ORD-008963,2024-12-07,C01495,Webcam,1,85.50
ORD-008964,2024-12-07,C00414,Keyboard,3,80.00
ORD-008965,2024-12-07,C00276,External SSD,2,140.00
ORD-008965,2024-12-07,C00276,Microphone,1,130.00
ORD-008965,2024-12-07,C00276,  Headphones ,1,142.50
ORD-008966,2024-12-07,C00830,Ultrawide Monitor,1,620.00
ORD-008967,2024-12-07,C00859,USB-C Hub,1,45.00
ORD-008968,2024-12-07,C01160,Keyboard,1,80.00
ORD-008969,2024-12-07,C00818,Mouse,2,25.00
ORD-008969,2024-12-07,C00818,Hard Drive,2,68.00
ORD-008970,2024-12-07,C00458,Mouse,1,25.00
ORD-008971,2024-12-07,C00703,External SSD,1,140.00
ORD-008971,2024-12-07,C00703,Keyboard,1,76.00
ORD-008972,2024-12-07,C00397,Tablet,1,480.00
ORD-008972,2024-12-07,C00397,Bluetooth Speaker,1,88.00
ORD-008973,2024-12-07,C00963,Microphone,3,130.00
ORD-008973,2024-12-07,C00963,Webcam,4,95.00
ORD-008974,2024-12-07,C01110,Bluetooth Speaker,1,104.50
ORD-008974,2024-12-07,C01110,Mesh Wi-Fi Kit,1,320.00
ORD-008975,2024-12-07,C00348,Keyboard,1,80.00
ORD-008976,2024-12-07,C01151,Bluetooth Speaker,1,88.00
ORD-008977,2024-12-07,C00485,Bluetooth Speaker,4,110.00
ORD-008977,2024-12-07,C00485,Mouse,5,25.00
ORD-008978,2024-12-07,C00776,External SSD,1,126.00
ORD-008979,2024-12-07,C00419,Router,2,157.50
ORD-008980,2024-12-07,C01158,Headphones,1,142.50
ORD-008981,2024-12-07,C00245,Router,1,140.00
ORD-008982,2024-12-07,C00703,Desktop PC,1,950.00
ORD-008982,2024-12-07,C00703,USB-C Hub,1,42.75
ORD-008983,2024-12-07,C01271,Mouse,4,25.00
ORD-008984,2024-12-07,C00703,Microphone,4,123.50
ORD-008985,2024-12-07,C00998,Ultrawide Monitor,1,620.00
ORD-008986,2024-12-07,C01342,USB-C Hub,1,45.00
ORD-008986,2024-12-07,C01342,Desktop PC,5,902.50
ORD-008986,2024-12-07,C01342,Mouse,5,25.00
ORD-008987,2024-12-07,C01348,Webcam,1,95.00
ORD-008987,2024-12-07,C01348,USB-C Hub,4,45.00
ORD-008988,2024-12-07,C00137,Desktop PC,1,950.00
ORD-008989,2024-12-07,C00137,Keyboard,3,80.00
ORD-008990,2024-12-07,C00210,Webcam,2,95.00
ORD-008990,2024-12-07,C00210,USB-C Hub,1,42.75
ORD-008991,2024-12-07,C00419,External SSD,4,140.00
ORD-008992,2024-12-07,C00505,Headphones,1,150.00
ORD-008993,2024-12-07,C00452,USB-C Hub,1,45.00
ORD-008994,2024-13-45,C01041,Keyboard,4,64.00
ORD-008994,2024-12-07,C01041,Mouse,2,22.50
ORD-008995,2024-12-08,C00829,Microphone,1,130.00
ORD-008996,2024-12-08,C00463,Mouse,3,25.00
ORD-008996,2024-12-08,C00463,Ultrawide Monitor,1,620.00
ORD-008997,2024-12-08,C00191,Headphones,2,150.00
ORD-008997,2024-12-08,C00191,Laptop,1,1080.00
ORD-008998,2024-12-08,C00703,Headphones,1,120.00
ORD-008998,2024-12-08,C00703,Mouse,1,25.00
ORD-008999,2024-12-08,C00251,Mouse,1,25.00
ORD-009000,2024-12-08,C01366,  Desktop PC ,1,950.00
ORD-009000,2024-12-08,C01366,Headphones,4,150.00
ORD-009001,2024-12-08,C00798,Hard Drive,1,85.00
ORD-009001,2024-12-08,C00798,Mesh Wi-Fi Kit,1,320.00
ORD-009002,2024-12-08,C01341,External SSD,1,140.00
ORD-009003,2024-12-08,C00450,Bluetooth Speaker,1,110.00
ORD-009004,2024-12-08,C00966,USB-C Hub,1,45.00
ORD-009005,2024-12-08,C00140,USB-C Hub,1,45.00
ORD-009005,2024-12-08,C00140,Microphone,1,130.00
ORD-009006,2024-12-08,C00076,Headphones,1,150.00
ORD-009007,2024-12-08,C00703,Keyboard,1,76.00
ORD-009007,2024-12-08,C00703,External SSD,1,112.00
ORD-009007,2024-12-08,C00703,USB-C Hub,2,45.00
ORD-009008,2024-12-08,C00929,Bluetooth Speaker,2,110.00
ORD-009009,2024-12-08,C01084,Router,5,175.00
ORD-009009,2024-12-08,C01084,Hard Drive,1,80.75
ORD-009010,2024-12-08,C00841,Webcam,4,95.00
ORD-009011,2024-12-08,C00829,External SSD,2,140.00
ORD-009012,2024-12-08,C00455,External SSD,1,140.00
ORD-009012,2024-12-08,C00455,Keyboard,2,80.00
ORD-009013,2024-12-08,C01160,Router,3,157.50
ORD-009014,2024-12-08,C00829,Bluetooth Speaker,1,104.50
ORD-009015,2024-12-08,C01436,Hard Drive,2,76.50
ORD-009016,2024-12-08,C01289,Mouse,1,25.00
ORD-009017,2024-13-45,C00339,Desktop PC,1,902.50
ORD-009018,2024-12-08,C00849,Bluetooth Speaker,2,104.50
ORD-009018,2024-12-08,C00849,Router,1,175.00
ORD-009019,2024-12-08,C01082,Headphones,4,135.00
ORD-009019,2024-12-08,C01082,Mesh Wi-Fi Kit,5,304.00
ORD-009020,2024-12-08,C00829,Tablet,1,432.00
ORD-009021,2024-12-08,C00189,Mouse,2,20.00
ORD-009021,2024-12-08,C00189,USB-C Hub,1,45.00
ORD-009022,2024-12-08,C00829,Laptop,1,1200.00
ORD-009023,2024-12-08,C01239,USB-C Hub,1,42.75
ORD-009024,2024-12-08,C00577,Mesh Wi-Fi Kit,2,320.00
ORD-009025,2024-12-08,C00887,External SSD,1,140.00
ORD-009026,2024-12-08,C00881,Hard Drive,1,85.00
ORD-009027,2024-12-08,C00499,Router,1,175.00
ORD-009028,2024-12-08,C00989,Microphone,1,130.00
ORD-009029,2024-12-08,C00703,Webcam,1,95.00
ORD-009029,2024-12-08,C00703,USB-C Hub,3,45.00
ORD-009030,2024-12-08,C01342,Webcam,1,95.00
ORD-009030,2024-12-08,C01342,Bluetooth Speaker,2,110.00
ORD-009031,2024-12-08,C00703,USB-C Hub,1,40.50
ORD-009032,2024-12-08,C00792,Laptop,1,1200.00
ORD-009033,2024-12-08,C00703,Mouse,2,23.75
ORD-009033,2024-12-08,C00703,Keyboard,2,80.00
ORD-009033,2024-12-08,C00703,USB-C Hub,1,45.00
ORD-009034,2024-12-09,C01483,Mouse,5,25.00
ORD-009034,2024-12-09,C01483,Bluetooth Speaker,1,110.00
ORD-009035,2024-12-09,C00957,External SSD,2,140.00
ORD-009036,2024-12-09,C00322,Monitor,1,300.00
ORD-009036,2024-12-09,C00322,Tablet,3,480.00
ORD-009037,2024-12-09,C00566,Bluetooth Speaker,2,110.00
ORD-009038,2024-12-09,C00703,Keyboard,1,80.00
ORD-009038,2024-12-09,C00703,USB-C Hub,1,45.00
ORD-009038,2024-12-09,C00703,Hard Drive,1,85.00
ORD-009039,2024-12-09,C01160,Mesh Wi-Fi Kit,2,304.00
ORD-009040,2024-12-09,C00918,Mouse,4,22.50
ORD-009041,2024-12-09,C00370,Mouse,1,22.50
ORD-009041,2024-12-09,C00370,Bluetooth Speaker,1,110.00
ORD-009042,2024-12-09,C00870,Bluetooth Speaker,1,99.00
ORD-009043,2024-12-09,C01432,Router,3,166.25
ORD-009044,2024-12-09,C01285,Bluetooth Speaker,1,110.00
ORD-009045,2024-12-09,C00810,Microphone,1,130.00
ORD-009046,2024-12-09,C00625,Microphone,3,130.00
ORD-009046,2024-12-09,C00625,USB-C Hub,4,45.00
ORD-009047,2024-12-09,C00703,Keyboard,2,80.00
ORD-009047,2024-12-09,C00703,Mouse,2,25.00
ORD-009048,2024-12-09,C00319,Headphones,3,150.00
ORD-009048,2024-12-09,C00319,Mouse,2,25.00
ORD-009048,2024-12-09,C00319,USB-C Hub,5,42.75
ORD-009049,2024-12-09,C00174,Mouse,1,25.00
ORD-009049,2024-12-09,C00174,Webcam,1,95.00
ORD-009050,2024-12-09,C01225,Monitor,2,300.00
ORD-009050,2024-12-09,C01225,Tablet,1,480.00
ORD-009051,2024-12-09,C00829,Keyboard,2,80.00
ORD-009052,2024-12-09,C01131,Keyboard,1,80.00
ORD-009053,2024-12-09,C00159,Bluetooth Speaker,1,110.00
ORD-009053,2024-12-09,C00159,Microphone,1,130.00
ORD-009054,2024-12-09,C00170,Monitor,3,300.00
ORD-009055,2024-12-09,C01454,Hard Drive,1,80.75
ORD-009055,2024-12-09,C01454,Mouse,1,25.00
ORD-009056,2024-12-09,C00986,External SSD,3,140.00
ORD-009057,2024-12-09,C00565,Webcam,2,95.00
ORD-009058,2024-12-09,C00364,Router,1,175.00
ORD-009058,2024-12-09,C00364,Headphones,1,150.00
ORD-009059,2024-12-09,C00703,Headphones,4,150.00
ORD-009060,2024-12-09,C01147,Router,1,157.50
ORD-009060,2024-12-09,C01147,USB-C Hub,2,45.00
ORD-009061,2024-12-09,C01160,Bluetooth Speaker,1,99.00
ORD-009062,2024-12-09,C01160,Router,2,175.00
ORD-009063,2024-12-10,C01151,Hard Drive,1,85.00
ORD-009064,2024-12-10,C00921,Router,3,175.00
ORD-009065,2024-12-10,C00953,USB-C Hub,4,45.00
ORD-009065,2024-12-10,C00953,Mouse,1,20.00
ORD-009065,2024-12-10,C00953,Monitor,1,300.00
ORD-009066,2024-12-10,C00787,Mesh Wi-Fi Kit,1,320.00
ORD-009067,2024-12-10,C01160,External SSD,4,140.00
ORD-009068,2024-12-10,C01432,Microphone,3,104.00
ORD-009069,2024-12-10,C00829,Mouse,1,22.50
ORD-009070,not-a-date,C01289,External SSD,5,140.00
ORD-009070,2024-12-10,C01289,Webcam,2,95.00
ORD-009071,2024-12-10,C01369,Monitor,2,300.00
ORD-009072,2024-12-10,C01157,Bluetooth Speaker,1,110.00
ORD-009073,2024-12-10,C00724,Tablet,2,480.00
ORD-009073,2024-12-10,C00724,Bluetooth Speaker,3,99.00
ORD-009074,2024-12-10,C01168,Keyboard,2,76.00
ORD-009075,2024-12-10,C00306,Microphone,4,117.00
ORD-009075,2024-12-10,C00306,USB-C Hub,1,45.00
ORD-009076,2024-12-10,C00180,Keyboard,1,80.00
ORD-009076,2024-12-10,C00180,USB-C Hub,2,45.00
ORD-009076,2024-12-10,C00180,Monitor,1,300.00
ORD-009077,2024-12-10,C01436,Mesh Wi-Fi Kit,1,304.00
ORD-009078,2024-12-10,C00610,Microphone,1,130.00
ORD-009079,2024-12-10,C01110,Microphone,1,123.50
ORD-009079,2024-12-10,C01110,USB-C Hub,2,40.50
ORD-009080,2024-12-10,C00855,Mouse,4,20.00
ORD-009080,2024-12-10,C00855,Headphones,1,150.00
ORD-009081,2024-12-10,C00419,USB-C Hub,2,45.00
ORD-009081,2024-12-10,C00419,Hard Drive,1,85.00
ORD-009082,2024-13-45,C01160,Laptop,2,960.00
ORD-009082,2024-12-10,C01160,Hard Drive,1,85.00
ORD-009083,2024-12-10,C00192,Webcam,1,95.00
ORD-009083,2024-12-10,C00192,Hard Drive,1,85.00
ORD-009083,2024-12-10,C00192,External SSD,1,140.00
ORD-009084,2024-12-10,C00871,Keyboard,2,72.00
ORD-009084,2024-12-10,C00871,Mouse,1,25.00
ORD-009085,2024-12-10,C00236,External SSD,1,140.00
ORD-009086,2024-12-10,C00333,Webcam,4,95.00
ORD-009086,2024-12-10,C00333,USB-C Hub,2,40.50
ORD-009087,2024-12-10,C01186,USB-C Hub,1,45.00
ORD-009087,2024-12-10,C01186,Hard Drive,2,80.75
ORD-009087,2024-12-10,C01186,Webcam,1,90.25
ORD-009088,2024-12-10,C00206,USB-C Hub,1,45.00
ORD-009089,2024-12-10,C01462,Mouse,1,25.00
ORD-009089,2024-12-10,C01462,Ultrawide Monitor,1,620.00
ORD-009090,2024-12-10,C01160,Hard Drive,1,76.50
ORD-009091,2024-12-10,C00438,Router,3,175.00
ORD-009091,2024-12-10,C00438,Microphone,1,130.00
ORD-009092,2024-12-10,C00348,Microphone,4,130.00
ORD-009093,2024-12-10,C00346,USB-C Hub,2,45.00
ORD-009094,2024-12-10,C00703,Webcam,1,95.00
ORD-009095,2024-12-10,C00703,Hard Drive,1,85.00
ORD-009095,2024-12-10,C00703,Mouse,1,25.00
ORD-009096,2024-12-10,C00852,Mouse,3,25.00
ORD-009097,2024-12-10,C01118,Keyboard,3,72.00
ORD-009097,2024-12-10,C01118,Hard Drive,1,85.00
ORD-009098,2024-12-10,C01436,External SSD,1,140.00
ORD-009099,2024-12-10,C00676,Ultrawide Monitor,3,558.00
ORD-009099,2024-12-10,C00676,USB-C Hub,1,42.75
ORD-009100,2024-12-11,C00829,Mesh Wi-Fi Kit,4,320.00
ORD-009101,2024-12-11,C00348,Webcam,1,90.25
ORD-009101,2024-12-11,C00348,USB-C Hub,1,45.00
ORD-009102,2024-12-11,C00829,Router,1,175.00
ORD-009102,2024-13-45,C00829,External SSD,1,140.00
ORD-009103,2024-12-11,C01160,Mouse,3,22.50
ORD-009104,2024-12-11,C01110,Mouse,1,23.75
ORD-009104,2024-12-11,C01110,External SSD,1,140.00
ORD-009105,2024-12-11,C00829,Bluetooth Speaker,2,110.00
ORD-009106,2024-12-11,C01167,Webcam,2,76.00
ORD-009107,2024-12-11,C01160,Keyboard,4,72.00
ORD-009108,2024-12-11,C00251,Microphone,1,130.00
ORD-009108,2024-12-11,C00251,Mouse,3,23.75
ORD-009108,2024-12-11,C00251,Keyboard,3,80.00
ORD-009109,2024-12-11,C00966,Webcam,5,95.00
ORD-009110,2024-12-11,C00236,Bluetooth Speaker,1,88.00
ORD-009111,2024-12-11,C00693,Mouse,1,25.00
ORD-009111,2024-12-11,C00693,Webcam,1,95.00
ORD-009111,2024-12-11,C00693,Bluetooth Speaker,1,110.00
ORD-009112,2024-12-11,C00224,Mouse,1,25.00
ORD-009112,2024-12-11,C00224,USB-C Hub,1,45.00
ORD-009112,2024-12-11,C00224,Ultrawide Monitor,3,589.00
ORD-009113,2024-12-11,C01455,Bluetooth Speaker,1,110.00
ORD-009113,2024-12-11,C01455,Ultrawide Monitor,2,589.00
ORD-009114,2024-12-11,C00419,Monitor,1,240.00
ORD-009115,2024-12-11,C01223,External SSD,1,140.00
ORD-009115,2024-12-11,C01223,Bluetooth Speaker,1,99.00
ORD-009116,2024-12-11,C00958,Mouse,3,23.75
ORD-009117,2024-12-11,C00419,Tablet,2,432.00
ORD-009118,2024-12-11,C01046,Webcam,2,95.00
ORD-009119,2024-12-11,C00600,Microphone,1,130.00
ORD-009119,2024-12-11,C00600,Ultrawide Monitor,5,496.00
ORD-009119,2024-12-11,C00600,Keyboard,1,80.00
ORD-009120,2024-12-11,C00445,USB-C Hub,1,45.00
ORD-009121,2024-12-11,C00445,Keyboard,1,80.00
ORD-009122,2024-12-11,C00618,Headphones,1,150.00
ORD-009122,2024-12-11,C00618,Router,1,175.00
ORD-009123,2024-12-11,C00242,Headphones,1,150.00
ORD-009124,2024-12-11,C00671,Keyboard,1,64.00
ORD-009124,2024-12-11,C00671,USB-C Hub,2,45.00
ORD-009125,2024-12-11,C00703,Bluetooth Speaker,1,110.00
ORD-009125,2024-12-11,C00703,Microphone,1,130.00
ORD-009126,2024-12-11,C00703,Laptop,3,960.00
ORD-009127,2024-12-11,C00356,Mouse,1,25.00
ORD-009128,2024-12-11,C01035,External SSD,1,126.00
ORD-009129,2024-12-11,C00829,USB-C Hub,1,45.00
ORD-009130,2024-12-11,C00703,Keyboard,1,80.00
ORD-009130,2024-12-11,C00703,Monitor,1,240.00
ORD-009130,2024-12-11,C00703,Tablet,2,480.00
ORD-009131,2024-12-11,C00348,Mesh Wi-Fi Kit,4,320.00
ORD-009131,2024-12-11,C00348,Keyboard,1,80.00
ORD-009131,2024-12-11,C00348,Mouse,1,25.00
ORD-009132,2024-12-11,C01372,External SSD,2,140.00
ORD-009132,2024-12-11,C01372,Desktop PC,1,950.00
ORD-009133,2024-12-11,C01169,USB-C Hub,1,45.00
ORD-009134,2024-12-11,C01260,USB-C Hub,1,45.00
ORD-009135,2024-12-11,C01160,Mouse,1,23.75
ORD-009136,2024-12-11,C01358,Headphones,1,150.00
ORD-009137,2024-12-12,C00390,Router,2,166.25
ORD-009138,2024-12-12,C01473,Tablet,1,456.00
ORD-009139,2024-12-12,C01160,Keyboard,1,80.00
ORD-009140,2024-12-12,C00365,Mouse,1,25.00
ORD-009140,2024-12-12,C00365,Microphone,2,130.00
ORD-009141,2024-12-12,C00243,Mouse,3,25.00
ORD-009141,2024-12-12,C00243,Keyboard,2,80.00
ORD-009142,2024-12-12,C00055,Router,1,175.00
ORD-009142,2024-12-12,C00055,Mouse,2,20.00
ORD-009143,2024-12-12,C01414,External SSD,1,126.00
ORD-009144,2024-12-12,C00172,USB-C Hub,5,45.00
ORD-009145,2024-12-12,C01160,Router,1,166.25
ORD-009146,2024-12-12,C01292,USB-C Hub,1,42.75
ORD-009147,2024-12-12,C01038,USB-C Hub,1,45.00
ORD-009148,2024-12-12,C00250,Keyboard,2,80.00
ORD-009149,2024-12-12,C00265,Hard Drive,1,85.00
ORD-009149,2024-12-12,C00265,Monitor,1,300.00
ORD-009150,2024-12-12,C00607,USB-C Hub,3,45.00
ORD-009150,2024-12-12,C00607,Keyboard,0,64.00
ORD-009150,2024-12-12,C00607,Headphones,2,135.00
ORD-009151,2024-12-12,C00327,Keyboard,1,76.00
ORD-009151,2024-12-12,C00327,Laptop,1,1080.00
ORD-009152,2024-12-12,C00849,Hard Drive,3,85.00
ORD-009152,2024-12-12,C00849,Keyboard,2,80.00
ORD-009153,2024-12-12,C00137,Keyboard,1,76.00
ORD-009153,2024-12-12,C00137,External SSD,1,140.00
ORD-009154,2024-12-12,C00079,Webcam,5,95.00
ORD-009155,2024-12-12,C01082,Hard Drive,1,85.00
ORD-009156,2024-12-12,C00137,Keyboard,3,80.00
ORD-009156,2024-12-12,C00137,Mouse,1,22.50
ORD-009157,2024-12-12,C01365,Headphones,1,135.00
ORD-009158,2024-12-12,C00703,Hard Drive,1,85.00
ORD-009159,2024-12-12,C01160,External SSD,3,133.00
ORD-009160,2024-12-12,C00152,Router,2,175.00
ORD-009161,2024-12-12,C00818,Mouse,1,25.00
ORD-009161,2024-12-12,C00818,External SSD,1,140.00
ORD-009161,2024-12-12,C00818,Webcam,4,95.00
ORD-009162,2024-12-12,C00946,Mouse,1,25.00
ORD-009162,2024-12-12,C00946,USB-C Hub,1,36.00
ORD-009163,2024-12-12,C00752,Bluetooth Speaker,1,110.00
ORD-009163,2024-12-12,C00752,Keyboard,1,76.00
ORD-009163,2024-12-12,C00752,Webcam,1,90.25
ORD-009164,2024-12-12,C01007,External SSD,1,133.00
ORD-009165,2024-12-12,C00615,Headphones,1,150.00
ORD-009165,2024-12-12,C00615,Mesh Wi-Fi Kit,1,320.00
ORD-009166,2024-12-12,C00842,Ultrawide Monitor,1,620.00
ORD-009167,2024-12-12,C01423,Bluetooth Speaker,2,110.00
ORD-009167,2024-12-12,C01423,Mouse,2,25.00
ORD-009168,2024-12-12,C00626,USB-C Hub,2,45.00
ORD-009169,2024-12-12,C00489,Mouse,1,23.75
ORD-009170,2024-12-12,C01432,Laptop,1,1080.00
ORD-009171,2024-12-12,C00413,Keyboard,3,80.00
ORD-009171,2024-12-12,C00413,Headphones,1,150.00
ORD-009172,2024-12-12,C00626,Mouse,1,20.00
ORD-009173,2024-12-12,C00419,Mouse,1,25.00
ORD-009174,2024-12-12,C00277,Keyboard,1,76.00
ORD-009174,2024-12-12,C00277,Desktop PC,1,950.00
ORD-009175,2024-12-12,C00829,Hard Drive,1,80.75
ORD-009176,2024-12-12,C00419,Keyboard,1,80.00
ORD-009177,2024-12-12,C00675,USB-C Hub,2,45.00
ORD-009178,2024-12-12,C01160,Keyboard,1,80.00
ORD-009179,2024-12-12,C00388,Keyboard,1,80.00
ORD-009180,2024-12-12,C00987,Mouse,2,25.00
ORD-009180,2024-12-12,C00987,Microphone,1,130.00
ORD-009181,2024-12-12,C00378,Headphones,5,150.00
ORD-009182,2024-12-12,C00881,Mouse,2,25.00
ORD-009183,2024-12-12,C01349,Mouse,1,22.50
ORD-009183,2024-12-12,C01349,Keyboard,1,76.00
ORD-009184,2024-12-12,C00537,Keyboard,1,80.00
ORD-009185,2024-12-13,C00703,Tablet,1,456.00
ORD-009186,2024-12-13,C01186,Webcam,2,95.00
ORD-009187,2024-12-13,C00829,USB-C Hub,1,45.00
ORD-009188,2024-12-13,C01105,Mouse,1,23.75
ORD-009188,2024-12-13,C01105,External SSD,1,112.00
ORD-009189,2024-12-13,C00515,Ultrawide Monitor,2,589.00
ORD-009190,2024-12-13,C00368,Keyboard,1,64.00
ORD-009190,2024-12-13,C00368,Webcam,1,95.00
ORD-009191,2024-12-13,C00526,Hard Drive,1,85.00
ORD-009192,2024-12-13,C00339,Mouse,1,25.00
ORD-009193,2024-12-13,C00713,Mesh Wi-Fi Kit,2,320.00
ORD-009194,2024-12-13,C00814,Bluetooth Speaker,4,110.00
ORD-009195,2024-12-13,C01191,Router,2,157.50
ORD-009195,2024-12-13,C01191,Keyboard,1,80.00
ORD-009196,2024-12-13,C00829,Webcam,3,95.00
ORD-009197,2024-12-13,C01414,Router,1,175.00
ORD-009197,2024-12-13,C01414,Mesh Wi-Fi Kit,4,320.00
ORD-009198,2024-12-13,C00250,Router,2,157.50
ORD-009198,2024-12-13,C00250,Microphone,5,104.00
ORD-009199,2024-12-13,C00881,Hard Drive,2,85.00
ORD-009199,2024-12-13,C00881,External SSD,4,140.00
ORD-009200,2024-12-13,C00703,Mouse,5,25.00
ORD-009201,2024-12-13,C00829,Tablet,3,480.00
ORD-009202,2024-12-13,C00620,Laptop,1,1200.00
ORD-009202,2024-12-13,C00620,USB-C Hub,3,45.00
ORD-009202,2024-12-13,C00620,Mesh Wi-Fi Kit,1,288.00
ORD-009203,2024-12-13,C01342,Bluetooth Speaker,1,110.00
ORD-009204,not-a-date,C00860,Headphones,1,142.50
ORD-009205,2024-12-13,C00669,Microphone,1,130.00
ORD-009205,2024-12-13,C00669,USB-C Hub,1,45.00
ORD-009206,2024-12-13,C01160,Microphone,4,130.00
ORD-009206,2024-12-13,C01160,Mesh Wi-Fi Kit,4,320.00
ORD-009207,2024-12-13,C00829,Hard Drive,1,68.00
ORD-009208,2024-12-13,C00255,Mouse,1,25.00
ORD-009208,2024-12-13,C00255,Ultrawide Monitor,1,589.00
ORD-009209,2024-12-13,C00768,Microphone,1,104.00
ORD-009210,2024-12-13,C01361,Mouse,4,25.00
ORD-009210,2024-12-13,C01361,Keyboard,1,80.00
ORD-009211,2024-12-13,C00297,Router,1,157.50
ORD-009212,2024-12-13,C01020,Webcam,2,85.50
ORD-009212,2024-12-13,C01020,Microphone,2,130.00
ORD-009213,2024-12-13,C01206,Router,2,175.00
ORD-009213,2024-12-13,C01206,Hard Drive,3,85.00
ORD-009214,2024-12-13,C00196,Mouse,5,22.50
ORD-009215,2024-12-13,C00829,USB-C Hub,1,45.00
ORD-009216,2024-12-13,C00519,Mouse,2,22.50
ORD-009216,2024-12-13,C00519,Headphones,1,150.00
ORD-009217,2024-12-13,C00703,Ultrawide Monitor,4,496.00
ORD-009218,2024-12-13,C00861,Mouse,4,25.00
ORD-009218,2024-12-13,C00861,Webcam,1,90.25
ORD-009219,2024-12-13,C00626,Mouse,1,25.00
ORD-009220,2024-12-13,C01342,USB-C Hub,1,45.00
ORD-009221,2024-12-13,C00314,Mouse,4,25.00
ORD-009221,2024-12-13,C00314,Bluetooth Speaker,3,110.00
ORD-009222,2024-12-13,C01124,Mesh Wi-Fi Kit,1,304.00
ORD-009222,2024-12-13,C01124,Headphones,2,135.00
ORD-009223,2024-12-13,C01219,Desktop PC,2,950.00
ORD-009224,2024-12-13,C01199,Headphones,2,150.00
ORD-009225,2024-12-13,C00419,External SSD,2,140.00
ORD-009226,2024-12-13,C00137,Mouse,5,25.00
ORD-009227,2024-12-14,C00703,External SSD,1,140.00
ORD-009228,2024-12-14,C01019,Ultrawide Monitor,1,620.00
ORD-009228,2024-12-14,C01019,Bluetooth Speaker,3,110.00
ORD-009229,2024-12-14,C01086,Keyboard,1,80.00
ORD-009229,2024-12-14,C01086,Mouse,1,25.00
ORD-009230,2024-12-14,C00609,Bluetooth Speaker,1,104.50
ORD-009230,2024-12-14,C00609,External SSD,2,126.00
ORD-009231,2024-12-14,C01160,External SSD,1,126.00
ORD-009231,2024-12-14,C01160,USB-C Hub,1,45.00
ORD-009231,2024-12-14,C01160,Webcam,2,95.00
ORD-009232,2024-12-14,C01160,Webcam,2,95.00
ORD-009233,2024-12-14,C00476,Keyboard,1,80.00
ORD-009234,2024-12-14,C01012,Keyboard,3,72.00
ORD-009234,2024-12-14,C01012,USB-C Hub,1,42.75
ORD-009235,2024-12-14,C00703,Mouse,1,25.00
ORD-009235,2024-12-14,C00703,Ultrawide Monitor,1,620.00
ORD-009235,2024-12-14,C00703,Webcam,1,95.00
ORD-009236,2024-12-14,C01160,Laptop,1,1080.00
ORD-009236,2024-12-14,C01160,Desktop PC,1,950.00
ORD-009237,2024-12-14,C00591,Tablet,1,480.00
ORD-009237,2024-12-14,C00591,Webcam,1,90.25
ORD-009238,2024-12-14,C00703,Monitor,1,300.00
ORD-009238,2024-12-14,C00703,Keyboard,1,80.00
ORD-009239,2024-12-14,C00881,Webcam,4,85.50
ORD-009239,2024-12-14,C00881,Headphones,1,150.00
ORD-009240,2024-12-14,C01124,Keyboard,3,64.00
ORD-009240,2024-12-14,C01124,Mouse,3,25.00
ORD-009240,2024-12-14,C01124,Desktop PC,3,902.50
ORD-009241,2024-12-14,C01225,Mouse,2,25.00
ORD-009242,2024-12-14,C00928,USB-C Hub,1,45.00
ORD-009243,2024-12-14,C01160,External SSD,1,140.00
ORD-009244,2024-12-14,C00702,Headphones,1,142.50
ORD-009245,2024-12-14,C00035,Mesh Wi-Fi Kit,1,320.00
ORD-009245,2024-12-14,C00035,Mouse,1,25.00
ORD-009246,2024-12-14,C00829,Webcam,1,85.50
ORD-009247,2024-12-14,C00654,Hard Drive,1,85.00
ORD-009248,2024-12-14,C00240,Headphones,1,150.00
ORD-009249,2024-12-14,C00365,Headphones,1,150.00
ORD-009249,2024-12-14,C00365,Hard Drive,1,85.00
ORD-009249,2024-12-14,C00365,Mouse,3,25.00
ORD-009250,2024-12-14,C00703,USB-C Hub,4,40.50
ORD-009251,2024-12-14,C00002,Mouse,2,25.00
ORD-009251,2024-12-14,C00002,Microphone,1,130.00
ORD-009251,2024-12-14,C00002,Router,3,166.25
ORD-009252,2024-12-14,C00829,Headphones,2,150.00
ORD-009252,2024-12-14,C00829,External SSD,1,140.00
ORD-009253,2024-12-14,C00703,Tablet,3,480.00
ORD-009253,2024-12-14,C00703,Laptop,1,1080.00
ORD-009254,2024-12-14,C00975,Laptop,1,1200.00
ORD-009254,2024-12-14,C00975,Mouse,1,25.00
ORD-009255,2024-12-14,C01464,Ultrawide Monitor,1,620.00
ORD-009256,2024-12-14,C00529,Mouse,2,25.00
ORD-009257,2024-12-14,C01188,Mouse,1,25.00
ORD-009258,2024-12-14,C00348,Router,3,175.00
ORD-009259,2024-12-14,C00829,Mouse,3,22.50
ORD-009259,2024-12-14,C00829,Headphones,4,150.00
ORD-009260,2024-12-14,C00808,Mouse,1,25.00
ORD-009261,2024-12-14,C01175,Microphone,1,130.00
ORD-009261,2024-12-14,C01175,Keyboard,1,80.00
ORD-009261,2024-12-14,C01175,Ultrawide Monitor,1,620.00
ORD-009262,2024-12-14,C01206,Mouse,1,25.00
ORD-009263,2024-12-14,C01224,Tablet,1,480.00
ORD-009264,2024-12-14,C00703,Microphone,1,130.00
ORD-009264,2024-12-14,C00703,Mouse,1,25.00
ORD-009265,2024-12-14,C00552,Mouse,3,25.00
ORD-009266,2024-12-14,C00973,USB-C Hub,1,45.00
ORD-009267,2024-12-14,C00829,Bluetooth Speaker,1,110.00
ORD-009268,2024-12-14,C00829,Hard Drive,5,85.00
ORD-009269,2024-12-14,C00640,Keyboard,1,80.00
ORD-009269,2024-12-14,C00640,Router,1,175.00
ORD-009269,2024-12-14,C00640,Mesh Wi-Fi Kit,5,320.00
ORD-009270,2024-12-14,C01160,Hard Drive,2,80.75
ORD-009270,2024-12-14,C01160,Bluetooth Speaker,1,110.00
ORD-009271,2024-12-14,C00846,Mouse,1,20.00
ORD-009271,2024-12-14,C00846,Keyboard,2,80.00
ORD-009272,2024-12-14,C00184,Bluetooth Speaker,1,110.00
ORD-009273,2024-12-14,C00719,Desktop PC,3,855.00
ORD-009274,2024-12-14,C01226,External SSD,5,133.00
ORD-009275,2024-12-14,C01160,Ultrawide Monitor,2,620.00
ORD-009276,2024-12-14,C01199,Webcam,2,95.00
ORD-009277,2024-12-14,C00829,Microphone,2,130.00
ORD-009277,2024-12-14,C00829,USB-C Hub,2,45.00
ORD-009278,2024-12-14,C00317,Webcam,4,95.00
ORD-009279,2024-12-15,C00839,Hard Drive,1,85.00
ORD-009280,2024-12-15,C00445,Bluetooth Speaker,2,104.50
ORD-009281,2024-12-15,C00234,Laptop,1,1200.00
ORD-009281,2024-12-15,C00234,Microphone,1,123.50
ORD-009282,2024-12-15,C00703,Laptop,1,1080.00
ORD-009282,2024-12-15,C00703,Hard Drive,1,80.75
ORD-009282,2024-12-15,C00703,Bluetooth Speaker,1,110.00
ORD-009283,2024-12-15,C01361,Ultrawide Monitor,1,620.00
ORD-009284,2024-12-15,C00397,Mouse,2,22.50
ORD-009285,2024-12-15,C00703,Webcam,1,95.00
ORD-009286,2024-12-15,C01289,Mesh Wi-Fi Kit,1,320.00
ORD-009286,2024-12-15,C01289,Bluetooth Speaker,1,110.00
ORD-009287,2024-12-15,C00200,Mouse,1,25.00
ORD-009288,2024-12-15,C00609,Router,3,175.00
ORD-009289,2024-12-15,C01160,Mouse,1,25.00
ORD-009290,2024-12-15,C00414,Monitor,2,300.00
ORD-009290,2024-12-15,C00414,Hard Drive,2,85.00
ORD-009291,2024-12-15,C00172,Monitor,1,270.00
ORD-009292,2024-12-15,C00829,USB-C Hub,1,45.00
ORD-009293,2024-12-15,C00410,Mouse,2,25.00
ORD-009293,2024-12-15,C00410,USB-C Hub,5,45.00
ORD-009294,2024-12-15,C00514,Mesh Wi-Fi Kit,4,320.00
ORD-009294,2024-12-15,C00514,Microphone,2,130.00
ORD-009295,2024-12-15,C01124,Hard Drive,3,85.00
ORD-009296,2024-12-15,C00411,USB-C Hub,1,45.00
ORD-009296,2024-12-15,C00411,Webcam,1,95.00
ORD-009297,2024-12-15,C00829,Desktop PC,2,950.00
ORD-009297,2024-12-15,C00829,Router,1,166.25
ORD-009298,2024-12-15,C00703,Webcam,1,85.50
ORD-009299,2024-12-15,C01306,Hard Drive,1,85.00
ORD-009299,2024-12-15,C01306,Keyboard,2,80.00
ORD-009300,2024-12-15,C00339,USB-C Hub,4,40.50
ORD-009300,2024-12-15,C00339,Webcam,2,95.00
ORD-009300,2024-12-15,C00339,Hard Drive,2,85.00
ORD-009301,2024-12-15,C00870,Mesh Wi-Fi Kit,2,320.00
ORD-009302,2024-12-15,C00947,USB-C Hub,5,45.00
ORD-009303,2024-12-15,C00323,Webcam,1,95.00
ORD-009303,2024-12-15,C00323,USB-C Hub,1,45.00
ORD-009304,2024-12-15,C00703,Mesh Wi-Fi Kit,4,304.00
ORD-009305,2024-12-15,C01124,Headphones,1,150.00
ORD-009306,2024-12-15,C00752,External SSD,1,140.00
ORD-009307,2024-12-15,C00829,Mouse,2,25.00
ORD-009308,2024-12-15,C01123,Microphone,2,130.00
ORD-009309,2024-12-15,C00137,Bluetooth Speaker,1,110.00
ORD-009309,2024-12-15,C00137,Mouse,2,22.50
ORD-009309,2024-12-15,C00137,Hard Drive,1,85.00
ORD-009310,2024-12-15,C00694,USB-C Hub,1,45.00
ORD-009311,2024-12-15,C00180,Microphone,1,130.00
ORD-009312,2024-12-15,C00346,Webcam,2,95.00
ORD-009312,2024-12-15,C00346,Headphones,2,120.00
ORD-009313,2024-12-15,C01076,Webcam,2,95.00
ORD-009314,2024-12-15,C01124,  Microphone ,5,130.00
ORD-009315,2024-12-15,C01477,Hard Drive,1,85.00
ORD-009316,2024-12-15,C00766,Microphone,2,130.00
ORD-009317,2024-12-15,C00993,Desktop PC,1,950.00
ORD-009318,2024-12-15,C01134,Mouse,3,25.00
ORD-009319,2024-12-15,C01216,Webcam,5,95.00
ORD-009320,2024-12-15,C00829,Monitor,1,270.00
ORD-009321,2024-12-15,C01332,USB-C Hub,1,42.75
ORD-009321,2024-12-15,C01332,External SSD,3,140.00
ORD-009322,2024-12-15,C01186,Monitor,1,300.00
ORD-009322,2024-12-15,C01186,Mesh Wi-Fi Kit,2,304.00
ORD-009323,2024-12-15,C00001,USB-C Hub,1,42.75
ORD-009324,2024-12-15,C01129,Router,2,175.00
ORD-009324,2024-12-15,C01129,Keyboard,4,80.00
ORD-009324,2024-12-15,C01129,Headphones,1,142.50
ORD-009325,2024-12-15,C01490,Ultrawide Monitor,3,589.00
ORD-009325,2024-12-15,C01490,Bluetooth Speaker,1,110.00
ORD-009325,2024-12-15,C01490,Router,1,175.00
ORD-009326,2024-12-15,C00859,Webcam,1,95.00
ORD-009326,2024-12-15,C00859,Bluetooth Speaker,2,110.00
ORD-009326,2024-12-15,C00859,USB-C Hub,1,45.00
ORD-009327,2024-12-15,C01483,Microphone,1,130.00
ORD-009328,2024-12-16,C01160,Headphones,1,150.00
ORD-009329,2024-12-16,C01280,Microphone,1,130.00
ORD-009329,2024-12-16,C01280,Router,1,175.00
ORD-009330,2024-12-16,C00419,Bluetooth Speaker,1,110.00
ORD-009331,2024-12-16,C00881,Keyboard,1,76.00
ORD-009332,2024-12-16,C00829,Headphones,1,150.00
ORD-009333,2024-12-16,C01327,External SSD,1,140.00
ORD-009334,2024-12-16,C00136,USB-C Hub,5,45.00
ORD-009335,2024-12-16,C00212,Laptop,1,1200.00
ORD-009336,2024-12-16,C00973,Mesh Wi-Fi Kit,1,320.00
ORD-009336,2024-12-16,C00973,Keyboard,3,80.00
ORD-009337,2024-12-16,C01289,Headphones,1,142.50
ORD-009338,2024-12-16,C00323,USB-C Hub,3,45.00
ORD-009338,2024-12-16,C00323,Mouse,1,25.00
ORD-009339,2024-12-16,C00266,Mouse,1,25.00
ORD-009340,2024-12-16,C00348,Mouse,1,22.50
ORD-009340,2024-12-16,C00348,Mesh Wi-Fi Kit,1,304.00
ORD-009341,2024-12-16,C00703,Hard Drive,1,85.00
ORD-009342,2024-12-16,C01013,Mouse,1,25.00
ORD-009342,2024-12-16,C01013,Microphone,2,130.00
ORD-009343,2024-12-16,C00829,Mouse,5,25.00
ORD-009344,2024-12-16,C00746,Ultrawide Monitor,5,620.00
ORD-009345,2024-12-16,C01260,Hard Drive,2,85.00
ORD-009346,2024-12-16,C00673,Microphone,1,117.00
ORD-009346,2024-12-16,C00673,Monitor,4,285.00
ORD-009347,2024-12-16,C00514,External SSD,1,140.00
ORD-009347,2024-12-16,C00514,Microphone,1,117.00
ORD-009347,2024-12-16,C00514,Monitor,1,300.00
ORD-009348,2024-12-16,C01432,USB-C Hub,3,45.00
ORD-009348,2024-12-16,C01432,External SSD,1,140.00
ORD-009349,2024-12-16,C00189,External SSD,5,140.00
ORD-009350,2024-12-16,C00829,Ultrawide Monitor,1,496.00
ORD-009350,2024-12-16,C00829,USB-C Hub,2,42.75
ORD-009351,2024-12-16,C00600,Webcam,4,95.00
ORD-009351,2024-12-16,C00600,Bluetooth Speaker,3,110.00
ORD-009352,2024-12-16,C00829,Router,2,157.50
ORD-009352,2024-12-16,C00829,Mesh Wi-Fi Kit,1,320.00
ORD-009353,2024-12-16,C00703,Mouse,1,25.00
ORD-009354,2024-12-16,C01064,Hard Drive,2,85.00
ORD-009354,2024-12-16,C01064,Webcam,2,95.00
ORD-009355,2024-12-16,C00591,Router,3,175.00
ORD-009355,2024-12-16,C00591,Mouse,1,25.00
ORD-009356,2024-12-16,C00999,USB-C Hub,1,36.00
ORD-009357,2024-12-16,C01337,Webcam,4,95.00
ORD-009357,2024-12-16,C01337,Hard Drive,1,80.75
ORD-009358,2024-12-16,C00703,External SSD,2,133.00
ORD-009358,2024-12-16,C00703,USB-C Hub,1,45.00
ORD-009358,2024-12-16,C00703,Headphones,1,142.50
ORD-009359,2024-12-16,C01296,Ultrawide Monitor,2,589.00
ORD-009360,2024-12-16,C00907,Microphone,1,123.50
ORD-009360,2024-12-16,C00907,External SSD,2,140.00
ORD-009360,2024-12-16,C00907,USB-C Hub,1,42.75
ORD-009361,2024-12-16,C00750,USB-C Hub,1,45.00
ORD-009362,2024-12-16,C00610,Hard Drive,1,85.00
ORD-009363,2024-12-17,C00694,Router,2,175.00
ORD-009363,2024-12-17,C00694,Hard Drive,1,68.00
ORD-009364,2024-12-17,C01289,Router,1,175.00
ORD-009364,2024-12-17,C01289,Mesh Wi-Fi Kit,1,320.00
ORD-009365,not-a-date,C01160,USB-C Hub,1,45.00
ORD-009365,2024-12-17,C01160,Microphone,2,130.00
ORD-009366,2024-12-17,C00458,Mouse,2,25.00
ORD-009367,2024-12-17,C00635,Laptop,1,1140.00
ORD-009368,2024-12-17,C00600,Router,1,175.00
ORD-009369,2024-12-17,C00966,Bluetooth Speaker,2,110.00
ORD-009369,2024-12-17,C00966,USB-C Hub,1,45.00
ORD-009370,2024-12-17,C01356,Monitor,2,270.00
ORD-009370,2024-12-17,C01356,Bluetooth Speaker,1,110.00
ORD-009371,2024-12-17,C00829,Mouse,1,25.00
ORD-009371,2024-12-17,C00829,External SSD,3,140.00
ORD-009372,2024-12-17,C00577,Mouse,1,25.00
ORD-009373,2024-12-17,C00703,External SSD,1,140.00
ORD-009374,2024-12-17,C00813,Microphone,1,130.00
ORD-009374,2024-12-17,C00813,Desktop PC,1,950.00
ORD-009375,2024-12-17,C00829,Hard Drive,1,85.00
ORD-009375,2024-12-17,C00829,Mouse,1,25.00
ORD-009376,2024-12-17,C01186,Mouse,2,25.00
ORD-009377,2024-12-17,C00591,Mesh Wi-Fi Kit,2,304.00
ORD-009378,2024-12-17,C00499,USB-C Hub,1,45.00
ORD-009378,2024-12-17,C00499,Mouse,1,25.00
ORD-009378,2024-12-17,C00499,Webcam,1,95.00
ORD-009379,2024-12-17,C00064,Monitor,2,270.00
ORD-009379,2024-12-17,C00064,Mouse,2,25.00
ORD-009379,2024-12-17,C00064,Microphone,2,130.00
ORD-009380,2024-12-17,C00693,USB-C Hub,2,45.00
ORD-009381,2024-12-17,C00567,USB-C Hub,3,45.00
ORD-009381,2024-12-17,C00567,Desktop PC,2,950.00
ORD-009382,2024-12-17,C01155,USB-C Hub,1,45.00
ORD-009382,2024-12-17,C01155,Bluetooth Speaker,1,110.00
ORD-009383,2024-12-17,C01160,Desktop PC,1,950.00
ORD-009384,2024-12-17,C00758,Desktop PC,1,902.50
ORD-009384,2024-12-17,C00758,External SSD,1,140.00
ORD-009385,2024-12-17,C00331,USB-C Hub,1,45.00
ORD-009386,2024-12-17,C01289,Hard Drive,1,85.00
ORD-009387,2024-12-17,C01106,Microphone,1,130.00
ORD-009387,2024-13-45,C01106,Laptop,4,1080.00
ORD-009388,2024-12-17,C00445,Mouse,2,25.00
ORD-009388,2024-12-17,C00445,Microphone,2,130.00
ORD-009389,not-a-date,C00703,Monitor,1,300.00
ORD-009389,2024-12-17,C00703,Hard Drive,1,85.00
ORD-009390,2024-12-17,C00829,Microphone,1,123.50
ORD-009391,2024-12-17,C00286,Bluetooth Speaker,1,110.00
ORD-009391,2024-12-17,C00286,Keyboard,3,80.00
ORD-009391,2024-12-17,C00286,External SSD,2,133.00
ORD-009392,2024-12-17,C00458,Hard Drive,3,80.75
ORD-009393,2024-12-17,C01409,Headphones,1,150.00
ORD-009394,2024-12-17,C00829,Router,3,166.25
ORD-009394,2024-12-17,C00829,USB-C Hub,1,45.00
ORD-009394,2024-12-17,C00829,Mouse,1,25.00
ORD-009395,2024-12-17,C00041,Ultrawide Monitor,1,620.00
ORD-009396,2024-12-18,C01289,Webcam,1,95.00
ORD-009397,2024-12-18,C00565,Headphones,1,150.00
ORD-009398,2024-12-18,C01436,Headphones,1,142.50
ORD-009398,2024-12-18,C01436,Router,2,140.00
ORD-009399,2024-12-18,C00276,Monitor,1,300.00
ORD-009400,2024-12-18,C00829,Mouse,1,25.00
ORD-009401,2024-12-18,C01471,Router,1,157.50
ORD-009402,2024-12-18,C00079,Keyboard,2,72.00
ORD-009402,2024-12-18,C00079,Tablet,1,480.00
ORD-009403,2024-12-18,C01124,Microphone,3,130.00
ORD-009404,2024-12-18,C00884,Hard Drive,1,76.50
ORD-009404,2024-12-18,C00884,Mouse,1,25.00
ORD-009404,2024-12-18,C00884,USB-C Hub,1,45.00
ORD-009405,2024-12-18,C00390,Hard Drive,1,85.00
ORD-009406,2024-12-18,C00342,Keyboard,0,80.00
ORD-009406,2024-12-18,C00342,Tablet,1,432.00
ORD-009407,2024-12-18,C00489,Mouse,2,25.00
ORD-009408,2024-12-18,C01362,Mouse,1,25.00
ORD-009409,2024-12-18,C00236,Headphones,1,150.00
ORD-009410,2024-12-18,C01160,Webcam,1,95.00
ORD-009411,2024-12-18,C01044,Headphones,1,150.00
ORD-009412,2024-12-18,C00391,Mouse,2,25.00
ORD-009413,2024-12-18,C01160,Hard Drive,2,85.00
ORD-009414,2024-12-18,C01454,Hard Drive,3,85.00
ORD-009415,2024-12-18,C01379,USB-C Hub,1,40.50
ORD-009416,2024-12-18,C01007,Mouse,1,25.00
ORD-009417,2024-12-18,C00926,Router,2,175.00
ORD-009418,2024-12-18,C00703,Hard Drive,1,85.00
ORD-009418,2024-12-18,C00703,Mouse,2,25.00
ORD-009418,2024-12-18,C00703,Headphones,1,150.00
ORD-009419,2024-12-18,C01297,Mesh Wi-Fi Kit,1,320.00
ORD-009420,2024-12-18,C01282,Keyboard,2,80.00
ORD-009420,2024-12-18,C01282,Mouse,1,25.00
ORD-009421,2024-12-18,C01160,Headphones,1,150.00
ORD-009422,2024-12-18,C00137,USB-C Hub,1,45.00
ORD-009423,2024-12-18,C00008,USB-C Hub,1,45.00
ORD-009423,2024-12-18,C00008,Webcam,1,95.00
ORD-009423,2024-12-18,C00008,Hard Drive,1,85.00
ORD-009424,2024-12-18,C01036,Webcam,1,95.00
ORD-009424,2024-12-18,C01036,Monitor,2,300.00
ORD-009425,2024-12-18,C00151,Hard Drive,2,85.00
ORD-009426,2024-12-18,C00531,USB-C Hub,1,45.00
ORD-009426,2024-12-18,C00531,Ultrawide Monitor,5,589.00
ORD-009427,2024-12-18,C00449,Webcam,2,95.00
ORD-009428,2024-12-18,C00703,Monitor,4,285.00
ORD-009428,2024-12-18,C00703,Microphone,1,130.00
ORD-009429,2024-12-18,C00829,Mouse,3,22.50
ORD-009430,2024-12-18,C01415,Keyboard,1,80.00
ORD-009430,2024-12-18,C01415,Hard Drive,2,85.00
ORD-009431,2024-12-19,C00927,Router,1,175.00
ORD-009432,2024-12-19,C00640,USB-C Hub,1,45.00
ORD-009433,2024-12-19,C00794,Router,3,166.25
ORD-009434,2024-12-19,C01285,USB-C Hub,3,40.50
ORD-009435,2024-12-19,C01342,Webcam,1,95.00
ORD-009436,2024-12-19,C00829,Microphone,1,130.00
ORD-009436,2024-12-19,C00829,USB-C Hub,1,45.00
ORD-009436,2024-12-19,C00829,Hard Drive,1,85.00
ORD-009437,2024-12-19,C01465,Hard Drive,1,85.00
ORD-009438,2024-12-19,C01289,Bluetooth Speaker,1,99.00
ORD-009439,2024-12-19,C00591,Mouse,3,23.75
ORD-009439,2024-12-19,C00591,Webcam,1,95.00
ORD-009440,2024-12-19,C01103,Microphone,1,117.00
ORD-009441,2024-12-19,C01151,Mouse,1,23.75
ORD-009442,2024-12-19,C00033,Mouse,1,25.00
ORD-009443,2024-12-19,C00623,USB-C Hub,2,45.00
ORD-009444,2024-12-19,C01342,Keyboard,1,80.00
ORD-009444,2024-12-19,C01342,USB-C Hub,1,40.50
ORD-009445,2024-12-19,C01386,Headphones,1,150.00
ORD-009446,2024-12-19,C00881,Keyboard,2,76.00
ORD-009447,2024-12-19,C00829,Desktop PC,1,855.00
ORD-009447,2024-12-19,C00829,Hard Drive,5,80.75
ORD-009447,2024-12-19,C00829,Webcam,1,85.50
ORD-009448,2024-12-19,C01160,Mouse,1,23.75
ORD-009449,2024-12-19,C00829,External SSD,1,140.00
ORD-009449,2024-12-19,C00829,USB-C Hub,4,45.00
ORD-009450,2024-12-19,C00458,Bluetooth Speaker,1,110.00
ORD-009451,2024-12-19,C00137,Mouse,1,23.75
ORD-009451,2024-12-19,C00137,Headphones,1,150.00
ORD-009452,2024-12-19,C01361,Bluetooth Speaker,1,110.00
ORD-009452,2024-12-19,C01361,Webcam,2,85.50
ORD-009452,2024-12-19,C01361,Router,1,175.00
ORD-009453,2024-12-19,C01160,Monitor,2,300.00
ORD-009454,2024-12-19,C01296,Bluetooth Speaker,2,110.00
ORD-009455,2024-12-19,C00989,Hard Drive,3,85.00
ORD-009455,2024-12-19,C00989,Monitor,5,300.00
ORD-009456,2024-12-19,C00703,Webcam,3,95.00
ORD-009457,2024-12-19,C00859,External SSD,1,133.00
ORD-009458,2024-12-19,C00703,Keyboard,4,80.00
ORD-009458,2024-12-19,C00703,Router,1,157.50
ORD-009459,2024-12-19,C00591,Ultrawide Monitor,5,620.00
ORD-009459,2024-12-19,C00591,USB-C Hub,1,45.00
ORD-009460,2024-12-19,C00703,External SSD,2,140.00
ORD-009461,2024-12-19,C00703,Router,1,175.00
ORD-009461,2024-12-19,C00703,External SSD,5,126.00
ORD-009461,2024-12-19,C00703,Webcam,1,95.00
ORD-009462,2024-12-19,C00829,USB-C Hub,2,45.00
ORD-009463,2024-12-19,C00703,Mouse,2,25.00
ORD-009464,2024-12-19,C00776,Mouse,3,22.50
ORD-009465,2024-12-19,C00829,External SSD,4,140.00
ORD-009466,2024-12-19,C00829,Monitor,1,285.00
ORD-009467,2024-12-20,C00703,Router,1,166.25
ORD-009468,2024-12-20,C00881,Monitor,1,300.00
ORD-009469,2024-12-20,C00419,Keyboard,1,80.00
ORD-009469,2024-12-20,C00419,Bluetooth Speaker,1,104.50
ORD-009469,2024-12-20,C00419,Mesh Wi-Fi Kit,1,304.00
ORD-009470,2024-12-20,C01343,USB-C Hub,1,40.50
ORD-009471,2024-12-20,C00829,Headphones,1,150.00
ORD-009472,2024-12-20,C00829,Keyboard,1,80.00
ORD-009473,2024-12-20,C00921,Monitor,1,300.00
ORD-009473,2024-12-20,C00921,Router,1,175.00
ORD-009473,2024-12-20,C00921,Hard Drive,1,80.75
ORD-009474,2024-12-20,C01292,Headphones,1,150.00
ORD-009475,2024-12-20,C00657,Webcam,1,95.00
ORD-009476,2024-12-20,C01055,Router,1,175.00
ORD-009477,2024-12-20,C01160,Headphones,1,135.00
ORD-009477,2024-12-20,C01160,Webcam,3,95.00
ORD-009477,2024-12-20,C01160,USB-C Hub,2,45.00
ORD-009478,2024-12-20,C01342,Router,2,166.25
ORD-009479,2024-12-20,C00829,Headphones,1,150.00
ORD-009480,2024-12-20,C00881,Keyboard,3,80.00
ORD-009480,2024-12-20,C00881,Desktop PC,1,950.00
ORD-009481,2024-12-20,C01160,USB-C Hub,4,45.00
ORD-009482,2024-12-20,C00703,Laptop,1,1200.00
ORD-009482,2024-12-20,C00703,USB-C Hub,2,40.50
ORD-009483,2024-12-20,C00829,Bluetooth Speaker,2,110.00
ORD-009484,2024-12-20,C01110,Webcam,2,95.00
ORD-009484,2024-12-20,C01110,Hard Drive,3,85.00
ORD-009485,2024-12-20,C00703,Mesh Wi-Fi Kit,4,320.00
ORD-009486,2024-12-20,C01206,Mouse,1,25.00
ORD-009487,2024-12-20,C01289,Mouse,1,25.00
ORD-009488,2024-12-20,C00829,Hard Drive,2,85.00
ORD-009488,2024-12-20,C00829,Monitor,1,300.00
ORD-009489,2024-12-20,C01160,Hard Drive,1,80.75
ORD-009490,2024-12-20,C00607,Laptop,2,1140.00
ORD-009491,2024-12-20,C00352,Webcam,1,95.00
ORD-009492,2024-12-20,C00511,Monitor,1,300.00
ORD-009492,2024-12-20,C00511,Mouse,4,25.00
ORD-009493,2024-12-20,C01271,Mouse,1,22.50
ORD-009494,2024-12-20,C00703,USB-C Hub,1,45.00
ORD-009495,2024-12-20,C01351,External SSD,1,140.00
ORD-009496,2024-12-20,C01387,Mouse,1,25.00
ORD-009496,2024-12-20,C01387,Mesh Wi-Fi Kit,1,320.00
ORD-009496,2024-12-20,C01387,Webcam,3,95.00
ORD-009497,2024-12-20,C00585,Router,1,166.25
ORD-009497,2024-12-20,C00585,USB-C Hub,2,45.00
ORD-009498,2024-12-20,C00886,Mouse,4,25.00
ORD-009498,2024-12-20,C00886,USB-C Hub,1,40.50
ORD-009499,2024-12-20,C01039,Microphone,1,130.00
ORD-009500,2024-12-20,C00703,Mouse,1,25.00
ORD-009500,2024-12-20,C00703,Router,1,175.00
ORD-009501,2024-12-20,C00829,USB-C Hub,3,36.00
ORD-009502,2024-12-20,C00703,Ultrawide Monitor,5,558.00
ORD-009502,2024-12-20,C00703,Mouse,2,22.50
ORD-009503,2024-12-20,C01160,Webcam,1,95.00
ORD-009504,2024-12-20,C00471,Mouse,1,25.00
ORD-009504,2024-12-20,C00471,Microphone,5,117.00
ORD-009505,2024-12-20,C01160,Webcam,2,95.00
ORD-009506,2024-12-20,C01099,Webcam,1,95.00
ORD-009507,2024-12-20,C00210,Router,3,157.50
ORD-009507,2024-12-20,C00210,Keyboard,1,80.00
ORD-009508,2024-12-20,C00752,USB-C Hub,1,45.00
ORD-009508,2024-12-20,C00752,External SSD,1,133.00
ORD-009509,2024-12-20,C00703,Ultrawide Monitor,4,558.00
ORD-009509,2024-12-20,C00703,Webcam,1,95.00
ORD-009510,2024-12-20,C00139,Laptop,5,1200.00
ORD-009511,2024-12-20,C00297,Webcam,1,95.00
ORD-009511,2024-12-20,C00297,Tablet,1,480.00
ORD-009511,2024-12-20,C00297,Keyboard,1,76.00
ORD-009512,2024-12-20,C00829,External SSD,1,140.00
ORD-009513,2024-12-20,C01333,Hard Drive,2,80.75
ORD-009513,2024-12-20,C01333,Mouse,2,23.75
ORD-009514,2024-12-20,C00373,USB-C Hub,1,45.00
ORD-009515,2024-12-20,C01251,Microphone,3,123.50
ORD-009515,2024-12-20,C01251,Webcam,2,95.00
ORD-009516,2024-12-20,C00419,Bluetooth Speaker,2,99.00
ORD-009517,2024-12-21,C00600,USB-C Hub,2,45.00
ORD-009517,2024-12-21,C00600,Mouse,1,22.50
ORD-009518,2024-12-21,C00388,Hard Drive,1,85.00
ORD-009519,2024-12-21,C00001,Mouse,1,25.00
ORD-009520,2024-12-21,C00752,Monitor,2,300.00
ORD-009520,2024-12-21,C00752,Bluetooth Speaker,2,110.00
ORD-009521,2024-12-21,C00993,Hard Drive,1,85.00
ORD-009522,2024-12-21,C00362,Router,1,175.00
ORD-009523,2024-12-21,C00829,Mesh Wi-Fi Kit,1,320.00
ORD-009523,2024-12-21,C00829,Headphones,2,135.00
ORD-009524,2024-12-21,C00303,Monitor,5,300.00
ORD-009524,2024-12-21,C00303,Mouse,1,25.00
ORD-009525,2024-12-21,C01160,Headphones,1,135.00
ORD-009526,2024-12-21,C00829,Hard Drive,1,85.00
ORD-009527,2024-12-21,C01080,Mouse,1,25.00
ORD-009527,2024-12-21,C01080,Monitor,1,300.00
ORD-009527,2024-12-21,C01080,USB-C Hub,2,45.00
ORD-009528,2024-12-21,C00419,Mouse,1,25.00
ORD-009529,2024-12-21,C00389,Mouse,1,25.00
ORD-009530,2024-12-21,C01311,Bluetooth Speaker,1,110.00
ORD-009530,2024-12-21,C01311,Monitor,1,300.00
ORD-009531,2024-12-21,C00064,Microphone,1,130.00
ORD-009532,2024-12-21,C00829,Mesh Wi-Fi Kit,2,320.00
ORD-009533,2024-12-21,C01071,Hard Drive,1,80.75
ORD-009533,2024-12-21,C01071,Webcam,2,85.50
ORD-009534,2024-12-21,C00079,Router,2,175.00
ORD-009535,2024-12-21,C01225,Monitor,2,270.00
ORD-009536,2024-12-21,C01067,Mouse,1,25.00
ORD-009537,2024-12-21,C00200,Hard Drive,1,85.00
ORD-009537,2024-12-21,C00200,Microphone,1,130.00
ORD-009537,2024-12-21,C00200,Desktop PC,1,902.50
ORD-009538,2024-12-21,C00829,Webcam,2,85.50
ORD-009538,2024-12-21,C00829,Ultrawide Monitor,2,620.00
ORD-009539,2024-12-21,C00703,Microphone,1,123.50
ORD-009539,2024-12-21,C00703,Mouse,1,25.00
ORD-009540,2024-12-21,C00202,External SSD,1,140.00
ORD-009541,2024-12-21,C01206,Mesh Wi-Fi Kit,1,320.00
ORD-009541,2024-12-21,C01206,External SSD,1,140.00
ORD-009541,2024-12-21,C01206,USB-C Hub,2,45.00
ORD-009542,2024-12-21,C01455,Router,2,166.25
ORD-009543,2024-12-21,C00348,Headphones,5,150.00
ORD-009543,2024-12-21,C00348,External SSD,1,140.00
ORD-009544,2024-12-21,C01085,Mouse,1,23.75
ORD-009544,2024-12-21,C01085,Tablet,1,480.00
ORD-009544,2024-12-21,C01085,Bluetooth Speaker,1,110.00
ORD-009545,2024-12-21,C00758,Microphone,5,123.50
ORD-009546,2024-12-21,C01289,Mouse,2,25.00
ORD-009547,2024-12-21,C00077,Microphone,3,117.00
ORD-009547,2024-12-21,C00077,Hard Drive,2,85.00
ORD-009547,2024-12-21,C00077,Bluetooth Speaker,4,99.00
ORD-009548,2024-12-21,C01318,Bluetooth Speaker,1,110.00
ORD-009548,2024-12-21,C01318,USB-C Hub,1,45.00
ORD-009549,2024-12-21,C00331,Monitor,4,270.00
ORD-009550,2024-12-21,C00966,Router,2,175.00
ORD-009551,2024-12-21,C01160,Hard Drive,1,80.75
ORD-009551,2024-12-21,C01160,Keyboard,1,80.00
ORD-009552,2024-12-21,C00607,Microphone,4,130.00
ORD-009553,2024-12-21,C00778,Keyboard,4,76.00
ORD-009554,2024-12-21,C00957,Headphones,1,135.00
ORD-009554,2024-12-21,C00957,Bluetooth Speaker,2,110.00
ORD-009555,2024-12-21,C00693,Mouse,1,20.00
ORD-009556,2024-12-21,C00443,Mouse,1,23.75
ORD-009556,2024-12-21,C00443,Bluetooth Speaker,2,110.00
ORD-009557,2024-12-21,C00023,Headphones,1,142.50
ORD-009557,2024-12-21,C00023,Hard Drive,1,80.75
ORD-009558,2024-12-21,C00693,External SSD,2,140.00
ORD-009559,2024-12-21,C00484,Webcam,1,95.00
ORD-009560,2024-12-21,C00829,Router,1,175.00
ORD-009561,2024-12-21,C01406,Bluetooth Speaker,3,110.00
ORD-009562,2024-12-21,C00703,Mouse,1,25.00
ORD-009563,2024-12-21,C01100,Monitor,1,300.00
ORD-009563,2024-12-21,C01100,Tablet,1,480.00
ORD-009564,2024-12-21,C01160,Microphone,2,104.00
ORD-009565,2024-12-21,C00865,USB-C Hub,4,45.00
ORD-009565,2024-12-21,C00865,Router,1,175.00
ORD-009566,2024-12-21,C01208,Mesh Wi-Fi Kit,1,288.00
ORD-009567,2024-12-21,C01257,Mouse,1,25.00
ORD-009567,2024-12-21,C01257,Hard Drive,2,76.50
ORD-009567,2024-12-21,C01257,Bluetooth Speaker,2,110.00
ORD-009568,2024-12-21,C01124,Hard Drive,5,85.00
ORD-009569,2024-12-21,C00829,Tablet,1,480.00
ORD-009570,2024-12-21,C01271,Mouse,1,23.75
ORD-009570,2024-12-21,C01271,Mesh Wi-Fi Kit,2,320.00
ORD-009571,2024-12-22,C00087,USB-C Hub,3,36.00
ORD-009572,2024-12-22,C00064,Ultrawide Monitor,1,620.00
ORD-009572,2024-12-22,C00064,Router,1,140.00
ORD-009573,2024-12-22,C00379,Mouse,5,25.00
ORD-009574,2024-12-22,C00829,Mouse,2,23.75
ORD-009574,2024-12-22,C00829,Headphones,1,150.00
ORD-009575,2024-12-22,C00757,Tablet,1,384.00
ORD-009575,2024-12-22,C00757,Headphones,1,150.00
ORD-009576,2024-12-22,C01066,Ultrawide Monitor,1,589.00
ORD-009577,2024-12-22,C01160,Mesh Wi-Fi Kit,5,320.00
ORD-009578,2024-12-22,C00167,Ultrawide Monitor,2,589.00
ORD-009579,2024-12-22,C00776,Keyboard,1,80.00
ORD-009579,2024-12-22,C00776,Mouse,1,25.00
ORD-009579,2024-12-22,C00776,Laptop,1,1200.00
ORD-009580,2024-12-22,C00154,Keyboard,3,64.00
ORD-009580,2024-12-22,C00154,Headphones,2,142.50
ORD-009581,2024-12-22,C00520,External SSD,4,140.00
ORD-009582,2024-12-22,C01160,USB-C Hub,4,42.75
ORD-009583,2024-12-22,C00437,Bluetooth Speaker,1,110.00
ORD-009584,2024-12-22,C00703,Keyboard,1,80.00
ORD-009584,2024-12-22,C00703,USB-C Hub,1,45.00
ORD-009585,2024-12-22,C00064,Headphones,1,120.00
ORD-009586,2024-12-22,C01194,Bluetooth Speaker,5,110.00
ORD-009587,2024-12-22,C00881,Mouse,5,23.75
ORD-009588,2024-12-22,C00475,Mesh Wi-Fi Kit,1,304.00
ORD-009589,2024-12-22,C00387,Router,1,175.00
ORD-009589,2024-12-22,C00387,Tablet,4,432.00
ORD-009590,2024-12-22,C00872,  USB-C Hub ,3,45.00
ORD-009591,2024-12-22,C00957,Mesh Wi-Fi Kit,4,304.00
ORD-009591,2024-12-22,C00957,Keyboard,1,80.00
ORD-009592,2024-12-22,C00642,Headphones,1,150.00
ORD-009592,2024-12-22,C00642,Bluetooth Speaker,1,110.00
ORD-009593,2024-12-22,C00491,External SSD,2,140.00
ORD-009593,2024-12-22,C00491,Keyboard,1,80.00
ORD-009593,2024-12-22,C00491,Mouse,2,25.00
ORD-009594,2024-12-22,C00829,USB-C Hub,1,45.00
ORD-009595,2024-12-22,C00064,Microphone,1,130.00
ORD-009596,2024-12-22,C00574,Mesh Wi-Fi Kit,2,320.00
ORD-009596,2024-12-22,C00574,USB-C Hub,2,36.00
ORD-009597,2024-12-22,C00137,Keyboard,2,80.00
ORD-009598,2024-12-22,C01124,Webcam,4,95.00
ORD-009599,2024-12-22,C00493,Router,1,175.00
ORD-009600,2024-12-22,C01160,External SSD,2,126.00
ORD-009600,2024-12-22,C01160,Headphones,3,150.00
ORD-009601,2024-12-22,C00489,Desktop PC,1,950.00
ORD-009602,2024-12-22,C00013,Router,4,175.00
ORD-009602,2024-12-22,C00013,Webcam,1,95.00
ORD-009603,2024-12-22,C01469,Hard Drive,1,85.00
ORD-009604,2024-12-22,C01173,Desktop PC,1,950.00
ORD-009604,2024-12-22,C01173,Mouse,3,25.00
ORD-009604,2024-12-22,C01173,USB-C Hub,1,36.00
ORD-009605,2024-12-22,C01441,Router,1,166.25
ORD-009606,2024-12-22,C01441,External SSD,1,140.00
ORD-009607,2024-12-22,C00499,Mouse,1,22.50
ORD-009608,2024-12-22,C00829,USB-C Hub,1,45.00
ORD-009609,2024-12-22,C01357,Tablet,4,432.00
ORD-009610,2024-12-22,C00829,Mesh Wi-Fi Kit,1,320.00
ORD-009610,2024-12-22,C00829,Keyboard,3,76.00
ORD-009611,2024-12-22,C00752,Tablet,1,456.00
ORD-009612,2024-12-22,C00110,Bluetooth Speaker,1,99.00
ORD-009612,2024-12-22,C00110,Webcam,1,90.25
ORD-009613,2024-12-22,C00829,Headphones,2,142.50
ORD-009613,2024-12-22,C00829,USB-C Hub,1,42.75
ORD-009613,2024-12-22,C00829,Microphone,1,130.00
ORD-009614,2024-12-22,C00798,USB-C Hub,1,45.00
ORD-009614,2024-12-22,C00798,Mouse,1,25.00
ORD-009615,2024-12-22,C00829,Headphones,5,150.00
ORD-009615,2024-12-22,C00829,USB-C Hub,1,42.75
ORD-009616,2024-12-22,C00703,Desktop PC,1,902.50
ORD-009617,2024-12-22,C00458,Keyboard,2,80.00
ORD-009618,2024-12-22,C00414,Microphone,1,117.00
ORD-009619,2024-12-22,C00703,Desktop PC,3,950.00
ORD-009620,2024-12-22,C00554,Headphones,1,142.50
ORD-009621,2024-12-22,C00703,Mesh Wi-Fi Kit,3,256.00
ORD-009622,2024-12-22,C00137,Keyboard,1,80.00
ORD-009623,2024-12-22,C00703,Microphone,3,117.00
ORD-009623,2024-12-22,C00703,Monitor,3,300.00
ORD-009623,2024-12-22,C00703,Tablet,2,480.00
ORD-009624,2024-12-22,C00829,Mouse,1,25.00
ORD-009624,2024-12-22,C00829,USB-C Hub,2,45.00
ORD-009625,2024-12-23,C00130,Monitor,1,300.00
ORD-009626,2024-12-23,C00628,Keyboard,1,72.00
ORD-009627,2024-12-23,C00958,Ultrawide Monitor,1,558.00
ORD-009627,2024-12-23,C00958,Bluetooth Speaker,1,110.00
ORD-009627,2024-12-23,C00958,Laptop,1,960.00
ORD-009628,2024-12-23,C01342,Hard Drive,1,85.00
ORD-009628,2024-12-23,C01342,Keyboard,1,80.00
ORD-009629,2024-12-23,C01447,Hard Drive,2,85.00
ORD-009630,2024-12-23,C01160,Headphones,1,150.00
ORD-009631,2024-13-45,C00865,Microphone,1,123.50
ORD-009631,2024-12-23,C00865,Hard Drive,4,68.00
ORD-009632,2024-12-23,C00703,Mesh Wi-Fi Kit,1,320.00
ORD-009632,2024-12-23,C00703,Microphone,1,130.00
ORD-009632,2024-12-23,C00703,External SSD,1,133.00
ORD-009633,2024-12-23,C00658,Tablet,3,432.00
ORD-009634,2024-12-23,C00055,Headphones,1,150.00
ORD-009635,2024-12-23,,Microphone,2,130.00
ORD-009636,2024-12-23,C00829,Microphone,1,130.00
ORD-009636,2024-12-23,C00829,Keyboard,3,80.00
ORD-009637,2024-12-23,C01129,Mouse,1,25.00
ORD-009637,2024-12-23,C01129,External SSD,2,140.00
ORD-009638,2024-12-23,C00427,Mouse,1,25.00
ORD-009639,2024-12-23,C01068,Bluetooth Speaker,1,110.00
ORD-009640,2024-12-23,C00419,Hard Drive,3,85.00
ORD-009641,2024-12-23,C00513,Laptop,3,1200.00
ORD-009642,2024-12-23,C00829,Webcam,1,95.00
ORD-009642,2024-12-23,C00829,Mouse,1,25.00
ORD-009643,2024-12-23,C00881,Mouse,1,23.75
ORD-009644,2024-12-23,C00499,Mesh Wi-Fi Kit,1,320.00
ORD-009644,2024-12-23,C00499,Keyboard,1,80.00
ORD-009645,2024-12-23,C01176,Monitor,3,300.00
ORD-009645,2024-12-23,C01176,Hard Drive,1,85.00
ORD-009645,2024-12-23,C01176,Keyboard,1,80.00
ORD-009646,2024-12-23,C01289,Keyboard,1,64.00
ORD-009647,2024-12-23,C01284,USB-C Hub,4,40.50
ORD-009648,2024-12-23,C00339,Webcam,1,95.00
ORD-009648,2024-12-23,C00339,Ultrawide Monitor,4,620.00
ORD-009649,2024-12-23,C00432,Microphone,1,130.00
ORD-009650,2024-12-23,C00881,USB-C Hub,2,36.00
ORD-009651,2024-12-23,C00591,Hard Drive,4,85.00
ORD-009651,2024-12-23,C00591,Mouse,1,25.00
ORD-009651,2024-12-23,C00591,Router,1,175.00
ORD-009652,2024-12-23,C00064,Mouse,2,25.00
ORD-009652,2024-12-23,C00064,Desktop PC,1,950.00
ORD-009653,2024-12-23,C01124,Laptop,1,960.00
ORD-009654,2024-12-23,C01291,Mesh Wi-Fi Kit,2,320.00
ORD-009655,2024-12-23,C01434,Desktop PC,2,950.00
ORD-009656,2024-12-23,C00829,Mouse,1,25.00
ORD-009656,2024-12-23,C00829,Tablet,1,480.00
ORD-009657,2024-12-23,C00419,USB-C Hub,4,42.75
ORD-009658,2024-12-23,C00483,USB-C Hub,1,45.00
ORD-009658,2024-12-23,C00483,Hard Drive,2,85.00
ORD-009659,2024-12-23,C01128,Bluetooth Speaker,4,110.00
ORD-009660,not-a-date,C01432,Hard Drive,1,85.00
ORD-009660,2024-12-23,C01432,Mesh Wi-Fi Kit,1,320.00
ORD-009661,2024-12-24,C00206,Tablet,5,432.00
ORD-009661,2024-12-24,C00206,Hard Drive,3,85.00
ORD-009662,2024-12-24,C00514,Microphone,3,130.00
ORD-009663,2024-12-24,C01285,Webcam,2,85.50
ORD-009664,2024-12-24,,Webcam,3,85.50
ORD-009665,2024-12-24,C00829,Headphones,1,150.00
ORD-009666,2024-12-24,C01462,Webcam,2,95.00
ORD-009666,2024-12-24,C01462,Router,2,175.00
ORD-009666,2024-12-24,C01462,Mouse,1,25.00
ORD-009667,2024-12-24,C00975,Mouse,1,25.00
ORD-009668,2024-12-24,C00829,Webcam,1,95.00
ORD-009669,2024-12-24,C00093,Hard Drive,1,80.75
ORD-009670,2024-12-24,C00881,Mesh Wi-Fi Kit,1,304.00
ORD-009670,2024-12-24,C00881,Laptop,1,1200.00
ORD-009670,2024-12-24,,Headphones,1,150.00
ORD-009671,2024-12-24,C00348,Keyboard,1,72.00
ORD-009672,2024-12-24,C00780,Webcam,5,95.00
ORD-009673,2024-12-24,C00940,Hard Drive,1,85.00
ORD-009674,2024-12-24,C00707,USB-C Hub,1,45.00
ORD-009675,2024-12-24,C00912,External SSD,1,126.00
ORD-009676,2024-12-24,C00550,USB-C Hub,1,42.75
ORD-009677,2024-12-24,C00342,Bluetooth Speaker,1,110.00
ORD-009677,2024-12-24,C00342,Keyboard,1,80.00
ORD-009678,2024-12-24,C00212,Hard Drive,2,85.00
ORD-009679,2024-12-24,C00671,Mesh Wi-Fi Kit,1,320.00
ORD-009680,2024-12-24,C01160,External SSD,1,140.00
ORD-009681,2024-12-24,C01341,USB-C Hub,1,45.00
ORD-009682,2024-12-24,C01127,Router,1,175.00
ORD-009683,2024-12-24,C01491,USB-C Hub,1,45.00
ORD-009683,2024-12-24,C01491,Router,2,157.50
ORD-009684,2024-12-24,C00638,Microphone,-1,130.00
ORD-009684,2024-12-24,C00638,Mesh Wi-Fi Kit,1,304.00
ORD-009684,2024-12-24,C00638,Headphones,3,150.00
ORD-009685,2024-12-24,C00881,USB-C Hub,1,36.00
ORD-009686,2024-12-24,C01046,USB-C Hub,1,45.00
ORD-009686,2024-12-24,C01046,Bluetooth Speaker,1,99.00
ORD-009687,2024-12-24,C00703,Router,1,175.00
ORD-009688,2024-12-24,C00694,Keyboard,1,64.00
ORD-009689,2024-12-24,C00693,Bluetooth Speaker,2,110.00
ORD-009690,2024-12-24,C00761,Laptop,4,1200.00
ORD-009690,2024-12-24,C00761,Bluetooth Speaker,1,104.50
ORD-009691,2024-12-24,C00829,Mouse,2,25.00
ORD-009691,2024-12-24,C00829,Tablet,1,432.00
ORD-009691,2024-12-24,C00829,Webcam,1,76.00
ORD-009692,2024-12-24,C01349,Hard Drive,1,76.50
ORD-009693,2024-12-24,C00055,Webcam,2,76.00
ORD-009694,2024-12-24,C00881,Webcam,2,95.00
ORD-009694,2024-12-24,C00881,Bluetooth Speaker,2,110.00
ORD-009695,2024-12-24,C00317,Keyboard,2,80.00
ORD-009696,2024-12-24,C00703,Hard Drive,1,85.00
ORD-009697,2024-12-24,C00724,Laptop,1,1200.00
ORD-009698,2024-12-24,C00339,Hard Drive,1,85.00
ORD-009699,2024-12-24,C00829,USB-C Hub,3,45.00
ORD-009700,2024-12-25,C00234,Ultrawide Monitor,1,620.00
ORD-009701,2024-12-25,C00859,USB-C Hub,1,45.00
ORD-009701,2024-12-25,C00859,Mouse,1,22.50
ORD-009702,2024-12-25,C01245,Mouse,1,23.75
ORD-009702,2024-12-25,C01245,Hard Drive,1,85.00
ORD-009702,2024-12-25,C01245,Headphones,1,120.00
ORD-009703,2024-12-25,C00419,Microphone,2,130.00
ORD-009703,2024-12-25,C00419,Hard Drive,2,85.00
ORD-009704,2024-12-25,C00814,Desktop PC,2,950.00
ORD-009705,2024-12-25,C00022,Webcam,1,95.00
ORD-009705,2024-12-25,C00022,Tablet,1,480.00
ORD-009705,2024-12-25,C00022,Hard Drive,3,85.00
ORD-009706,2024-12-25,C00829,Headphones,3,135.00
ORD-009707,2024-12-25,C00276,Mouse,2,25.00
ORD-009707,2024-12-25,C00276,Webcam,2,95.00
ORD-009708,2024-12-25,C00346,Router,2,175.00
ORD-009709,2024-12-25,C00152,Tablet,1,456.00
ORD-009710,2024-12-25,C00829,Ultrawide Monitor,1,620.00
ORD-009711,2024-12-25,C01291,Mouse,1,25.00
ORD-009711,2024-12-25,C01291,Ultrawide Monitor,1,620.00
ORD-009712,2024-12-25,C00933,Microphone,2,130.00
ORD-009713,2024-12-25,C00210,Webcam,3,95.00
ORD-009713,2024-12-25,C00210,Keyboard,1,72.00
ORD-009714,2024-12-25,C00927,Monitor,1,300.00
ORD-009714,2024-12-25,C00927,USB-C Hub,4,45.00
ORD-009715,2024-12-25,C01004,Bluetooth Speaker,2,104.50
ORD-009715,2024-12-25,C01004,Webcam,1,95.00
ORD-009716,2024-12-25,C00189,Microphone,2,130.00
ORD-009716,2024-12-25,C00189,Webcam,2,95.00
ORD-009717,2024-12-25,C01016,Tablet,2,480.00
ORD-009717,2024-12-25,C01016,Bluetooth Speaker,2,110.00
ORD-009717,2024-12-25,C01016,External SSD,3,140.00
ORD-009718,2024-12-25,C01414,Bluetooth Speaker,1,104.50
ORD-009718,2024-12-25,C01414,Headphones,1,142.50
ORD-009718,2024-12-25,C01414,External SSD,2,140.00
ORD-009719,2024-12-25,C00829,Webcam,1,95.00
ORD-009720,2024-12-25,C00158,USB-C Hub,1,45.00
ORD-009720,2024-12-25,C00158,Bluetooth Speaker,1,110.00
ORD-009721,2024-12-25,C01324,External SSD,1,140.00
ORD-009721,2024-12-25,C01324,Microphone,1,123.50
ORD-009722,2024-12-25,C01410,USB-C Hub,1,45.00
ORD-009723,2024-12-25,C00127,Bluetooth Speaker,1,110.00
ORD-009724,2024-12-25,C00854,Desktop PC,4,950.00
ORD-009724,2024-12-25,C00854,USB-C Hub,2,45.00
ORD-009725,2024-12-25,C00703,USB-C Hub,2,45.00
ORD-009725,2024-12-25,C00703,Router,1,175.00
ORD-009726,2024-12-25,C00820,Tablet,1,480.00
ORD-009727,2024-12-25,C00871,Router,5,175.00
ORD-009728,2024-12-25,C00703,Bluetooth Speaker,1,110.00
ORD-009728,2024-12-25,C00703,Mouse,3,22.50
ORD-009729,2024-12-25,C00618,Mouse,1,25.00
ORD-009730,2024-12-25,C00881,Mouse,2,25.00
ORD-009730,2024-12-25,C00881,USB-C Hub,1,45.00
ORD-009731,2024-12-25,C00026,Bluetooth Speaker,1,110.00
ORD-009732,2024-12-25,C00855,Mouse,1,22.50
ORD-009733,2024-12-25,C01160,Bluetooth Speaker,1,110.00
ORD-009733,2024-12-25,C01160,Mouse,1,25.00
ORD-009733,2024-12-25,C01160,USB-C Hub,5,45.00
ORD-009734,2024-12-25,C00965,Hard Drive,1,68.00
ORD-009735,2024-12-25,C01289,Mouse,5,25.00
ORD-009735,2024-12-25,C01289,Laptop,4,1200.00
ORD-009736,2024-12-25,C00391,USB-C Hub,1,45.00
ORD-009737,2024-12-25,C00348,Keyboard,1,80.00
ORD-009738,2024-12-26,C00610,Bluetooth Speaker,2,99.00
ORD-009739,2024-12-26,C00703,External SSD,1,140.00
ORD-009740,2024-12-26,C01086,Mouse,1,25.00
ORD-009741,2024-12-26,C00577,Mouse,1,25.00
ORD-009741,2024-12-26,C00577,Monitor,1,240.00
ORD-009742,2024-12-26,C01448,Hard Drive,1,85.00
ORD-009742,2024-12-26,C01448,Webcam,4,95.00
ORD-009742,2024-12-26,C01448,USB-C Hub,3,45.00
ORD-009743,2024-12-26,C00240,Tablet,1,456.00
ORD-009744,2024-12-26,C01160,Monitor,3,300.00
ORD-009744,2024-12-26,C01160,Mouse,1,23.75
ORD-009745,2024-13-45,C01005,Webcam,3,95.00
ORD-009745,2024-12-26,C01005,Ultrawide Monitor,2,620.00
ORD-009745,2024-12-26,C01005,Mouse,1,20.00
ORD-009746,2024-12-26,C01160,Mouse,3,25.00
ORD-009746,2024-12-26,C01160,Monitor,1,240.00
ORD-009747,2024-12-26,C00829,External SSD,1,140.00
ORD-009748,2024-12-26,C01384,USB-C Hub,1,45.00
ORD-009749,2024-12-26,C01037,Headphones,3,150.00
ORD-009749,2024-12-26,C01037,Mouse,3,22.50
ORD-009749,2024-12-26,C01037,Hard Drive,4,80.75
ORD-009750,2024-12-26,C01300,Webcam,1,95.00
ORD-009750,2024-12-26,C01300,Mouse,1,25.00
ORD-009750,2024-12-26,C01300,Mesh Wi-Fi Kit,1,320.00
ORD-009751,2024-12-26,C00077,Webcam,-1,95.00
ORD-009751,2024-12-26,C00077,Mouse,1,25.00
ORD-009751,2024-12-26,C00077,Keyboard,1,64.00
ORD-009752,2024-12-26,C00199,Tablet,2,480.00
ORD-009752,2024-12-26,C00199,Mouse,1,25.00
ORD-009753,2024-12-26,C00816,USB-C Hub,5,45.00
ORD-009754,2024-12-26,C00959,External SSD,1,140.00
ORD-009755,2024-12-26,C00290,Keyboard,1,76.00
ORD-009756,2024-12-26,C00642,Mesh Wi-Fi Kit,2,320.00
ORD-009757,2024-12-26,C00757,Mouse,3,25.00
ORD-009758,2024-12-26,C01135,USB-C Hub,1,45.00
ORD-009759,2024-12-26,C00703,USB-C Hub,1,45.00
ORD-009760,2024-12-26,C00656,Headphones,2,150.00
ORD-009761,2024-12-26,C01172,USB-C Hub,1,42.75
ORD-009762,2024-12-26,C00829,Mouse,1,25.00
ORD-009763,2024-12-26,C00306,Hard Drive,1,85.00
ORD-009763,2024-12-26,C00306,External SSD,4,140.00
ORD-009764,2024-12-26,C01335,Bluetooth Speaker,1,110.00
ORD-009764,2024-12-26,C01335,USB-C Hub,1,45.00
ORD-009765,2024-12-26,C00829,Keyboard,2,72.00
ORD-009765,2024-12-26,C00829,Ultrawide Monitor,1,620.00
ORD-009765,2024-12-26,C00829,Microphone,1,130.00
ORD-009766,2024-12-26,C01124,Headphones,1,150.00
ORD-009766,2024-12-26,C01124,Hard Drive,5,85.00
ORD-009767,2024-12-26,C01289,Headphones,1,150.00
ORD-009767,2024-12-26,C01289,Router,1,175.00
ORD-009768,2024-12-26,C01013,Mesh Wi-Fi Kit,3,288.00
ORD-009769,2024-12-26,C00064,Router,1,166.25
ORD-009770,2024-12-26,C00829,Hard Drive,1,85.00
ORD-009771,2024-12-26,C00286,Router,1,166.25
ORD-009772,2024-12-26,C00064,Hard Drive,4,85.00
ORD-009772,2024-12-26,C00064,USB-C Hub,3,45.00
ORD-009773,2024-12-26,C00607,Hard Drive,1,76.50
ORD-009774,2024-12-26,C00903,Hard Drive,2,80.75
ORD-009774,2024-12-26,C00903,Bluetooth Speaker,1,110.00
ORD-009775,2024-12-26,C01300,Desktop PC,1,902.50
ORD-009775,2024-12-26,C01300,Microphone,2,104.00
ORD-009775,2024-12-26,C01300,Monitor,1,285.00
ORD-009776,2024-12-26,C00419,Keyboard,4,80.00
ORD-009777,2024-12-26,C00703,Hard Drive,1,85.00
ORD-009778,2024-12-26,C01160,Monitor,1,300.00
ORD-009779,2024-12-26,C01319,Tablet,-1,480.00
ORD-009779,2024-12-26,C01319,Hard Drive,1,85.00
ORD-009779,2024-12-26,C01319,Keyboard,1,80.00
ORD-009780,2024-12-27,C00599,USB-C Hub,1,45.00
ORD-009781,2024-12-27,C00034,Mouse,1,25.00
ORD-009782,2024-12-27,C01472,Microphone,1,130.00
ORD-009782,2024-12-27,C01472,Hard Drive,1,76.50
ORD-009783,2024-12-27,C00445,Mouse,1,23.75
ORD-009784,2024-12-27,C00808,Router,2,175.00
ORD-009784,2024-12-27,C00808,Webcam,1,95.00
ORD-009785,2024-12-27,C00064,Webcam,1,90.25
ORD-009786,2024-12-27,C00829,Webcam,4,95.00
ORD-009787,2024-12-27,C00829,Mouse,2,25.00
ORD-009787,2024-12-27,C00829,Tablet,3,480.00
ORD-009788,2024-12-27,C00396,USB-C Hub,2,45.00
ORD-009788,2024-12-27,C00396,Mouse,2,22.50
ORD-009789,2024-12-27,C00937,Microphone,1,130.00
ORD-009789,2024-12-27,C00937,Keyboard,1,64.00
ORD-009789,2024-12-27,C00937,External SSD,2,133.00
ORD-009790,2024-12-27,C01138,Microphone,2,104.00
ORD-009791,2024-12-27,C00572,USB-C Hub,1,40.50
ORD-009791,2024-12-27,C00572,Keyboard,2,80.00
ORD-009792,2024-12-27,C01488,Mouse,1,25.00
ORD-009792,2024-12-27,C01488,Microphone,1,130.00
ORD-009793,2024-12-27,C01481,Microphone,1,130.00
ORD-009794,2024-12-27,C00914,Mouse,1,25.00
ORD-009795,2024-12-27,C01307,USB-C Hub,2,45.00
ORD-009796,2024-12-27,C01160,Webcam,4,95.00
ORD-009797,2024-12-27,C00829,Microphone,1,123.50
ORD-009798,2024-12-27,C00703,Mouse,2,22.50
ORD-009799,2024-12-27,C01289,External SSD,1,140.00
ORD-009800,2024-12-27,C00752,Desktop PC,1,950.00
ORD-009801,2024-12-27,C00374,Hard Drive,1,85.00
ORD-009802,2024-12-27,C00895,Tablet,5,480.00
ORD-009803,2024-12-27,C00073,Laptop,5,1200.00
ORD-009803,2024-12-27,C00073,Hard Drive,5,76.50
ORD-009804,2024-12-27,C00141,Microphone,1,130.00
ORD-009805,2024-12-27,C00703,External SSD,1,133.00
ORD-009805,2024-12-27,C00703,Mouse,1,22.50
ORD-009806,2024-12-27,C01062,Webcam,5,95.00
ORD-009806,2024-12-27,C01062,Mouse,5,22.50
ORD-009806,2024-12-27,C01062,Tablet,1,480.00
ORD-009807,2024-12-27,C00484,Microphone,2,130.00
ORD-009807,2024-12-27,C00484,External SSD,1,140.00
ORD-009808,2024-12-27,C01160,Headphones,4,150.00
ORD-009808,2024-12-27,C01160,Laptop,3,1200.00
ORD-009809,2024-12-27,C00732,USB-C Hub,4,42.75
ORD-009810,2024-12-27,C00829,External SSD,1,140.00
ORD-009810,2024-12-27,C00829,Router,3,175.00
ORD-009810,2024-12-27,C00829,Ultrawide Monitor,1,620.00
ORD-009811,2024-12-27,C00880,Mouse,1,25.00
ORD-009811,2024-12-27,C00880,Laptop,2,1200.00
ORD-009812,2024-12-27,C00849,Monitor,2,300.00
ORD-009812,2024-12-27,C00849,Headphones,2,142.50
ORD-009813,2024-12-27,C00693,USB-C Hub,2,40.50
ORD-009814,2024-12-27,C00190,Tablet,2,480.00
ORD-009814,2024-12-27,C00190,Mouse,1,23.75
ORD-009815,2024-12-27,C00881,Headphones,1,150.00
ORD-009816,2024-12-27,C01379,External SSD,5,133.00
ORD-009817,2024-12-27,C00567,Mouse,2,25.00
ORD-009817,2024-12-27,C00567,USB-C Hub,1,45.00
ORD-009818,2024-12-27,C01444,USB-C Hub,2,36.00
ORD-009818,2024-12-27,C01444,Tablet,1,384.00
ORD-009819,2024-12-27,C00248,Microphone,1,130.00
ORD-009819,2024-12-27,C00248,Hard Drive,1,85.00
ORD-009820,2024-12-27,C01498,Mouse,1,25.00
ORD-009820,2024-12-27,C01498,Headphones,2,150.00
ORD-009821,2024-12-28,C00854,Ultrawide Monitor,1,620.00
ORD-009822,2024-12-28,C00369,Microphone,1,123.50
ORD-009822,2024-12-28,C00369,Keyboard,3,80.00
ORD-009823,2024-12-28,C00778,Laptop,1,1140.00
ORD-009824,2024-12-28,C00513,Monitor,1,300.00
ORD-009824,2024-12-28,C00513,Router,1,175.00
ORD-009825,2024-12-28,C00463,Mouse,1,20.00
ORD-009826,2024-12-28,C01379,Bluetooth Speaker,1,104.50
ORD-009827,2024-12-28,C01441,External SSD,1,140.00
ORD-009827,2024-12-28,C01441,Webcam,1,95.00
ORD-009828,2024-12-28,C01160,Keyboard,1,72.00
ORD-009829,2024-12-28,C01362,External SSD,1,140.00
ORD-009829,2024-12-28,C01362,USB-C Hub,1,40.50
ORD-009830,2024-12-28,C00829,Keyboard,1,72.00
ORD-009831,2024-12-28,C00676,Mesh Wi-Fi Kit,1,320.00
ORD-009832,2024-12-28,C01417,Router,1,175.00
ORD-009833,2024-12-28,C00829,Bluetooth Speaker,1,104.50
ORD-009834,2024-12-28,C00693,Headphones,2,150.00
ORD-009834,2024-12-28,C00693,Bluetooth Speaker,4,99.00
ORD-009834,2024-12-28,C00693,External SSD,1,140.00
ORD-009835,2024-12-28,C00009,Mouse,1,25.00
ORD-009836,2024-12-28,C01020,Monitor,1,300.00
ORD-009836,2024-12-28,C01020,Keyboard,3,80.00
ORD-009836,2024-12-28,C01020,Mesh Wi-Fi Kit,1,304.00
ORD-009837,2024-12-28,C00499,Hard Drive,1,85.00
ORD-009837,2024-12-28,C00499,Laptop,1,1080.00
ORD-009837,2024-12-28,C00499,USB-C Hub,1,45.00
ORD-009838,2024-12-28,C00445,Mouse,1,25.00
ORD-009839,2024-12-28,C01486,Bluetooth Speaker,1,110.00
ORD-009839,2024-12-28,C01486,Tablet,2,432.00
ORD-009839,2024-12-28,C01486,Microphone,4,130.00
ORD-009840,2024-12-28,C01110,Hard Drive,1,85.00
ORD-009840,2024-12-28,C01110,Laptop,1,1200.00
ORD-009840,2024-12-28,C01110,USB-C Hub,1,42.75
ORD-009841,2024-12-28,C00703,USB-C Hub,1,45.00
ORD-009841,2024-12-28,C00703,Mouse,1,25.00
ORD-009842,2024-12-28,C00419,Monitor,1,270.00
ORD-009843,2024-12-28,C01292,Headphones,1,150.00
ORD-009843,2024-12-28,C01292,Hard Drive,3,68.00
ORD-009843,2024-12-28,C01292,USB-C Hub,1,36.00
ORD-009844,2024-12-28,C00419,Hard Drive,2,85.00
ORD-009845,2024-12-28,C01315,Webcam,1,95.00
ORD-009845,2024-12-28,C01315,Headphones,1,150.00
ORD-009846,2024-12-28,C00290,Hard Drive,5,85.00
ORD-009847,2024-12-28,C01124,USB-C Hub,2,45.00
ORD-009847,2024-12-28,C01124,Headphones,1,150.00
ORD-009848,2024-12-28,C00920,Webcam,3,95.00
ORD-009848,2024-12-28,C00920,Mouse,3,20.00
ORD-009849,2024-12-28,C00997,External SSD,3,140.00
ORD-009849,2024-12-28,C00997,Mouse,1,22.50
ORD-009850,2024-12-28,C00472,Headphones,1,150.00
ORD-009850,2024-12-28,C00472,Microphone,1,130.00
ORD-009850,2024-12-28,C00472,Desktop PC,1,855.00
ORD-009851,2024-12-28,C01012,Mouse,2,22.50
ORD-009852,2024-12-28,C00833,Router,2,157.50
ORD-009853,2024-12-28,C00703,Desktop PC,1,950.00
ORD-009853,2024-12-28,C00703,Hard Drive,1,85.00
ORD-009853,2024-12-28,C00703,Mouse,1,25.00
ORD-009854,2024-12-28,C01441,Mouse,1,25.00
ORD-009855,2024-12-28,C00458,Bluetooth Speaker,1,110.00
ORD-009856,2024-12-28,C00110,Laptop,0,1200.00
ORD-009856,2024-12-28,C00110,Bluetooth Speaker,1,110.00
ORD-009857,2024-12-28,C01046,Mouse,1,25.00
ORD-009857,2024-12-28,C01046,USB-C Hub,5,45.00
ORD-009858,2024-12-28,C00780,USB-C Hub,1,42.75
ORD-009859,2024-12-28,C00703,Bluetooth Speaker,1,88.00
ORD-009860,2024-12-28,C00693,Webcam,2,95.00
ORD-009861,2024-12-28,C00829,Desktop PC,3,950.00
ORD-009862,2024-12-28,C01181,Hard Drive,2,68.00
ORD-009863,2024-12-28,C00703,Hard Drive,1,85.00
ORD-009864,2024-12-28,C00829,Hard Drive,3,80.75
ORD-009864,2024-12-28,C00829,External SSD,2,133.00
ORD-009864,2024-12-28,C00829,Mouse,3,25.00
ORD-009865,2024-12-28,C00808,Webcam,1,90.25
ORD-009866,2024-12-28,C00703,USB-C Hub,2,42.75
ORD-009866,2024-12-28,C00703,Webcam,1,95.00
ORD-009867,2024-12-28,C01359,Bluetooth Speaker,1,110.00
ORD-009868,2024-12-28,C00196,Monitor,3,240.00
ORD-009869,2024-12-28,C01409,Keyboard,1,80.00
ORD-009869,2024-12-28,C01409,External SSD,5,140.00
ORD-009869,2024-12-28,C01409,USB-C Hub,3,42.75
ORD-009870,2024-12-28,C00145,Mouse,1,23.75
ORD-009871,2024-12-28,C00908,USB-C Hub,5,45.00
ORD-009872,2024-12-28,C01160,USB-C Hub,2,42.75
ORD-009873,2024-12-28,C00703,USB-C Hub,5,42.75
ORD-009873,2024-12-28,C00703,Desktop PC,2,950.00
ORD-009874,2024-12-28,C00703,Router,1,140.00
ORD-009875,2024-12-28,C01085,USB-C Hub,1,42.75
ORD-009876,2024-12-28,C00577,Webcam,1,90.25
ORD-009876,2024-12-28,C00577,Tablet,2,480.00
ORD-009876,2024-12-28,C00577,USB-C Hub,1,45.00
ORD-009877,2024-12-29,C01187,Mesh Wi-Fi Kit,1,288.00
ORD-009877,2024-12-29,C01187,Headphones,3,142.50
ORD-009877,2024-12-29,C01187,Mouse,1,22.50
ORD-009878,2024-12-29,C01419,Desktop PC,5,902.50
ORD-009879,2024-12-29,C00302,Mesh Wi-Fi Kit,1,288.00
ORD-009880,2024-12-29,C01289,Mouse,1,25.00
ORD-009881,2024-12-29,C00922,USB-C Hub,3,42.75
ORD-009882,2024-12-29,C00076,Hard Drive,2,85.00
ORD-009882,2024-12-29,C00076,Microphone,1,123.50
ORD-009883,2024-12-29,C01342,Router,1,175.00
ORD-009884,2024-12-29,C01038,External SSD,1,140.00
ORD-009885,2024-12-29,C00348,Tablet,1,480.00
ORD-009886,2024-12-29,C00396,Bluetooth Speaker,1,104.50
ORD-009886,2024-12-29,C00396,USB-C Hub,1,45.00
ORD-009887,2024-12-29,C00435,Bluetooth Speaker,1,110.00
ORD-009887,2024-12-29,C00435,Headphones,2,150.00
ORD-009888,2024-12-29,C00693,Router,1,166.25
ORD-009889,2024-12-29,C00485,Microphone,1,130.00
ORD-009889,2024-12-29,C00485,Keyboard,1,80.00
ORD-009890,2024-12-29,C00454,Router,1,175.00
ORD-009891,2024-12-29,C00348,Laptop,1,1200.00
ORD-009892,2024-12-29,C00811,Router,3,175.00
ORD-009893,2024-12-29,C00776,Keyboard,2,80.00
ORD-009894,2024-12-29,C01124,Mesh Wi-Fi Kit,1,288.00
ORD-009895,2024-12-29,C00564,Mesh Wi-Fi Kit,3,288.00
ORD-009895,2024-12-29,C00564,Webcam,1,95.00
ORD-009895,2024-12-29,C00564,Hard Drive,2,85.00
ORD-009896,2024-12-29,C00445,USB-C Hub,4,42.75
ORD-009896,2024-12-29,C00445,Headphones,2,150.00
ORD-009897,2024-12-29,C00829,Bluetooth Speaker,3,110.00
ORD-009898,2024-12-29,C00703,Mouse,1,25.00
ORD-009898,2024-12-29,C00703,USB-C Hub,1,45.00
ORD-009899,2024-12-29,C00571,Mesh Wi-Fi Kit,1,320.00
ORD-009899,2024-12-29,C00571,Mouse,4,23.75
ORD-009899,2024-12-29,C00571,External SSD,1,140.00
ORD-009900,2024-12-29,C01412,Keyboard,2,80.00
ORD-009900,2024-12-29,C01412,Laptop,2,1200.00
ORD-009901,2024-12-29,C00323,Mouse,1,22.50
ORD-009902,2024-12-29,C00496,Laptop,1,1200.00
ORD-009902,2024-12-29,C00496,Microphone,4,130.00
ORD-009903,2024-12-29,C00339,Bluetooth Speaker,1,99.00
ORD-009904,2024-12-29,C00757,Mouse,1,25.00
ORD-009905,2024-12-29,C01108,External SSD,1,140.00
ORD-009906,2024-12-29,C00762,Ultrawide Monitor,2,496.00
ORD-009907,2024-12-29,C01316,Hard Drive,3,85.00
ORD-009908,2024-12-29,C01356,Bluetooth Speaker,2,110.00
ORD-009909,2024-12-29,C01302,USB-C Hub,2,45.00
ORD-009910,2024-12-29,C00236,Mouse,1,25.00
ORD-009910,2024-12-29,C00236,Keyboard,3,76.00
ORD-009910,2024-12-29,C00236,Router,1,166.25
ORD-009911,2024-12-29,C00693,Headphones,1,150.00
ORD-009912,2024-12-29,C00703,Mouse,4,25.00
ORD-009912,2024-12-29,C00703,Webcam,2,95.00
ORD-009913,2024-12-29,C00943,Monitor,2,270.00
ORD-009913,2024-12-29,C00943,Router,1,175.00
ORD-009913,2024-12-29,C00943,External SSD,1,140.00
ORD-009914,2024-12-29,C01407,Monitor,1,300.00
ORD-009914,2024-12-29,C01407,Webcam,5,85.50
ORD-009915,2024-12-29,C00703,Keyboard,1,80.00
ORD-009915,2024-12-29,C00703,External SSD,1,140.00
ORD-009916,2024-12-29,C00236,USB-C Hub,1,45.00
ORD-009917,2024-12-29,C00346,Webcam,2,95.00
ORD-009918,2024-12-29,C00419,Mouse,1,25.00
ORD-009919,2024-12-29,C01160,Headphones,1,150.00
ORD-009920,2024-12-29,C00331,Headphones,1,150.00
ORD-009921,2024-12-29,C00396,Monitor,3,300.00
ORD-009922,2024-12-29,C00881,Mouse,4,25.00
ORD-009923,2024-12-30,C00347,USB-C Hub,5,45.00
ORD-009924,2024-12-30,C00829,Bluetooth Speaker,3,110.00
ORD-009925,2024-12-30,C00703,Keyboard,1,76.00
ORD-009925,2024-12-30,C00703,Headphones,2,150.00
ORD-009926,2024-12-30,C00871,Desktop PC,1,950.00
ORD-009927,2024-12-30,C00829,Mouse,3,25.00
ORD-009928,2024-12-30,C00610,Hard Drive,2,85.00
ORD-009928,2024-12-30,C00610,Microphone,1,123.50
ORD-009929,2024-12-30,C01289,Microphone,1,130.00
ORD-009929,2024-12-30,C01289,USB-C Hub,3,42.75
ORD-009930,2024-12-30,C00591,Microphone,1,130.00
ORD-009930,2024-12-30,C00591,Keyboard,1,80.00
ORD-009931,2024-12-30,C00581,Mouse,3,23.75
ORD-009932,2024-12-30,C01160,Bluetooth Speaker,1,99.00
ORD-009933,2024-12-30,C00110,Mouse,2,20.00
ORD-009934,2024-12-30,C00703,Mesh Wi-Fi Kit,1,304.00
ORD-009935,2024-12-30,C00720,Mesh Wi-Fi Kit,1,320.00
ORD-009936,2024-12-30,C00560,USB-C Hub,2,45.00
ORD-009937,2024-12-30,C00419,Hard Drive,1,N/A
ORD-009937,2024-12-30,C00419,Webcam,3,90.25
ORD-009937,2024-12-30,C00419,Mouse,3,25.00
ORD-009938,2024-12-30,C01410,Mouse,1,23.75
ORD-009939,2024-12-30,C01370,Mouse,1,25.00
ORD-009940,2024-12-30,C00764,Bluetooth Speaker,1,110.00
ORD-009941,2024-12-30,C00881,Hard Drive,1,85.00
ORD-009941,2024-12-30,C00881,Mouse,4,25.00
ORD-009941,2024-12-30,C00881,USB-C Hub,3,42.75
ORD-009942,2024-12-30,C00524,External SSD,2,140.00
ORD-009942,2024-12-30,C00524,Ultrawide Monitor,1,620.00
ORD-009943,2024-12-30,C01483,Mouse,2,25.00
ORD-009944,2024-12-30,C00888,Bluetooth Speaker,1,110.00
ORD-009944,2024-12-30,C00888,Router,1,166.25
ORD-009945,2024-12-30,C00881,Ultrawide Monitor,2,620.00
ORD-009946,2024-12-30,C01387,Webcam,1,85.50
ORD-009947,2024-12-30,C00154,Monitor,1,300.00
ORD-009948,2024-12-30,C00362,Mouse,1,25.00
ORD-009949,2024-12-30,C00860,Microphone,2,130.00
ORD-009949,2024-12-30,C00860,USB-C Hub,1,45.00
ORD-009950,2024-12-30,C00776,USB-C Hub,1,45.00
ORD-009950,2024-12-30,C00776,Mouse,1,22.50
ORD-009951,2024-12-30,C01310,Webcam,1,95.00
ORD-009951,2024-12-30,C01310,Mouse,1,25.00
ORD-009951,2024-12-30,C01310,Microphone,1,130.00
ORD-009952,2024-12-30,C00177,Webcam,1,95.00
ORD-009952,2024-12-30,C00177,Microphone,1,130.00
ORD-009953,2024-12-30,C00703,Monitor,2,300.00
ORD-009953,2024-12-30,C00703,Hard Drive,2,85.00
ORD-009954,2024-12-30,C01384,External SSD,2,140.00
ORD-009954,2024-12-30,C01384,Webcam,1,95.00
ORD-009954,2024-12-30,C01384,Keyboard,1,80.00
ORD-009955,2024-12-30,C00829,Webcam,2,95.00
ORD-009955,2024-12-30,C00829,Hard Drive,1,85.00
ORD-009956,2024-12-31,C01324,External SSD,3,140.00
ORD-009957,2024-12-31,C00703,USB-C Hub,1,36.00
ORD-009958,2024-12-31,C01289,External SSD,1,140.00
ORD-009958,2024-12-31,C01289,Hard Drive,3,85.00
ORD-009959,2024-12-31,C00529,Desktop PC,1,950.00
ORD-009959,2024-12-31,C00529,Headphones,1,150.00
ORD-009959,2024-12-31,C00529,Bluetooth Speaker,1,110.00
ORD-009960,2024-12-31,C01176,Webcam,2,85.50
ORD-009961,2024-12-31,C00348,Mouse,1,25.00
ORD-009961,2024-12-31,C00348,USB-C Hub,2,45.00
ORD-009962,2024-12-31,C00881,Mouse,1,25.00
ORD-009962,2024-12-31,C00881,Keyboard,1,80.00
ORD-009963,2024-12-31,C01436,Hard Drive,2,85.00
ORD-009964,2024-12-31,C00565,Tablet,1,480.00
ORD-009964,2024-12-31,C00565,Mouse,1,25.00
ORD-009964,2024-12-31,C00565,Mesh Wi-Fi Kit,1,320.00
ORD-009965,2024-12-31,C00488,Headphones,2,150.00
ORD-009966,2024-12-31,C00339,Hard Drive,1,76.50
ORD-009966,2024-12-31,C00339,Mesh Wi-Fi Kit,1,256.00
ORD-009967,2024-12-31,C00064,Mouse,5,25.00
ORD-009968,2024-12-31,C01085,Keyboard,1,80.00
ORD-009968,2024-12-31,C01085,Microphone,3,130.00
ORD-009969,2024-12-31,C00413,USB-C Hub,2,45.00
ORD-009969,2024-12-31,C00413,Tablet,-1,384.00
ORD-009970,2024-12-31,C00192,Mouse,1,25.00
ORD-009971,2024-12-31,C00600,Keyboard,2,80.00
ORD-009971,2024-12-31,C00600,Webcam,4,95.00
ORD-009971,2024-12-31,C00600,Headphones,2,150.00
ORD-009972,2024-12-31,C00809,Mouse,1,25.00
ORD-009973,2024-12-31,C00622,USB-C Hub,5,45.00
ORD-009974,2024-12-31,C01289,Mesh Wi-Fi Kit,1,320.00
ORD-009974,2024-12-31,C01289,Mouse,2,25.00
ORD-009975,2024-12-31,C00908,Keyboard,1,80.00
ORD-009976,2024-12-31,C00626,Bluetooth Speaker,1,104.50
ORD-009976,2024-12-31,C00626,Mouse,2,25.00
ORD-009977,2024-12-31,C01160,Keyboard,1,76.00
ORD-009977,2024-12-31,C01160,Webcam,1,85.50
ORD-009978,2024-12-31,C00360,USB-C Hub,3,45.00
ORD-009978,2024-12-31,C00360,Headphones,2,120.00
ORD-009979,2024-12-31,C00829,Bluetooth Speaker,2,104.50
ORD-009980,2024-12-31,C00015,Keyboard,4,76.00
ORD-009980,2024-12-31,C00015,USB-C Hub,1,45.00
ORD-009981,2024-12-31,C00134,Keyboard,2,80.00
ORD-009981,2024-12-31,C00134,Ultrawide Monitor,1,620.00
ORD-009982,2024-12-31,C00335,Ultrawide Monitor,1,558.00
ORD-009982,2024-12-31,C00335,Keyboard,2,80.00
ORD-009983,2024-12-31,C00400,Laptop,1,1200.00
ORD-009984,2024-12-31,C01191,Mesh Wi-Fi Kit,1,320.00
ORD-009985,2024-12-31,C00286,Mouse,1,25.00
ORD-009985,2024-12-31,C00286,Desktop PC,1,950.00
ORD-009986,2024-12-31,C00159,Keyboard,1,76.00
ORD-009986,2024-13-45,C00159,Laptop,1,1140.00
ORD-009986,2024-12-31,C00159,Headphones,2,150.00
ORD-009987,2024-12-31,C01160,Headphones,1,142.50
ORD-009988,2024-12-31,C00302,Webcam,3,95.00
ORD-009989,2024-12-31,C00137,External SSD,1,140.00
ORD-009989,2024-12-31,C00137,Webcam,1,95.00
ORD-009990,2024-12-31,C00122,Tablet,1,480.00
ORD-009990,2024-12-31,C00122,Mouse,2,25.00
ORD-009991,2024-12-31,C01347,Bluetooth Speaker,3,110.00
ORD-009992,2024-12-31,C00595,Mesh Wi-Fi Kit,1,304.00
ORD-009993,2024-12-31,C00703,Bluetooth Speaker,1,110.00
ORD-009994,2024-12-31,C00458,Mouse,2,25.00
ORD-009994,2024-12-31,C00458,Webcam,1,95.00
ORD-009995,2024-12-31,C01176,Headphones,5,135.00
ORD-009996,2024-12-31,C00376,Mouse,1,25.00
ORD-009997,2024-12-31,C01017,External SSD,4,140.00
ORD-009997,2024-12-31,C01017,Laptop,5,1200.00
ORD-009998,2024-12-31,C00601,Webcam,1,85.50
ORD-009999,2024-12-31,C00703,Mouse,1,22.50
ORD-009999,2024-12-31,C00703,Webcam,1,95.00
ORD-010000,2024-12-31,C01413,Mesh Wi-Fi Kit,1,304.00
ORD-010000,2024-12-31,C01413,External SSD,1,140.00
ORD-001339,2024-03-01,C00109,Webcam,1,95.00
ORD-007971,2024-11-11,C01379,USB-C Hub,1,45.00
ORD-003279,2024-05-16,C00881,Hard Drive,3,85.00
ORD-008297,2024-11-20,C01387,Router,1,175.00
ORD-005576,2024-08-22,C00419,Bluetooth Speaker,1,104.50
ORD-002776,2024-04-26,C00064,Router,2,175.00
ORD-009582,2024-12-22,C01160,USB-C Hub,4,42.75
ORD-000083,2024-01-04,C01035,Mouse,1,25.00
ORD-008424,2024-11-23,C00458,USB-C Hub,1,45.00
ORD-004175,2024-06-23,C01189,Mouse,1,25.00
ORD-005785,2024-08-30,C00419,USB-C Hub,1,42.75
ORD-003201,2024-05-13,C00761,Mouse,1,25.00
ORD-000775,2024-02-02,C00880,Monitor,1,240.00
ORD-004436,2024-07-04,C00829,Bluetooth Speaker,1,99.00
ORD-005248,2024-08-09,C00703,Monitor,1,300.00
ORD-005413,2024-08-16,C01124,Monitor,1,300.00
ORD-005714,2024-08-27,C01409,Hard Drive,-1,85.00
ORD-008869,2024-12-05,C00875,Mouse,1,25.00
ORD-006092,2024-09-10,C00295,Mouse,1,23.75
ORD-001517,2024-03-08,C01289,Webcam,1,85.50
ORD-001325,2024-02-29,C01205,USB-C Hub,1,45.00
ORD-004365,2024-06-30,C00197,Bluetooth Speaker,1,110.00
ORD-000262,2024-01-12,C00523,Keyboard,1,80.00
ORD-000689,2024-01-29,C00432,Router,2,140.00
ORD-006050,2024-09-08,C00997,External SSD,1,140.00
ORD-002268,2024-04-06,C00595,Microphone,1,117.00
ORD-004649,2024-07-14,C01160,Mesh Wi-Fi Kit,1,320.00
ORD-000161,2024-01-08,C00832,Bluetooth Speaker,1,110.00
ORD-009049,2024-12-09,C00174,Mouse,1,25.00
ORD-002839,2024-04-28,C00881,Webcam,2,95.00
ORD-008901,2024-12-05,C00610,Webcam,1,95.00
ORD-004118,2024-06-21,C01289,Laptop,1,1200.00
ORD-006747,2024-10-04,C00375,Ultrawide Monitor,1,558.00
ORD-007499,2024-10-29,C00703,USB-C Hub,2,45.00
ORD-008871,2024-12-05,C00419,Monitor,1,270.00
ORD-003358,2024-05-19,C00008,Mouse,1,20.00
ORD-005081,2024-08-03,C00335,USB-C Hub,2,45.00
ORD-006186,2024-09-13,C00343,Mouse,2,25.00
ORD-000292,2024-01-13,C00248,Tablet,1,480.00
ORD-004937,2024-07-28,C00989,Mouse,1,25.00
ORD-009426,2024-12-18,C00531,Ultrawide Monitor,5,589.00
ORD-000571,2024-01-25,C01082,Tablet,1,480.00
ORD-002875,2024-04-30,C01351,Mouse,4,25.00
ORD-006489,2024-09-25,C00448,Keyboard,3,80.00
ORD-005505,2024-08-19,C01289,USB-C Hub,1,45.00
ORD-006670,2024-09-30,C00703,Router,1,157.50
ORD-000536,2024-01-23,C00829,Microphone,3,130.00
ORD-006497,2024-09-25,C01026,Webcam,1,95.00
ORD-005794,2024-08-30,C01119,Webcam,1,85.50
ORD-000746,2024-02-01,C00999,Keyboard,2,80.00
ORD-008711,2024-12-01,C01249,Router,4,175.00
ORD-003667,2024-05-31,C00179,Bluetooth Speaker,3,110.00
ORD-001215,2024-02-24,C01289,Headphones,2,150.00
ORD-000893,2024-02-09,C01372,Microphone,1,130.00
ORD-005558,2024-08-21,C01430,External SSD,4,140.00
ORD-005687,2024-08-25,C00568,USB-C Hub,2,45.00
ORD-007339,2024-10-23,C00067,Mouse,1,25.00
ORD-007696,2024-11-04,C01206,Hard Drive,2,80.75
ORD-005427,2024-08-16,C00514,External SSD,1,133.00
ORD-005624,2024-08-24,C00388,Desktop PC,1,950.00
ORD-002939,2024-05-03,C00929,Mesh Wi-Fi Kit,1,288.00
ORD-007708,2024-11-04,C00419,Keyboard,5,80.00
ORD-000330,2024-01-15,C00680,Bluetooth Speaker,1,110.00
ORD-001927,2024-03-23,C01124,Mouse,1,25.00
ORD-007996,2024-11-12,C00600,Mouse,1,22.50
ORD-004393,2024-07-01,C01160,Microphone,1,130.00
ORD-004829,2024-07-23,C01289,External SSD,1,140.00
ORD-000329,2024-01-14,C01395,Keyboard,5,80.00
ORD-007667,2024-11-03,C01120,Microphone,1,130.00
ORD-005877,2024-09-02,C00025,Mouse,3,20.00
ORD-003015,2024-05-05,C01050,Mouse,1,22.50
ORD-007863,2024-11-09,C00600,USB-C Hub,1,45.00
ORD-008396,2024-11-23,C00380,Keyboard,3,80.00
ORD-006814,2024-10-06,C01436,USB-C Hub,1,36.00
ORD-008512,2024-11-26,C00065,Headphones,4,150.00
ORD-001634,2024-03-12,C00881,Hard Drive,2,85.00
ORD-006026,2024-09-07,C00458,USB-C Hub,1,45.00
ORD-005689,2024-08-26,C01118,External SSD,4,140.00
ORD-000361,2024-01-16,C00829,USB-C Hub,2,45.00
ORD-008028,2024-11-13,C00137,External SSD,2,140.00
ORD-002248,2024-04-06,C00725,USB-C Hub,1,45.00
ORD-009604,2024-12-22,C01173,Mouse,3,25.00
ORD-008130,2024-11-16,C01160,USB-C Hub,1,45.00
ORD-009793,2024-12-27,C01481,Microphone,1,130.00
ORD-009426,2024-12-18,C00531,USB-C Hub,1,45.00
ORD-005262,2024-08-10,C00703,Keyboard,5,80.00
ORD-005606,2024-08-23,C00735,Keyboard,1,80.00
ORD-000098,2024-01-05,C00703,USB-C Hub,1,45.00
ORD-007534,2024-10-30,C00703,Mesh Wi-Fi Kit,1,320.00
ORD-002247,2024-04-06,C00379,External SSD,1,140.00
ORD-005936,2024-09-05,C00876,USB-C Hub,1,42.75
ORD-006097,2024-09-10,C00175,USB-C Hub,1,45.00
ORD-001698,2024-03-15,C01106,Webcam,2,95.00
ORD-006702,2024-10-02,C00154,Headphones,4,150.00
ORD-008573,2024-11-28,C00172,Keyboard,3,80.00
ORD-008619,2024-11-29,C01160,Ultrawide Monitor,2,589.00
ORD-004996,2024-07-31,C00752,Keyboard,4,80.00
ORD-008647,2024-11-29,C00159,Microphone,2,130.00
ORD-004029,2024-06-16,C01041,Hard Drive,1,85.00
ORD-005412,2024-08-16,C00348,Hard Drive,1,80.75
ORD-008425,2024-11-23,C00565,Headphones,3,150.00
ORD-001154,2024-02-21,C00703,Bluetooth Speaker,2,110.00
ORD-004898,2024-07-27,C01080,Mouse,1,25.00
ORD-006256,2024-09-15,C00156,External SSD,2,140.00
ORD-000877,2024-02-08,C01425,Microphone,1,117.00
ORD-005788,2024-08-30,C01247,Ultrawide Monitor,1,620.00
ORD-000015,2024-01-01,C00405,Mouse,1,25.00
ORD-005507,2024-08-19,C00652,Microphone,2,130.00
ORD-007980,2024-11-11,C01160,Tablet,1,480.00
ORD-000381,2024-01-17,C00892,Microphone,1,130.00
ORD-005986,2024-09-06,C00290,Hard Drive,1,80.75
ORD-002597,2024-04-19,C00703,Router,1,157.50
ORD-006710,2024-10-02,C00524,Mesh Wi-Fi Kit,1,320.00
ORD-003662,2024-05-31,C00764,Bluetooth Speaker,1,110.00
ORD-001041,2024-02-16,C01160,Mouse,1,23.75
ORD-002797,not-a-date,C00112,Bluetooth Speaker,1,110.00
ORD-002612,2024-04-20,C00860,Monitor,1,270.00
ORD-001688,2024-03-14,C00419,Mouse,1,22.50
ORD-006893,2024-10-09,C00962,Router,1,175.00
ORD-000043,2024-01-02,C00249,Headphones,1,150.00
ORD-002190,2024-04-04,C00595,Keyboard,3,80.00
ORD-004774,2024-07-20,C00703,External SSD,1,140.00
ORD-002790,2024-04-27,C00881,Mouse,5,25.00
ORD-003308,2024-05-17,C00829,Router,2,175.00
ORD-009614,2024-12-22,C00798,USB-C Hub,1,45.00
ORD-008052,2024-11-14,C01124,Keyboard,1,80.00
ORD-006715,2024-10-02,C00294,Keyboard,2,80.00
ORD-002477,2024-04-14,C00910,USB-C Hub,3,45.00
ORD-008278,2024-11-20,C01370,Ultrawide Monitor,1,620.00
ORD-008114,2024-11-15,C01110,Keyboard,1,80.00
ORD-001691,2024-03-15,C01205,Mouse,1,25.00
ORD-003334,2024-05-18,C00807,Desktop PC,1,950.00
ORD-002709,2024-04-23,C00829,Hard Drive,2,85.00
ORD-000319,2024-01-14,C00871,Monitor,1,285.00
ORD-004088,2024-06-19,C00048,Bluetooth Speaker,5,99.00
ORD-004724,2024-07-18,C00064,USB-C Hub,1,40.50
ORD-001415,2024-03-03,C00361,Headphones,1,150.00
ORD-004271,2024-06-27,C01028,External SSD,3,133.00
ORD-001476,2024-03-06,C00703,Keyboard,2,76.00
ORD-000113,2024-01-06,C00200,Keyboard,1,80.00
ORD-005524,2024-08-20,C00694,USB-C Hub,1,45.00
ORD-005364,2024-08-13,C00703,Mouse,1,25.00
ORD-009954,2024-12-30,C01384,External SSD,2,140.00
ORD-004419,2024-07-03,C00236,Hard Drive,2,85.00
ORD-003427,2024-05-22,C00975,External SSD,5,140.00
ORD-007481,2024-10-29,C00703,Laptop,1,1200.00
ORD-007957,2024-11-11,C00784,External SSD,3,133.00
ORD-004200,2024-06-24,C00829,Monitor,1,285.00
ORD-009225,2024-12-13,C00419,External SSD,2,140.00
ORD-003118,2024-05-10,C00348,Webcam,1,95.00
ORD-007469,2024-10-28,C00348,Keyboard,1,72.00
